mtllib us_aim_120a_default.mtl
o us_aim_120a_missile#@root_0
v -0.003830 -0.080730 -1.809060
v -0.000000 -0.079970 -1.818890
v -0.000000 -0.079970 -1.809060
v 0.003830 -0.080730 -1.809060
v -0.003830 -0.080730 -1.818890
v 0.003830 -0.080730 -1.818890
v -0.007070 -0.082900 -1.809060
v 0.007070 -0.082900 -1.809060
v -0.007070 -0.082900 -1.818890
v 0.007070 -0.082900 -1.818890
v -0.009240 -0.086150 -1.809060
v 0.009240 -0.086150 -1.809060
v -0.009240 -0.086150 -1.818890
v 0.009240 -0.086150 -1.818890
v -0.010000 -0.089970 -1.809060
v 0.010000 -0.089970 -1.809060
v -0.010000 -0.089970 -1.818890
v 0.010000 -0.089970 -1.818890
v -0.009240 -0.093800 -1.809060
v 0.009240 -0.093800 -1.809060
v -0.009240 -0.093800 -1.818890
v 0.009240 -0.093800 -1.818890
v -0.007070 -0.097040 -1.809060
v 0.007070 -0.097040 -1.809060
v -0.007070 -0.097040 -1.818890
v 0.007070 -0.097040 -1.818890
v -0.003830 -0.099210 -1.809060
v 0.003830 -0.099210 -1.809060
v -0.003830 -0.099210 -1.818890
v -0.000000 -0.099970 -1.809060
v -0.000000 -0.099970 -1.818890
v 0.003830 -0.099210 -1.818890
v -0.000000 -0.099970 -1.809060
v -0.000000 -0.099970 -1.818890
v -0.010000 -0.089970 -1.818890
v -0.007070 -0.082900 -1.818890
v -0.009240 -0.086150 -1.818890
v -0.007070 -0.097040 -1.818890
v -0.009240 -0.093800 -1.818890
v -0.003830 -0.080730 -1.818890
v -0.000000 -0.099970 -1.818890
v -0.003830 -0.099210 -1.818890
v -0.000000 -0.079970 -1.818890
v 0.003830 -0.080730 -1.818890
v 0.007070 -0.097040 -1.818890
v 0.003830 -0.099210 -1.818890
v 0.007070 -0.082900 -1.818890
v 0.010000 -0.089970 -1.818890
v 0.009240 -0.086150 -1.818890
v 0.009240 -0.093800 -1.818890
v 0.000000 -0.089000 1.359660
v 0.017370 -0.087290 1.310680
v 0.000000 -0.089000 1.310680
v 0.000000 -0.089000 0.888920
v 0.017370 -0.087290 0.888920
v 0.017370 -0.087290 1.359660
v 0.000000 -0.087890 1.411050
v 0.034060 -0.082220 1.310680
v 0.034060 -0.082220 0.888920
v 0.017150 -0.086190 1.411050
v 0.000000 -0.085830 1.462430
v 0.034060 -0.082220 1.359660
v 0.049440 -0.074000 1.310680
v 0.049440 -0.074000 0.888920
v 0.016750 -0.084180 1.462430
v 0.000000 -0.083240 1.510860
v 0.033630 -0.081190 1.411050
v 0.049440 -0.074000 1.359660
v 0.062930 -0.062930 1.310680
v 0.062930 -0.062930 0.888920
v 0.016240 -0.081640 1.510860
v 0.000000 -0.079680 1.558110
v 0.032850 -0.079300 1.462430
v 0.048820 -0.073070 1.411050
v 0.062930 -0.062930 1.359660
v 0.074000 -0.049440 1.310680
v 0.074000 -0.049440 0.888920
v 0.082220 -0.034060 1.310680
v 0.082220 -0.034060 0.888920
v 0.074000 -0.049440 1.359660
v 0.062150 -0.062150 1.411050
v 0.087290 -0.017360 1.310680
v 0.047680 -0.071370 1.462430
v 0.087290 -0.017360 0.888920
v 0.082220 -0.034060 1.359660
v 0.073070 -0.048830 1.411050
v 0.089000 0.000000 1.310680
v 0.060690 -0.060690 1.462430
v 0.089000 0.000000 0.888920
v 0.087290 -0.017360 1.359660
v 0.081200 -0.033630 1.411050
v 0.087290 0.017360 1.310680
v 0.071370 -0.047680 1.462430
v 0.087290 0.017370 0.888920
v 0.089000 0.000000 1.359660
v 0.086190 -0.017150 1.411050
v 0.082220 0.034060 1.310680
v 0.079300 -0.032850 1.462430
v 0.082220 0.034060 0.888920
v 0.087290 0.017360 1.359660
v 0.087890 0.000000 1.411050
v 0.074000 0.049440 1.310680
v 0.084180 -0.016750 1.462430
v 0.074000 0.049440 0.888920
v 0.085830 0.000000 1.462430
v 0.082220 0.034060 1.359660
v 0.086190 0.017150 1.411050
v 0.085830 0.000000 1.462430
v 0.081640 -0.016240 1.510860
v 0.083240 0.000000 1.510860
v 0.076900 -0.031860 1.510860
v 0.078150 -0.015540 1.558110
v 0.079680 0.000000 1.558110
v 0.073620 -0.030500 1.558110
v 0.069210 -0.046240 1.510860
v 0.066250 -0.044270 1.558110
v 0.073100 -0.014540 1.603130
v 0.074530 0.000000 1.603130
v 0.068850 -0.028520 1.603130
v 0.061970 -0.041410 1.603130
v 0.065580 -0.013050 1.647810
v 0.066860 0.000000 1.647810
v 0.061770 -0.025590 1.647810
v 0.055600 -0.037150 1.647810
v 0.055840 -0.011110 1.689200
v 0.056940 0.000000 1.689200
v 0.052600 -0.021790 1.689200
v 0.047350 -0.031630 1.689200
v 0.044660 -0.008880 1.727010
v 0.045540 0.000000 1.727010
v 0.042070 -0.017420 1.727010
v 0.037860 -0.025300 1.727010
v 0.034170 -0.006800 1.758510
v 0.034840 0.000000 1.758510
v 0.032190 -0.013330 1.758510
v 0.028970 -0.019360 1.758510
v 0.024560 -0.004890 1.784430
v 0.025050 0.000000 1.784430
v 0.023140 -0.009580 1.784430
v 0.020820 -0.013910 1.784430
v 0.017040 -0.003390 1.804260
v 0.017380 0.000000 1.804260
v 0.010720 0.000000 1.819950
v 0.016050 -0.006650 1.804260
v 0.009900 -0.004100 1.819950
v 0.005300 -0.002200 1.831790
v 0.005740 0.000000 1.831790
v 0.004060 -0.004060 1.831790
v 0.014450 -0.009650 1.804260
v 0.007580 -0.007580 1.819950
v 0.002190 -0.005310 1.831790
v 0.012290 -0.012290 1.804260
v 0.017710 -0.017710 1.784430
v 0.004100 -0.009900 1.819950
v 0.000000 -0.005740 1.831790
v 0.009650 -0.014450 1.804260
v 0.000000 -0.010720 1.819950
v 0.024640 -0.024630 1.758510
v 0.013910 -0.020820 1.784430
v 0.006650 -0.016050 1.804260
v 0.003390 -0.017040 1.804260
v 0.000000 -0.017380 1.804260
v 0.032190 -0.032190 1.727010
v 0.019350 -0.028970 1.758510
v 0.009580 -0.023140 1.784430
v 0.004890 -0.024560 1.784430
v 0.000000 -0.025050 1.784430
v 0.013330 -0.032190 1.758510
v 0.006800 -0.034170 1.758510
v 0.000000 -0.034840 1.758510
v 0.025300 -0.037860 1.727010
v 0.017430 -0.042070 1.727010
v 0.008880 -0.044660 1.727010
v 0.000000 -0.045540 1.727010
v 0.040270 -0.040260 1.689200
v 0.031640 -0.047350 1.689200
v 0.047280 -0.047280 1.647810
v 0.021790 -0.052600 1.689200
v 0.037150 -0.055590 1.647810
v 0.052700 -0.052700 1.603130
v 0.011110 -0.055840 1.689200
v 0.000000 -0.056940 1.689200
v 0.025590 -0.061770 1.647810
v 0.013050 -0.065570 1.647810
v 0.000000 -0.066860 1.647810
v 0.041410 -0.061970 1.603130
v 0.028520 -0.068850 1.603130
v 0.014540 -0.073100 1.603130
v 0.000000 -0.074530 1.603130
v 0.056350 -0.056350 1.558110
v 0.044270 -0.066250 1.558110
v 0.058860 -0.058860 1.510860
v 0.046240 -0.069210 1.510860
v 0.030490 -0.073620 1.558110
v 0.031860 -0.076900 1.510860
v 0.015540 -0.078150 1.558110
v 0.000000 -0.089000 0.360600
v 0.017370 -0.087290 0.226880
v 0.000000 -0.089000 0.226880
v 0.017370 -0.087290 0.386570
v 0.000000 -0.089000 0.386570
v 0.017370 -0.087290 0.360600
v 0.034060 -0.082220 0.386570
v 0.017370 -0.087290 0.176560
v 0.000000 -0.089000 0.176560
v 0.034060 -0.082220 0.360600
v 0.049440 -0.074000 0.386570
v 0.034060 -0.082220 0.226880
v 0.034060 -0.082220 0.176560
v 0.017370 -0.087290 0.084510
v 0.000000 -0.089000 0.084510
v 0.000000 -0.089000 0.015640
v 0.017370 -0.087290 0.015640
v 0.034060 -0.082220 0.084510
v 0.034060 -0.082220 0.015640
v 0.049440 -0.074000 0.084510
v 0.049440 -0.074000 0.015640
v 0.049440 -0.074000 0.176560
v 0.062930 -0.062930 0.084510
v 0.062930 -0.062930 0.015640
v 0.049440 -0.074000 0.226880
v 0.062930 -0.062930 0.176560
v 0.074000 -0.049440 0.084510
v 0.074000 -0.049440 0.015640
v 0.049440 -0.074000 0.360600
v 0.062930 -0.062930 0.386570
v 0.062930 -0.062930 0.226880
v 0.062930 -0.062930 0.360600
v 0.074000 -0.049440 0.386570
v 0.074000 -0.049440 0.176560
v 0.074000 -0.049440 0.226880
v 0.074000 -0.049440 0.360600
v 0.082220 -0.034060 0.386570
v 0.082220 -0.034060 0.084510
v 0.082220 -0.034060 0.015640
v 0.082220 -0.034060 0.176560
v 0.087290 -0.017360 0.084510
v 0.087290 -0.017360 0.015640
v 0.082220 -0.034060 0.226880
v 0.087290 -0.017360 0.176560
v 0.089000 0.000000 0.084510
v 0.089000 0.000000 0.015640
v 0.082220 -0.034060 0.360600
v 0.087290 -0.017360 0.386570
v 0.087290 -0.017360 0.226880
v 0.087290 -0.017360 0.360600
v 0.089000 0.000000 0.386570
v 0.089000 0.000000 0.176560
v 0.089000 0.000000 0.226880
v 0.089000 0.000000 0.360600
v 0.087290 0.017370 0.386570
v 0.087290 0.017370 0.084510
v 0.087290 0.017370 0.015640
v 0.087290 0.017370 0.176560
v 0.082220 0.034060 0.084510
v 0.082220 0.034060 0.015640
v 0.087290 0.017370 0.226880
v 0.082220 0.034060 0.176560
v 0.074000 0.049440 0.084510
v 0.074000 0.049440 0.015640
v 0.087290 0.017370 0.360600
v 0.082220 0.034060 0.386570
v 0.082220 0.034060 0.226880
v 0.082220 0.034060 0.360600
v 0.074000 0.049440 0.386570
v 0.074000 0.049440 0.176560
v 0.074000 0.049440 0.226880
v 0.074000 0.049440 0.360600
v 0.062930 0.062930 0.386570
v 0.062930 0.062930 0.084510
v 0.062930 0.062930 0.015640
v 0.062930 0.062930 0.176560
v 0.049440 0.074000 0.084510
v 0.049440 0.074000 0.015640
v 0.062930 0.062930 0.226880
v 0.049440 0.074000 0.176560
v 0.034060 0.082220 0.084510
v 0.034060 0.082220 0.015640
v 0.062930 0.062930 0.360600
v 0.049440 0.074000 0.386570
v 0.049440 0.074000 0.226880
v 0.049440 0.074000 0.360600
v 0.034060 0.082220 0.386570
v 0.034060 0.082220 0.176560
v 0.034060 0.082220 0.226880
v 0.034060 0.082220 0.360600
v 0.017370 0.087290 0.386570
v 0.017370 0.087290 0.360600
v 0.000000 0.089000 0.386570
v 0.017360 0.087290 0.226880
v 0.017360 0.087290 0.176560
v 0.017360 0.087290 0.084510
v 0.000000 0.089000 0.360600
v -0.017360 0.087290 0.386570
v 0.000000 0.089000 0.226880
v 0.000000 0.089000 0.176560
v 0.000000 0.089000 0.084510
v -0.017360 0.087290 0.360600
v -0.034060 0.082220 0.386570
v -0.017360 0.087290 0.226880
v -0.017360 0.087290 0.176560
v -0.017360 0.087290 0.084510
v -0.034060 0.082220 0.360600
v -0.049440 0.074000 0.386570
v -0.034060 0.082220 0.226880
v -0.034060 0.082220 0.176560
v -0.034060 0.082220 0.084510
v -0.049440 0.074000 0.360600
v -0.062930 0.062930 0.386570
v -0.049440 0.074000 0.226880
v -0.049440 0.074000 0.176560
v -0.049440 0.074000 0.084510
v -0.062930 0.062930 0.360600
v -0.074000 0.049440 0.386570
v -0.062930 0.062930 0.226880
v -0.062930 0.062930 0.176560
v -0.062930 0.062930 0.084510
v -0.049440 0.074000 0.015640
v -0.062930 0.062930 0.015640
v -0.034060 0.082220 0.015640
v -0.074000 0.049440 0.084510
v -0.074000 0.049440 0.015640
v -0.074000 0.049440 0.176560
v -0.082220 0.034060 0.084510
v -0.082220 0.034060 0.015640
v -0.074000 0.049440 0.226880
v -0.082220 0.034060 0.176560
v -0.087290 0.017360 0.084510
v -0.087290 0.017360 0.015640
v -0.074000 0.049440 0.360600
v -0.082220 0.034060 0.386570
v -0.082220 0.034060 0.226880
v -0.082220 0.034060 0.360600
v -0.087290 0.017360 0.386570
v -0.087290 0.017360 0.176560
v -0.087290 0.017360 0.226880
v -0.087290 0.017360 0.360600
v -0.089000 0.000000 0.386570
v -0.089000 0.000000 0.084510
v -0.089000 0.000000 0.015640
v -0.089000 0.000000 0.176560
v -0.087290 -0.017360 0.084510
v -0.087290 -0.017360 0.015640
v -0.089000 0.000000 0.226880
v -0.087290 -0.017360 0.176560
v -0.082220 -0.034060 0.084510
v -0.082220 -0.034060 0.015640
v -0.089000 0.000000 0.360600
v -0.087290 -0.017360 0.386570
v -0.087290 -0.017360 0.226880
v -0.087290 -0.017360 0.360600
v -0.082220 -0.034060 0.386570
v -0.082220 -0.034060 0.176560
v -0.082220 -0.034060 0.226880
v -0.082220 -0.034060 0.360600
v -0.074000 -0.049440 0.386570
v -0.074000 -0.049440 0.084510
v -0.074000 -0.049440 0.015640
v -0.074000 -0.049440 0.176560
v -0.062930 -0.062930 0.084510
v -0.062930 -0.062930 0.015640
v -0.074000 -0.049440 0.226880
v -0.062930 -0.062930 0.176560
v -0.049440 -0.074000 0.084510
v -0.049440 -0.074000 0.015640
v -0.074000 -0.049440 0.360600
v -0.062930 -0.062930 0.386570
v -0.062930 -0.062930 0.226880
v -0.062930 -0.062930 0.360600
v -0.049440 -0.074000 0.386570
v -0.049440 -0.074000 0.176560
v -0.049440 -0.074000 0.226880
v -0.049440 -0.074000 0.360600
v -0.034060 -0.082220 0.386570
v -0.034060 -0.082220 0.084510
v -0.034060 -0.082220 0.015640
v -0.034060 -0.082220 0.176560
v -0.017360 -0.087290 0.084510
v -0.017360 -0.087290 0.015640
v 0.000000 -0.089000 0.084510
v 0.000000 -0.089000 0.015640
v -0.017360 -0.087290 0.176560
v 0.000000 -0.089000 0.176560
v -0.034060 -0.082220 0.226880
v -0.017360 -0.087290 0.226880
v 0.000000 -0.089000 0.226880
v -0.034060 -0.082220 0.360600
v -0.017360 -0.087290 0.386570
v -0.017360 -0.087290 0.360600
v 0.000000 -0.089000 0.386570
v 0.000000 -0.089000 0.360600
v -0.000000 -0.089000 -0.352380
v 0.017360 -0.087290 -0.403820
v -0.000000 -0.089000 -0.403820
v 0.017370 -0.087290 0.015640
v 0.000000 -0.089000 0.015640
v 0.017360 -0.087290 -0.352380
v 0.034060 -0.082220 0.015640
v 0.017360 -0.087290 -0.479000
v -0.000000 -0.089000 -0.479000
v 0.034060 -0.082220 -0.352380
v 0.049440 -0.074000 0.015640
v 0.034060 -0.082220 -0.403820
v 0.034060 -0.082220 -0.479000
v 0.017360 -0.087290 -0.610320
v -0.000000 -0.089000 -0.610320
v 0.034060 -0.082220 -0.610320
v 0.049440 -0.074000 -0.479000
v 0.017360 -0.087290 -1.138860
v -0.000000 -0.089000 -1.138860
v 0.034060 -0.082220 -1.138860
v 0.049440 -0.074000 -0.610320
v 0.049440 -0.074000 -1.138860
v 0.017360 -0.087290 -1.190250
v -0.000000 -0.089000 -1.190250
v -0.000000 -0.089000 -1.449250
v 0.034060 -0.082220 -1.190250
v 0.017360 -0.087290 -1.449250
v -0.000000 -0.089000 -1.650320
v 0.049440 -0.074000 -1.190250
v 0.034060 -0.082220 -1.449250
v 0.017360 -0.087290 -1.650320
v -0.000000 -0.089000 -1.718180
v 0.034060 -0.082220 -1.650320
v 0.017360 -0.087290 -1.741030
v -0.000000 -0.089000 -1.741030
v 0.017360 -0.087290 -1.718180
v 0.030420 -0.083140 -1.741030
v 0.035090 -0.081670 -1.739180
v 0.034060 -0.082220 -1.684220
v 0.034060 -0.082220 -1.718180
v 0.039590 -0.079260 -1.741030
v 0.035180 -0.081620 -1.741030
v 0.030420 -0.083140 -1.741030
v 0.045050 -0.076360 -1.675060
v 0.043350 -0.077240 -1.684220
v 0.045050 -0.076360 -1.693440
v 0.049770 -0.073750 -1.701200
v 0.049610 -0.073870 -1.709690
v 0.049770 -0.073750 -1.667300
v 0.049440 -0.074000 -1.718180
v 0.055810 -0.068780 -1.713440
v 0.039590 -0.079260 -1.741030
v 0.062930 -0.062930 -1.718180
v 0.062930 -0.062930 -1.715220
v 0.068770 -0.055800 -1.713440
v 0.074000 -0.049440 -1.718180
v 0.073870 -0.049610 -1.709690
v 0.062930 -0.062930 -1.741030
v 0.082220 -0.034060 -1.718180
v 0.073740 -0.049770 -1.701200
v 0.076330 -0.045030 -1.693440
v 0.074000 -0.049440 -1.741030
v 0.082220 -0.034060 -1.741030
v 0.082220 -0.034060 -1.684220
v 0.077240 -0.043350 -1.684220
v 0.076330 -0.045030 -1.675060
v 0.082220 -0.034060 -1.650320
v 0.073740 -0.049770 -1.667300
v 0.087290 -0.017360 -1.718180
v 0.087290 -0.017360 -1.741030
v 0.087290 -0.017370 -1.759010
v 0.082230 -0.034060 -1.759010
v 0.074010 -0.049450 -1.759010
v 0.086210 -0.017150 -1.775990
v 0.081200 -0.033630 -1.775990
v 0.073080 -0.048830 -1.775990
v 0.062940 -0.062940 -1.759010
v 0.049440 -0.074000 -1.741030
v 0.039630 -0.079260 -1.759010
v 0.035180 -0.081620 -1.741030
v 0.035210 -0.081610 -1.759010
v 0.049450 -0.074010 -1.759010
v 0.039630 -0.078000 -1.775990
v 0.035210 -0.080360 -1.775990
v 0.062150 -0.062150 -1.775990
v 0.048830 -0.073080 -1.775990
v 0.039650 -0.074500 -1.792640
v 0.035200 -0.076880 -1.792640
v 0.039690 -0.068410 -1.807890
v 0.035180 -0.070830 -1.807890
v 0.047110 -0.070510 -1.792640
v 0.059960 -0.059960 -1.792640
v 0.039710 -0.062480 -1.817380
v 0.035160 -0.064910 -1.817380
v 0.035150 -0.063040 -1.820400
v 0.040290 -0.060300 -1.820400
v 0.070510 -0.047110 -1.792640
v 0.041210 -0.061670 -1.817380
v 0.044130 -0.066040 -1.807890
v 0.051270 -0.051270 -1.820400
v 0.078350 -0.032460 -1.792640
v 0.056170 -0.056170 -1.807890
v 0.052450 -0.052450 -1.817380
v 0.083170 -0.016540 -1.792640
v 0.066040 -0.044130 -1.807890
v 0.061670 -0.041210 -1.817380
v 0.060290 -0.040290 -1.820400
v 0.050900 -0.050900 -1.821350
v 0.039990 -0.059850 -1.821350
v 0.040290 -0.060300 -1.820400
v 0.059850 -0.039990 -1.821350
v 0.033710 -0.063210 -1.821350
v 0.035150 -0.063040 -1.820400
v 0.032180 -0.064600 -1.820400
v 0.027750 -0.067000 -1.820400
v 0.027540 -0.066500 -1.821350
v 0.014040 -0.070600 -1.821350
v 0.014150 -0.071130 -1.820400
v -0.000000 -0.071980 -1.821350
v -0.000000 -0.072510 -1.820400
v 0.067000 -0.027750 -1.820400
v 0.066500 -0.027540 -1.821350
v 0.071120 -0.014150 -1.820400
v 0.068530 -0.028380 -1.817380
v 0.070590 -0.014040 -1.821350
v 0.073380 -0.030400 -1.807890
v 0.072750 -0.014470 -1.817380
v 0.077900 -0.015500 -1.807890
v 0.072510 0.000000 -1.820400
v 0.071980 0.000000 -1.821350
v 0.074170 0.000000 -1.817380
v 0.071120 0.014150 -1.820400
v 0.070590 0.014040 -1.821350
v 0.079430 0.000000 -1.807890
v 0.072750 0.014470 -1.817380
v 0.067000 0.027750 -1.820400
v 0.066500 0.027540 -1.821350
v 0.084800 0.000000 -1.792640
v 0.077900 0.015490 -1.807890
v 0.068530 0.028380 -1.817380
v 0.060290 0.040290 -1.820400
v 0.059850 0.039990 -1.821350
v 0.087890 0.000000 -1.775990
v 0.083170 0.016550 -1.792640
v 0.073380 0.030400 -1.807890
v 0.061670 0.041210 -1.817380
v 0.051270 0.051270 -1.820400
v 0.050900 0.050900 -1.821350
v 0.040290 0.060290 -1.820400
v 0.039990 0.059850 -1.821350
v 0.052450 0.052450 -1.817380
v 0.066040 0.044130 -1.807890
v 0.027750 0.067000 -1.820400
v 0.078350 0.032460 -1.792640
v 0.027540 0.066500 -1.821350
v 0.041210 0.061670 -1.817380
v 0.056170 0.056170 -1.807890
v 0.014150 0.071120 -1.820400
v 0.070510 0.047110 -1.792640
v 0.014040 0.070590 -1.821350
v 0.028380 0.068530 -1.817380
v 0.044130 0.066040 -1.807890
v -0.000000 0.072510 -1.820400
v -0.000000 0.071980 -1.821350
v -0.014040 0.070590 -1.821350
v 0.014470 0.072750 -1.817380
v 0.030400 0.073380 -1.807890
v -0.014150 0.071120 -1.820400
v -0.027540 0.066500 -1.821350
v -0.000000 0.074170 -1.817380
v -0.027750 0.067000 -1.820400
v -0.039990 0.059850 -1.821350
v -0.014470 0.072750 -1.817380
v -0.028380 0.068530 -1.817380
v -0.040290 0.060290 -1.820400
v -0.050900 0.050900 -1.821350
v -0.041210 0.061670 -1.817380
v -0.051270 0.051270 -1.820400
v -0.059850 0.039990 -1.821350
v -0.052450 0.052450 -1.817380
v -0.060300 0.040290 -1.820400
v -0.066500 0.027540 -1.821350
v -0.061670 0.041210 -1.817380
v -0.067000 0.027750 -1.820400
v -0.070600 0.014040 -1.821350
v -0.068530 0.028380 -1.817380
v -0.071130 0.014150 -1.820400
v -0.071980 0.000000 -1.821350
v -0.072750 0.014470 -1.817380
v -0.072520 0.000000 -1.820400
v -0.070600 -0.014040 -1.821350
v -0.074170 0.000000 -1.817380
v -0.071130 -0.014150 -1.820400
v -0.066500 -0.027540 -1.821350
v -0.072750 -0.014470 -1.817380
v -0.067000 -0.027750 -1.820400
v -0.059850 -0.039990 -1.821350
v -0.068530 -0.028380 -1.817380
v -0.060300 -0.040290 -1.820400
v -0.050900 -0.050900 -1.821350
v -0.061670 -0.041210 -1.817380
v -0.051270 -0.051270 -1.820400
v -0.039990 -0.059850 -1.821350
v -0.040290 -0.060300 -1.820400
v -0.033670 -0.063230 -1.821350
v -0.035150 -0.063040 -1.820400
v -0.032180 -0.064600 -1.820400
v -0.027750 -0.067000 -1.820400
v -0.027540 -0.066500 -1.821350
v -0.014040 -0.070600 -1.821350
v -0.014150 -0.071130 -1.820400
v -0.000000 -0.071980 -1.821350
v -0.000000 -0.072510 -1.820400
v -0.052450 -0.052450 -1.817380
v -0.041210 -0.061670 -1.817380
v -0.040290 -0.060300 -1.820400
v -0.039720 -0.062480 -1.817380
v -0.035150 -0.063040 -1.820400
v -0.035160 -0.064910 -1.817380
v -0.035180 -0.070830 -1.807890
v -0.044130 -0.066040 -1.807890
v -0.039690 -0.068410 -1.807890
v -0.035200 -0.076880 -1.792640
v -0.056170 -0.056170 -1.807890
v -0.047110 -0.070510 -1.792640
v -0.039650 -0.074500 -1.792640
v -0.035210 -0.080360 -1.775990
v -0.066040 -0.044130 -1.807890
v -0.059960 -0.059960 -1.792640
v -0.048830 -0.073080 -1.775990
v -0.039630 -0.078000 -1.775990
v -0.035220 -0.081610 -1.759010
v -0.073380 -0.030400 -1.807890
v -0.070510 -0.047110 -1.792640
v -0.077900 -0.015500 -1.807890
v -0.062150 -0.062150 -1.775990
v -0.078350 -0.032460 -1.792640
v -0.073080 -0.048830 -1.775990
v -0.079430 0.000000 -1.807890
v -0.083170 -0.016540 -1.792640
v -0.081210 -0.033630 -1.775990
v -0.077900 0.015490 -1.807890
v -0.084800 0.000000 -1.792640
v -0.086210 -0.017150 -1.775990
v -0.073380 0.030400 -1.807890
v -0.083170 0.016550 -1.792640
v -0.087890 0.000000 -1.775990
v -0.066040 0.044130 -1.807890
v -0.078350 0.032460 -1.792640
v -0.086210 0.017150 -1.775990
v -0.056170 0.056170 -1.807890
v -0.070510 0.047110 -1.792640
v -0.081210 0.033630 -1.775990
v -0.044130 0.066040 -1.807890
v -0.059960 0.059960 -1.792640
v -0.073080 0.048830 -1.775990
v -0.030400 0.073380 -1.807890
v -0.047110 0.070510 -1.792640
v -0.062150 0.062150 -1.775990
v -0.015500 0.077900 -1.807890
v -0.032460 0.078350 -1.792640
v -0.048830 0.073080 -1.775990
v -0.074010 0.049450 -1.759010
v -0.062940 0.062940 -1.759010
v -0.082230 0.034060 -1.759010
v -0.087290 0.017370 -1.759010
v -0.082220 0.034060 -1.741030
v -0.074000 0.049440 -1.741030
v -0.089010 0.000000 -1.759010
v -0.087290 0.017360 -1.741030
v -0.089000 0.000000 -1.741030
v -0.087290 -0.017370 -1.759010
v -0.087290 -0.017360 -1.741030
v -0.089000 0.000000 -1.718180
v -0.087290 0.017360 -1.718180
v -0.082230 -0.034060 -1.759010
v -0.082220 -0.034060 -1.741030
v -0.087290 -0.017360 -1.718180
v -0.082220 -0.034060 -1.718180
v -0.074010 -0.049450 -1.759010
v -0.074000 -0.049440 -1.741030
v -0.074000 -0.049440 -1.718180
v -0.062940 -0.062940 -1.759010
v -0.062930 -0.062930 -1.741030
v -0.062930 -0.062930 -1.718180
v -0.049450 -0.074010 -1.759010
v -0.049440 -0.074000 -1.741030
v -0.039630 -0.079260 -1.759010
v -0.035180 -0.081620 -1.741030
v -0.039590 -0.079260 -1.741030
v -0.049440 -0.074000 -1.718180
v -0.035090 -0.081670 -1.739180
v -0.035180 -0.081620 -1.741030
v -0.030420 -0.083140 -1.741030
v -0.055800 -0.068770 -1.713440
v -0.062930 -0.062930 -1.715220
v -0.068780 -0.055810 -1.713440
v -0.049610 -0.073870 -1.709690
v -0.073870 -0.049610 -1.709690
v -0.073750 -0.049770 -1.701200
v -0.076360 -0.045050 -1.693440
v -0.034060 -0.082220 -1.718180
v -0.049770 -0.073740 -1.701200
v -0.045030 -0.076330 -1.693440
v -0.082220 -0.034060 -1.684220
v -0.077240 -0.043350 -1.684220
v -0.076360 -0.045050 -1.675060
v -0.034060 -0.082220 -1.684220
v -0.043350 -0.077240 -1.684220
v -0.045030 -0.076330 -1.675060
v -0.087290 -0.017360 -1.650320
v -0.082220 -0.034060 -1.650320
v -0.073750 -0.049770 -1.667300
v -0.034060 -0.082220 -1.650320
v -0.049770 -0.073740 -1.667300
v -0.089000 0.000000 -1.650320
v -0.074000 -0.049440 -1.650320
v -0.068780 -0.055810 -1.662110
v -0.082220 -0.034060 -1.449250
v -0.062930 -0.062930 -1.650320
v -0.062930 -0.062930 -1.660260
v -0.055800 -0.068770 -1.662110
v -0.074000 -0.049440 -1.449250
v -0.062930 -0.062930 -1.449250
v -0.049440 -0.074000 -1.650320
v -0.049440 -0.074000 -1.449250
v -0.034060 -0.082220 -1.449250
v -0.017360 -0.087290 -1.449250
v -0.049440 -0.074000 -1.190250
v -0.034060 -0.082220 -1.190250
v -0.062930 -0.062930 -1.190250
v -0.049440 -0.074000 -1.138860
v -0.074000 -0.049440 -1.190250
v -0.062930 -0.062930 -1.138860
v -0.074000 -0.049440 -1.138860
v -0.082220 -0.034060 -1.190250
v -0.082220 -0.034060 -1.138860
v -0.087290 -0.017360 -1.449250
v -0.087290 -0.017360 -1.190250
v -0.089000 0.000000 -1.449250
v -0.087290 -0.017360 -1.138860
v -0.089000 0.000000 -1.190250
v -0.089000 0.000000 -1.138860
v -0.087290 -0.017360 -0.610320
v -0.089000 0.000000 -0.610320
v -0.082220 -0.034060 -0.610320
v -0.074000 -0.049440 -0.610320
v -0.087290 -0.017360 -0.479000
v -0.062930 -0.062930 -0.610320
v -0.082220 -0.034060 -0.479000
v -0.074000 -0.049440 -0.479000
v -0.049440 -0.074000 -0.610320
v -0.089000 0.000000 -0.479000
v -0.087290 -0.017360 -0.403820
v -0.089000 0.000000 -0.403820
v -0.082220 -0.034060 -0.403820
v -0.062930 -0.062930 -0.479000
v -0.074000 -0.049440 -0.403820
v -0.087290 -0.017360 -0.352380
v -0.082220 -0.034060 -0.352380
v -0.082220 -0.034060 0.015640
v -0.074000 -0.049440 0.015640
v -0.087290 -0.017360 0.015640
v -0.074000 -0.049440 -0.352380
v -0.062930 -0.062930 0.015640
v -0.089000 0.000000 -0.352380
v -0.089000 0.000000 0.015640
v -0.087290 0.017370 -0.352380
v -0.087290 0.017360 0.015640
v -0.087290 0.017370 -0.403820
v -0.082220 0.034060 -0.352380
v -0.082220 0.034060 0.015640
v -0.087290 0.017370 -0.479000
v -0.082220 0.034060 -0.403820
v -0.074000 0.049440 -0.352380
v -0.074000 0.049440 0.015640
v -0.087290 0.017370 -0.610320
v -0.082220 0.034060 -0.479000
v -0.074000 0.049440 -0.403820
v -0.062930 0.062930 -0.352380
v -0.062930 0.062930 0.015640
v -0.087290 0.017370 -1.138860
v -0.082220 0.034060 -0.610320
v -0.074000 0.049440 -0.479000
v -0.062930 0.062930 -0.403820
v -0.049440 0.074000 -0.352380
v -0.049440 0.074000 0.015640
v -0.034060 0.082220 -0.352380
v -0.034060 0.082220 0.015640
v -0.049440 0.074000 -0.403820
v -0.062930 0.062930 -0.479000
v -0.017360 0.087290 -0.352380
v -0.074000 0.049440 -0.610320
v -0.017360 0.087290 0.015640
v -0.034060 0.082220 -0.403820
v -0.049440 0.074000 -0.479000
v -0.000000 0.089000 -0.352380
v -0.062930 0.062930 -0.610320
v 0.000000 0.089000 0.015640
v -0.017360 0.087290 -0.403820
v -0.034060 0.082220 -0.479000
v 0.017360 0.087290 -0.352380
v -0.049440 0.074000 -0.610320
v 0.017360 0.087290 0.015640
v -0.000000 0.089000 -0.403820
v -0.017360 0.087290 -0.479000
v 0.034060 0.082220 -0.352380
v -0.034060 0.082220 -0.610320
v 0.034060 0.082220 0.015640
v 0.017360 0.087290 -0.403820
v -0.000000 0.089000 -0.479000
v 0.049440 0.074000 -0.352380
v -0.017360 0.087290 -0.610320
v 0.049440 0.074000 0.015640
v 0.034060 0.082220 -0.403820
v 0.017360 0.087290 -0.479000
v 0.062930 0.062930 -0.352380
v -0.000000 0.089000 -0.610320
v 0.062930 0.062930 0.015640
v 0.049440 0.074000 -0.403820
v 0.034060 0.082220 -0.479000
v 0.074000 0.049440 -0.352380
v 0.017360 0.087290 -0.610320
v 0.074000 0.049440 0.015640
v 0.062930 0.062930 -0.403820
v 0.049440 0.074000 -0.479000
v 0.082220 0.034060 -0.352380
v 0.034060 0.082220 -0.610320
v 0.082220 0.034060 0.015640
v 0.074000 0.049440 -0.403820
v 0.062930 0.062930 -0.479000
v 0.087290 0.017370 -0.352380
v 0.049440 0.074000 -0.610320
v 0.087290 0.017370 0.015640
v 0.082220 0.034060 -0.403820
v 0.074000 0.049440 -0.479000
v 0.089000 0.000000 -0.352380
v 0.062930 0.062930 -0.610320
v 0.089000 0.000000 0.015640
v 0.087290 0.017370 -0.403820
v 0.082220 0.034060 -0.479000
v 0.087290 -0.017360 -0.352380
v 0.074000 0.049440 -0.610320
v 0.087290 -0.017360 0.015640
v 0.089000 0.000000 -0.403820
v 0.087290 0.017370 -0.479000
v 0.082220 -0.034060 -0.352380
v 0.082220 0.034060 -0.610320
v 0.082220 -0.034060 0.015640
v 0.087290 -0.017360 -0.403820
v 0.089000 0.000000 -0.479000
v 0.074000 -0.049440 -0.352380
v 0.087290 0.017370 -0.610320
v 0.074000 -0.049440 0.015640
v 0.082220 -0.034060 -0.403820
v 0.087290 -0.017360 -0.479000
v 0.062930 -0.062930 -0.352380
v 0.089000 0.000000 -0.610320
v 0.062930 -0.062930 0.015640
v 0.074000 -0.049440 -0.403820
v 0.082220 -0.034060 -0.479000
v 0.049440 -0.074000 -0.352380
v 0.062930 -0.062930 -0.403820
v 0.049440 -0.074000 -0.403820
v 0.074000 -0.049440 -0.479000
v 0.062930 -0.062930 -0.479000
v 0.062930 -0.062930 -0.610320
v 0.074000 -0.049440 -0.610320
v 0.082220 -0.034060 -0.610320
v 0.087290 -0.017360 -0.610320
v 0.062930 -0.062930 -1.138860
v 0.074000 -0.049440 -1.138860
v 0.082220 -0.034060 -1.138860
v 0.062930 -0.062930 -1.190250
v 0.074000 -0.049440 -1.190250
v 0.082220 -0.034060 -1.190250
v 0.087290 -0.017360 -1.138860
v 0.087290 -0.017360 -1.190250
v 0.074000 -0.049440 -1.449250
v 0.082220 -0.034060 -1.449250
v 0.089000 0.000000 -1.138860
v 0.089000 0.000000 -1.190250
v 0.087290 -0.017360 -1.449250
v 0.087290 0.017370 -1.138860
v 0.087290 0.017370 -1.190250
v 0.089000 0.000000 -1.449250
v 0.082220 0.034060 -1.138860
v 0.082220 0.034060 -1.190250
v 0.087290 0.017360 -1.449250
v 0.074000 0.049440 -1.138860
v 0.074000 0.049440 -1.190250
v 0.082220 0.034060 -1.449250
v 0.062930 0.062930 -1.138860
v 0.062930 0.062930 -1.190250
v 0.074000 0.049440 -1.449250
v 0.087290 0.017370 -1.650320
v 0.049440 0.074000 -1.138860
v 0.082220 0.034060 -1.650320
v 0.049440 0.074000 -1.190250
v 0.062930 0.062930 -1.449250
v 0.074000 0.049440 -1.650320
v 0.034060 0.082220 -1.138860
v 0.034060 0.082220 -1.190250
v 0.073750 0.049770 -1.667300
v 0.068780 0.055810 -1.662110
v 0.076360 0.045050 -1.675060
v 0.062930 0.062930 -1.650320
v 0.062930 0.062930 -1.660260
v 0.055800 0.068770 -1.662110
v 0.082220 0.034060 -1.684220
v 0.077240 0.043350 -1.684220
v 0.076360 0.045050 -1.693440
v 0.049440 0.074000 -1.650320
v 0.049770 0.073740 -1.667300
v 0.049440 0.074000 -1.449250
v 0.034060 0.082220 -1.650320
v 0.034060 0.082220 -1.449250
v 0.045030 0.076330 -1.675060
v 0.017360 0.087290 -1.190250
v 0.034060 0.082220 -1.684220
v 0.043350 0.077240 -1.684220
v 0.045030 0.076330 -1.693440
v 0.017360 0.087290 -1.138860
v -0.000000 0.089000 -1.138860
v -0.000000 0.089000 -1.190250
v 0.017360 0.087290 -1.449250
v -0.017360 0.087290 -1.138860
v -0.017360 0.087290 -1.190250
v -0.000000 0.089000 -1.449250
v 0.017360 0.087290 -1.650320
v -0.034060 0.082220 -1.138860
v -0.034060 0.082220 -1.190250
v -0.017360 0.087290 -1.449250
v -0.000000 0.089000 -1.650320
v 0.017360 0.087290 -1.718180
v -0.017360 0.087290 -1.650320
v -0.034060 0.082220 -1.449250
v -0.049440 0.074000 -1.190250
v -0.049440 0.074000 -1.138860
v -0.062930 0.062930 -1.138860
v -0.062930 0.062930 -1.190250
v -0.049440 0.074000 -1.449250
v -0.034060 0.082220 -1.650320
v -0.074000 0.049440 -1.138860
v -0.074000 0.049440 -1.190250
v -0.062930 0.062930 -1.449250
v -0.049440 0.074000 -1.650320
v -0.082220 0.034060 -1.138860
v -0.082220 0.034060 -1.190250
v -0.087290 0.017360 -1.190250
v -0.074000 0.049440 -1.449250
v -0.082220 0.034060 -1.449250
v -0.087290 0.017360 -1.449250
v -0.062930 0.062930 -1.650320
v -0.082220 0.034060 -1.650320
v -0.074000 0.049440 -1.650320
v -0.087290 0.017360 -1.650320
v -0.073740 0.049770 -1.667300
v -0.068770 0.055800 -1.662110
v -0.076330 0.045030 -1.675060
v -0.062930 0.062930 -1.660260
v -0.055810 0.068780 -1.662110
v -0.049770 0.073750 -1.667300
v -0.045050 0.076360 -1.675060
v -0.082220 0.034060 -1.684220
v -0.077240 0.043350 -1.684220
v -0.076330 0.045030 -1.693440
v -0.034060 0.082220 -1.684220
v -0.043350 0.077240 -1.684220
v -0.045050 0.076360 -1.693440
v -0.082220 0.034060 -1.718180
v -0.073740 0.049770 -1.701200
v -0.073870 0.049610 -1.709690
v -0.074000 0.049440 -1.718180
v -0.068770 0.055800 -1.713440
v -0.062930 0.062930 -1.718180
v -0.062930 0.062930 -1.715220
v -0.062930 0.062930 -1.741030
v -0.055810 0.068780 -1.713440
v -0.049450 0.074010 -1.759010
v -0.049440 0.074000 -1.741030
v -0.049440 0.074000 -1.718180
v -0.049610 0.073870 -1.709690
v -0.033630 0.081200 -1.775990
v -0.034060 0.082230 -1.759010
v -0.034060 0.082220 -1.741030
v -0.034060 0.082220 -1.718180
v -0.049770 0.073750 -1.701200
v -0.017360 0.087290 -1.718180
v -0.017360 0.087290 -1.741030
v -0.017370 0.087290 -1.759010
v -0.000000 0.089000 -1.718180
v -0.000000 0.089000 -1.741030
v -0.017150 0.086210 -1.775990
v -0.000000 0.089010 -1.759010
v -0.000000 0.087890 -1.775990
v -0.016550 0.083170 -1.792640
v -0.000000 0.084800 -1.792640
v -0.000000 0.079430 -1.807890
v 0.015490 0.077900 -1.807890
v 0.016550 0.083170 -1.792640
v 0.032460 0.078350 -1.792640
v 0.047110 0.070510 -1.792640
v 0.017150 0.086210 -1.775990
v 0.033630 0.081200 -1.775990
v 0.048830 0.073080 -1.775990
v 0.059960 0.059960 -1.792640
v 0.062150 0.062150 -1.775990
v 0.073080 0.048830 -1.775990
v 0.081200 0.033630 -1.775990
v 0.074010 0.049450 -1.759010
v 0.086210 0.017150 -1.775990
v 0.082230 0.034060 -1.759010
v 0.087290 0.017370 -1.759010
v 0.089010 0.000000 -1.759010
v 0.089000 0.000000 -1.741030
v 0.087290 0.017360 -1.741030
v 0.089000 0.000000 -1.718180
v 0.082220 0.034060 -1.741030
v 0.087290 0.017370 -1.718180
v 0.089000 0.000000 -1.650320
v 0.087290 -0.017360 -1.650320
v 0.074000 -0.049440 -1.650320
v 0.068770 -0.055800 -1.662110
v 0.062930 -0.062930 -1.650320
v 0.062930 -0.062930 -1.660260
v 0.055810 -0.068780 -1.662110
v 0.062930 -0.062930 -1.449250
v 0.049440 -0.074000 -1.650320
v 0.049440 -0.074000 -1.449250
v 0.074000 0.049440 1.359660
v 0.081200 0.033630 1.411050
v 0.062930 0.062930 1.310680
v 0.062930 0.062930 0.888920
v 0.084180 0.016750 1.462430
v 0.083240 0.000000 1.510860
v 0.049440 0.074000 1.310680
v 0.049440 0.074000 0.888920
v 0.062930 0.062930 1.359660
v 0.034060 0.082220 1.310680
v 0.034060 0.082220 0.888920
v 0.049440 0.074000 1.359660
v 0.073070 0.048820 1.411050
v 0.062150 0.062150 1.411050
v 0.017370 0.087290 1.310680
v 0.017370 0.087290 0.888920
v 0.034060 0.082220 1.359660
v 0.048820 0.073070 1.411050
v 0.000000 0.089000 1.310680
v 0.000000 0.089000 0.888920
v 0.017370 0.087290 1.359660
v 0.033630 0.081200 1.411050
v -0.017360 0.087290 1.310680
v -0.017360 0.087290 0.888920
v 0.000000 0.089000 1.359660
v 0.017150 0.086190 1.411050
v -0.034060 0.082220 1.310680
v -0.034060 0.082220 0.888920
v -0.017360 0.087290 1.359660
v 0.000000 0.087890 1.411050
v -0.049440 0.074000 1.310680
v -0.049440 0.074000 0.888920
v -0.034060 0.082220 1.359660
v -0.017150 0.086190 1.411050
v 0.000000 0.085830 1.462430
v -0.062930 0.062930 1.310680
v -0.062930 0.062930 0.888920
v -0.049440 0.074000 1.359660
v -0.033630 0.081190 1.411050
v -0.016750 0.084180 1.462430
v 0.000000 0.083240 1.510860
v -0.074000 0.049440 1.310680
v -0.074000 0.049440 0.888920
v -0.062930 0.062930 1.359660
v -0.048830 0.073070 1.411050
v -0.032850 0.079300 1.462430
v -0.016240 0.081640 1.510860
v 0.000000 0.079680 1.558110
v -0.015540 0.078150 1.558110
v 0.000000 0.074530 1.603130
v -0.031850 0.076900 1.510860
v -0.047680 0.071370 1.462430
v -0.062150 0.062150 1.411050
v -0.014540 0.073100 1.603130
v 0.000000 0.066860 1.647810
v -0.030500 0.073620 1.558110
v -0.046240 0.069210 1.510860
v -0.060690 0.060690 1.462430
v -0.013050 0.065570 1.647810
v 0.000000 0.056940 1.689200
v -0.028520 0.068850 1.603130
v -0.044270 0.066250 1.558110
v -0.058860 0.058860 1.510860
v -0.011110 0.055840 1.689200
v 0.000000 0.045540 1.727010
v -0.025590 0.061770 1.647810
v -0.041410 0.061970 1.603130
v -0.056340 0.056350 1.558110
v -0.008880 0.044660 1.727010
v 0.000000 0.034840 1.758510
v -0.021790 0.052600 1.689200
v -0.037150 0.055600 1.647810
v -0.052700 0.052700 1.603130
v -0.006800 0.034170 1.758510
v 0.000000 0.025050 1.784430
v -0.017420 0.042070 1.727010
v -0.031630 0.047350 1.689200
v -0.047280 0.047280 1.647810
v -0.004890 0.024560 1.784430
v 0.000000 0.017380 1.804260
v -0.013330 0.032190 1.758510
v -0.025290 0.037860 1.727010
v -0.040260 0.040270 1.689200
v -0.003390 0.017040 1.804260
v 0.000000 0.010720 1.819950
v -0.009580 0.023140 1.784430
v -0.004100 0.009900 1.819950
v 0.000000 0.005740 1.831790
v -0.006650 0.016050 1.804260
v -0.002200 0.005300 1.831790
v -0.007580 0.007580 1.819950
v -0.004060 0.004060 1.831790
v -0.009650 0.014450 1.804260
v -0.013910 0.020820 1.784430
v -0.019360 0.028970 1.758510
v -0.009900 0.004100 1.819950
v -0.005310 0.002190 1.831790
v -0.010720 0.000000 1.819950
v -0.005740 0.000000 1.831790
v -0.032190 0.032190 1.727010
v -0.024630 0.024630 1.758510
v -0.017040 0.003390 1.804260
v -0.017370 0.000000 1.804260
v -0.025050 0.000000 1.784430
v -0.024560 0.004890 1.784430
v -0.034840 0.000000 1.758510
v -0.016050 0.006650 1.804260
v -0.014450 0.009650 1.804260
v -0.023130 0.009580 1.784430
v -0.034170 0.006800 1.758510
v -0.045540 0.000000 1.727010
v -0.012290 0.012290 1.804260
v -0.020820 0.013910 1.784430
v -0.017700 0.017710 1.784430
v -0.032190 0.013330 1.758510
v -0.028970 0.019360 1.758510
v -0.044660 0.008880 1.727010
v -0.056940 0.000000 1.689200
v -0.042070 0.017420 1.727010
v -0.037860 0.025300 1.727010
v -0.055840 0.011110 1.689200
v -0.066860 0.000000 1.647810
v -0.052600 0.021790 1.689200
v -0.047350 0.031630 1.689200
v -0.065570 0.013050 1.647810
v -0.074530 0.000000 1.603130
v -0.061770 0.025590 1.647810
v -0.055590 0.037150 1.647810
v -0.073090 0.014540 1.603130
v -0.079680 0.000000 1.558110
v -0.068850 0.028520 1.603130
v -0.061970 0.041410 1.603130
v -0.078150 0.015540 1.558110
v -0.083240 0.000000 1.510860
v -0.073620 0.030490 1.558110
v -0.066250 0.044270 1.558110
v -0.081640 0.016240 1.510860
v -0.085830 0.000000 1.462430
v -0.076900 0.031860 1.510860
v -0.069210 0.046240 1.510860
v -0.084180 0.016750 1.462430
v -0.087890 0.000000 1.411050
v -0.079300 0.032850 1.462430
v -0.071370 0.047680 1.462430
v -0.086190 0.017150 1.411050
v -0.081190 0.033630 1.411050
v -0.073070 0.048820 1.411050
v -0.074000 0.049440 1.359660
v -0.082220 0.034060 1.359660
v -0.082220 0.034060 1.310680
v -0.082220 0.034060 0.888920
v -0.087290 0.017360 1.310680
v -0.087290 0.017360 0.888920
v -0.087290 0.017360 1.359660
v -0.089000 0.000000 1.310680
v -0.089000 0.000000 0.888920
v -0.089000 0.000000 1.359660
v -0.087290 -0.017360 1.310680
v -0.087290 -0.017360 0.888920
v -0.087290 -0.017360 1.359660
v -0.082220 -0.034060 1.310680
v -0.082220 -0.034060 0.888920
v -0.086190 -0.017150 1.411050
v -0.085830 0.000000 1.462430
v -0.082220 -0.034060 1.359660
v -0.074000 -0.049440 1.310680
v -0.074000 -0.049440 0.888920
v -0.084180 -0.016750 1.462430
v -0.083240 0.000000 1.510860
v -0.081190 -0.033630 1.411050
v -0.074000 -0.049440 1.359660
v -0.062930 -0.062930 1.310680
v -0.062930 -0.062930 0.888920
v -0.081640 -0.016240 1.510860
v -0.079680 0.000000 1.558110
v -0.079300 -0.032850 1.462430
v -0.073070 -0.048830 1.411050
v -0.062930 -0.062930 1.359660
v -0.049440 -0.074000 1.310680
v -0.049440 -0.074000 0.888920
v -0.034060 -0.082220 1.310680
v -0.034060 -0.082220 0.888920
v -0.049440 -0.074000 1.359660
v -0.062150 -0.062150 1.411050
v -0.017360 -0.087290 1.310680
v -0.071370 -0.047680 1.462430
v -0.017360 -0.087290 0.888920
v 0.000000 -0.089000 1.310680
v 0.000000 -0.089000 0.888920
v -0.034060 -0.082220 1.359660
v -0.017360 -0.087290 1.359660
v 0.000000 -0.089000 1.359660
v -0.048830 -0.073070 1.411050
v -0.033630 -0.081190 1.411050
v -0.017150 -0.086190 1.411050
v 0.000000 -0.087890 1.411050
v -0.060690 -0.060690 1.462430
v -0.047680 -0.071370 1.462430
v -0.032850 -0.079300 1.462430
v -0.016750 -0.084180 1.462430
v 0.000000 -0.085830 1.462430
v -0.016240 -0.081640 1.510860
v 0.000000 -0.083240 1.510860
v -0.031850 -0.076900 1.510860
v -0.046240 -0.069210 1.510860
v -0.058860 -0.058860 1.510860
v -0.015540 -0.078150 1.558110
v 0.000000 -0.079680 1.558110
v -0.030500 -0.073620 1.558110
v -0.044270 -0.066250 1.558110
v -0.056340 -0.056350 1.558110
v -0.014540 -0.073100 1.603130
v 0.000000 -0.074530 1.603130
v -0.028520 -0.068850 1.603130
v -0.041410 -0.061970 1.603130
v -0.052700 -0.052700 1.603130
v -0.013050 -0.065570 1.647810
v 0.000000 -0.066860 1.647810
v -0.025590 -0.061770 1.647810
v -0.037140 -0.055600 1.647810
v -0.047280 -0.047280 1.647810
v -0.011110 -0.055840 1.689200
v 0.000000 -0.056940 1.689200
v -0.021790 -0.052600 1.689200
v -0.031630 -0.047350 1.689200
v -0.040260 -0.040260 1.689200
v -0.008880 -0.044660 1.727010
v 0.000000 -0.045540 1.727010
v -0.017420 -0.042070 1.727010
v -0.025290 -0.037860 1.727010
v -0.032190 -0.032190 1.727010
v -0.006800 -0.034170 1.758510
v 0.000000 -0.034840 1.758510
v -0.013330 -0.032190 1.758510
v -0.019360 -0.028970 1.758510
v -0.024630 -0.024630 1.758510
v -0.004890 -0.024560 1.784430
v 0.000000 -0.025050 1.784430
v -0.009580 -0.023130 1.784430
v -0.013910 -0.020820 1.784430
v -0.017710 -0.017710 1.784430
v -0.003390 -0.017040 1.804260
v 0.000000 -0.017380 1.804260
v 0.000000 -0.010720 1.819950
v -0.006650 -0.016050 1.804260
v -0.004100 -0.009900 1.819950
v -0.002200 -0.005310 1.831790
v 0.000000 -0.005740 1.831790
v -0.004060 -0.004060 1.831790
v -0.009650 -0.014450 1.804260
v -0.007580 -0.007580 1.819950
v -0.005310 -0.002200 1.831790
v -0.012290 -0.012290 1.804260
v -0.009900 -0.004100 1.819950
v -0.005740 0.000000 1.831790
v -0.014450 -0.009650 1.804260
v -0.010720 0.000000 1.819950
v -0.020820 -0.013910 1.784430
v -0.016050 -0.006650 1.804260
v -0.017040 -0.003390 1.804260
v -0.017370 0.000000 1.804260
v -0.023130 -0.009580 1.784430
v -0.028970 -0.019360 1.758510
v -0.024560 -0.004890 1.784430
v -0.025050 0.000000 1.784430
v -0.032190 -0.013330 1.758510
v -0.037860 -0.025300 1.727010
v -0.034170 -0.006800 1.758510
v -0.034840 0.000000 1.758510
v -0.042070 -0.017420 1.727010
v -0.047350 -0.031630 1.689200
v -0.044660 -0.008880 1.727010
v -0.045540 0.000000 1.727010
v -0.052600 -0.021790 1.689200
v -0.055590 -0.037150 1.647810
v -0.055840 -0.011110 1.689200
v -0.056940 0.000000 1.689200
v -0.061770 -0.025590 1.647810
v -0.061970 -0.041410 1.603130
v -0.065570 -0.013050 1.647810
v -0.066860 0.000000 1.647810
v -0.068850 -0.028520 1.603130
v -0.066250 -0.044270 1.558110
v -0.073090 -0.014540 1.603130
v -0.074530 0.000000 1.603130
v -0.073620 -0.030500 1.558110
v -0.069210 -0.046240 1.510860
v -0.078150 -0.015540 1.558110
v -0.076900 -0.031860 1.510860
v -0.022750 0.085660 0.053960
v -0.021650 0.085990 0.060990
v -0.021650 0.085990 0.046920
v -0.018410 0.086970 0.067310
v -0.018410 0.086970 0.040550
v -0.017360 0.087290 0.015640
v -0.013380 0.087680 0.072330
v -0.013380 0.087680 0.035530
v -0.007030 0.088310 0.075570
v -0.007030 0.088310 0.032290
v 0.000000 0.089000 0.015640
v 0.000000 0.089000 0.076690
v 0.000000 0.089000 0.031170
v 0.007030 0.088310 0.075570
v 0.007030 0.088310 0.032290
v 0.017360 0.087290 0.015640
v 0.013380 0.087680 0.072330
v 0.013380 0.087680 0.035530
v 0.018410 0.086970 0.067310
v 0.018410 0.086970 0.040550
v 0.021650 0.085990 0.060990
v 0.021650 0.085990 0.046920
v 0.022760 0.085660 0.053960
v -0.062930 -0.062930 -0.403820
v -0.062930 -0.062930 -0.352380
v -0.049440 -0.074000 0.015640
v -0.049440 -0.074000 -0.479000
v -0.049440 -0.074000 -0.403820
v -0.049440 -0.074000 -0.352380
v -0.034060 -0.082220 0.015640
v -0.034060 -0.082220 -0.352380
v -0.017360 -0.087290 0.015640
v -0.034060 -0.082220 -0.403820
v -0.034060 -0.082220 -0.479000
v -0.034060 -0.082220 -0.610320
v -0.017360 -0.087290 -0.352380
v 0.000000 -0.089000 0.015640
v -0.000000 -0.089000 -0.352380
v -0.000000 -0.089000 -0.403820
v -0.017360 -0.087290 -0.403820
v -0.000000 -0.089000 -0.479000
v -0.017360 -0.087290 -0.479000
v -0.000000 -0.089000 -0.610320
v -0.017360 -0.087290 -0.610320
v -0.000000 -0.089000 -1.138860
v -0.017360 -0.087290 -1.138860
v -0.000000 -0.089000 -1.190250
v -0.034060 -0.082220 -1.138860
v -0.017360 -0.087290 -1.190250
v -0.000000 -0.089000 -1.449250
v -0.017360 -0.087290 -1.650320
v -0.000000 -0.089000 -1.650320
v -0.017360 -0.087290 -1.718180
v -0.030420 -0.083140 -1.741030
v -0.000000 -0.089000 -1.718180
v -0.017360 -0.087290 -1.741030
v -0.000000 -0.089000 -1.741030
v -0.056680 0.000000 -1.553130
v -0.052370 0.021690 -1.553130
v -0.055600 0.011060 -1.553130
v -0.047130 0.031490 -1.553130
v -0.040080 0.040080 -1.553130
v -0.031490 0.047130 -1.553130
v -0.021690 0.052370 -1.553130
v -0.011060 0.055600 -1.553130
v -0.000000 0.056680 -1.553130
v 0.011060 0.055600 -1.553130
v 0.021690 0.052370 -1.553130
v 0.031490 0.047130 -1.553130
v 0.040080 0.040080 -1.553130
v 0.047130 0.031490 -1.553130
v 0.052370 0.021690 -1.553130
v 0.055600 0.011060 -1.553130
v 0.056680 0.000000 -1.553130
v 0.055600 -0.011060 -1.553130
v 0.052370 -0.021690 -1.553130
v 0.047130 -0.031490 -1.553130
v 0.040080 -0.040080 -1.553130
v 0.031490 -0.047130 -1.553130
v 0.021690 -0.052370 -1.553130
v 0.011060 -0.055600 -1.553130
v -0.000000 -0.056680 -1.553130
v -0.011060 -0.055600 -1.553130
v -0.021690 -0.052370 -1.553130
v -0.031490 -0.047130 -1.553130
v -0.040080 -0.040080 -1.553130
v -0.047130 -0.031490 -1.553130
v -0.052370 -0.021690 -1.553130
v -0.055600 -0.011060 -1.553130
v -0.062350 0.000000 -1.821350
v -0.070600 -0.014040 -1.821350
v -0.061150 -0.012170 -1.821350
v -0.066500 -0.027540 -1.821350
v -0.071980 0.000000 -1.821350
v -0.057600 -0.023860 -1.821350
v -0.061150 0.012160 -1.821350
v -0.059850 -0.039990 -1.821350
v -0.070600 0.014040 -1.821350
v -0.051840 -0.034640 -1.821350
v -0.057600 0.023860 -1.821350
v -0.050900 -0.050900 -1.821350
v -0.066500 0.027540 -1.821350
v -0.044080 -0.044080 -1.821350
v -0.051840 0.034640 -1.821350
v -0.039990 -0.059850 -1.821350
v -0.059850 0.039990 -1.821350
v -0.034640 -0.051840 -1.821350
v -0.044080 0.044080 -1.821350
v -0.033670 -0.063230 -1.821350
v -0.050900 0.050900 -1.821350
v -0.023860 -0.057600 -1.821350
v -0.034640 0.051840 -1.821350
v -0.027540 -0.066500 -1.821350
v -0.039990 0.059850 -1.821350
v -0.014040 -0.070600 -1.821350
v -0.023860 0.057600 -1.821350
v -0.012170 -0.061150 -1.821350
v -0.000000 -0.071980 -1.821350
v -0.000000 -0.062350 -1.821350
v -0.027540 0.066500 -1.821350
v -0.012170 0.061150 -1.821350
v -0.014040 0.070590 -1.821350
v -0.000000 0.062350 -1.821350
v -0.000000 0.071980 -1.821350
v 0.012160 0.061150 -1.821350
v 0.014040 0.070590 -1.821350
v 0.023860 0.057600 -1.821350
v 0.027540 0.066500 -1.821350
v 0.034640 0.051840 -1.821350
v 0.039990 0.059850 -1.821350
v 0.044080 0.044080 -1.821350
v 0.050900 0.050900 -1.821350
v 0.051840 0.034640 -1.821350
v 0.059850 0.039990 -1.821350
v 0.057600 0.023860 -1.821350
v 0.066500 0.027540 -1.821350
v 0.061150 0.012160 -1.821350
v 0.070590 0.014040 -1.821350
v 0.062350 0.000000 -1.821350
v 0.071980 0.000000 -1.821350
v 0.061150 -0.012170 -1.821350
v 0.070590 -0.014040 -1.821350
v 0.057600 -0.023860 -1.821350
v 0.066500 -0.027540 -1.821350
v 0.051840 -0.034640 -1.821350
v 0.059850 -0.039990 -1.821350
v 0.044080 -0.044080 -1.821350
v 0.050900 -0.050900 -1.821350
v 0.034640 -0.051840 -1.821350
v 0.039990 -0.059850 -1.821350
v 0.033710 -0.063210 -1.821350
v 0.023860 -0.057600 -1.821350
v 0.027540 -0.066500 -1.821350
v 0.012160 -0.061150 -1.821350
v 0.014040 -0.070600 -1.821350
v -0.000000 -0.062350 -1.821350
v -0.000000 -0.071980 -1.821350
v -0.062350 0.000000 -1.819950
v -0.061150 -0.012170 -1.821350
v -0.061150 -0.012170 -1.819950
v -0.057600 -0.023860 -1.821350
v -0.062350 0.000000 -1.821350
v -0.057600 -0.023860 -1.819950
v -0.061150 0.012160 -1.819950
v -0.051840 -0.034640 -1.821350
v -0.061150 0.012160 -1.821350
v -0.051840 -0.034640 -1.819950
v -0.057600 0.023860 -1.819950
v -0.044080 -0.044080 -1.821350
v -0.057600 0.023860 -1.821350
v -0.044080 -0.044080 -1.819950
v -0.051840 0.034640 -1.819950
v -0.034640 -0.051840 -1.821350
v -0.051840 0.034640 -1.821350
v -0.034640 -0.051840 -1.819950
v -0.044080 0.044080 -1.819950
v -0.023860 -0.057600 -1.821350
v -0.044080 0.044080 -1.821350
v -0.023860 -0.057600 -1.819950
v -0.034640 0.051840 -1.819950
v -0.012170 -0.061150 -1.821350
v -0.034640 0.051840 -1.821350
v -0.012170 -0.061150 -1.819950
v -0.000000 -0.062350 -1.821350
v -0.000000 -0.062350 -1.819950
v -0.023860 0.057600 -1.819950
v -0.023860 0.057600 -1.821350
v -0.012170 0.061150 -1.819950
v -0.012170 0.061150 -1.821350
v -0.000000 0.062350 -1.819950
v -0.000000 0.062350 -1.821350
v 0.012160 0.061150 -1.819950
v 0.012160 0.061150 -1.821350
v 0.023860 0.057600 -1.819950
v 0.023860 0.057600 -1.821350
v 0.034640 0.051840 -1.819950
v 0.034640 0.051840 -1.821350
v 0.044080 0.044080 -1.819950
v 0.044080 0.044080 -1.821350
v 0.051840 0.034640 -1.819950
v 0.051840 0.034640 -1.821350
v 0.057600 0.023860 -1.819950
v 0.057600 0.023860 -1.821350
v 0.061150 0.012160 -1.819950
v 0.061150 0.012160 -1.821350
v 0.062350 0.000000 -1.819950
v 0.062350 0.000000 -1.821350
v 0.061150 -0.012170 -1.819950
v 0.061150 -0.012170 -1.821350
v 0.057600 -0.023860 -1.819950
v 0.057600 -0.023860 -1.821350
v 0.051840 -0.034640 -1.819950
v 0.051840 -0.034640 -1.821350
v 0.044080 -0.044080 -1.819950
v 0.044080 -0.044080 -1.821350
v 0.034640 -0.051840 -1.819950
v 0.034640 -0.051840 -1.821350
v 0.023860 -0.057600 -1.821350
v 0.023860 -0.057600 -1.819950
v 0.012160 -0.061150 -1.819950
v 0.012160 -0.061150 -1.821350
v -0.000000 -0.062350 -1.819950
v -0.000000 -0.062350 -1.821350
v -0.057540 0.000000 -1.820680
v -0.061150 -0.012170 -1.819950
v -0.056430 -0.011220 -1.820680
v -0.057600 -0.023860 -1.819950
v -0.062350 0.000000 -1.819950
v -0.053150 -0.022020 -1.820680
v -0.056430 0.011220 -1.820680
v -0.051840 -0.034640 -1.819950
v -0.061150 0.012160 -1.819950
v -0.047840 -0.031960 -1.820680
v -0.053150 0.022020 -1.820680
v -0.044080 -0.044080 -1.819950
v -0.057600 0.023860 -1.819950
v -0.040690 -0.040690 -1.820680
v -0.047840 0.031970 -1.820680
v -0.034640 -0.051840 -1.819950
v -0.051840 0.034640 -1.819950
v -0.031970 -0.047830 -1.820680
v -0.040690 0.040680 -1.820680
v -0.023860 -0.057600 -1.819950
v -0.044080 0.044080 -1.819950
v -0.022020 -0.053150 -1.820680
v -0.031970 0.047840 -1.820680
v -0.012170 -0.061150 -1.819950
v -0.034640 0.051840 -1.819950
v -0.011220 -0.056430 -1.820680
v -0.022020 0.053150 -1.820680
v -0.000000 -0.062350 -1.819950
v -0.023860 0.057600 -1.819950
v -0.000000 -0.057540 -1.820680
v -0.011220 0.056430 -1.820680
v 0.012160 -0.061150 -1.819950
v -0.012170 0.061150 -1.819950
v -0.000000 0.057540 -1.820680
v -0.000000 0.062350 -1.819950
v 0.011220 -0.056430 -1.820680
v 0.023860 -0.057600 -1.819950
v 0.022020 -0.053150 -1.820680
v 0.034640 -0.051840 -1.819950
v 0.031960 -0.047830 -1.820680
v 0.044080 -0.044080 -1.819950
v 0.040680 -0.040690 -1.820680
v 0.051840 -0.034640 -1.819950
v 0.047830 -0.031960 -1.820680
v 0.057600 -0.023860 -1.819950
v 0.053150 -0.022020 -1.820680
v 0.061150 -0.012170 -1.819950
v 0.056430 -0.011220 -1.820680
v 0.062350 0.000000 -1.819950
v 0.057540 0.000000 -1.820680
v 0.061150 0.012160 -1.819950
v 0.056430 0.011220 -1.820680
v 0.057600 0.023860 -1.819950
v 0.053150 0.022020 -1.820680
v 0.051840 0.034640 -1.819950
v 0.047830 0.031970 -1.820680
v 0.044080 0.044080 -1.819950
v 0.040680 0.040680 -1.820680
v 0.034640 0.051840 -1.819950
v 0.031960 0.047840 -1.820680
v 0.023860 0.057600 -1.819950
v 0.022020 0.053150 -1.820680
v 0.012160 0.061150 -1.819950
v 0.011220 0.056430 -1.820680
v -0.000000 0.062350 -1.819950
v -0.000000 0.057540 -1.820680
v -0.056680 0.000000 -1.553130
v -0.023520 -0.004680 -1.689420
v -0.055600 -0.011060 -1.553130
v -0.022150 -0.009180 -1.689420
v -0.023980 0.000000 -1.689420
v -0.052370 -0.021690 -1.553130
v -0.055600 0.011060 -1.553130
v -0.019930 -0.013320 -1.689420
v -0.023520 0.004680 -1.689420
v -0.047130 -0.031490 -1.553130
v -0.052370 0.021690 -1.553130
v -0.016950 -0.016950 -1.689420
v -0.022150 0.009180 -1.689420
v -0.040080 -0.040080 -1.553130
v -0.047130 0.031490 -1.553130
v -0.013320 -0.019930 -1.689420
v -0.019930 0.013320 -1.689420
v -0.031490 -0.047130 -1.553130
v -0.040080 0.040080 -1.553130
v -0.009180 -0.022150 -1.689420
v -0.016950 0.016950 -1.689420
v -0.021690 -0.052370 -1.553130
v -0.031490 0.047130 -1.553130
v -0.004680 -0.023520 -1.689420
v -0.013320 0.019930 -1.689420
v -0.011060 -0.055600 -1.553130
v -0.021690 0.052370 -1.553130
v -0.000000 -0.023980 -1.689420
v -0.009180 0.022150 -1.689420
v -0.000000 -0.056680 -1.553130
v -0.011060 0.055600 -1.553130
v 0.004680 -0.023520 -1.689420
v -0.004680 0.023520 -1.689420
v -0.000000 0.056680 -1.553130
v -0.000000 0.023980 -1.689420
v 0.011060 -0.055600 -1.553130
v 0.009180 -0.022150 -1.689420
v 0.021690 -0.052370 -1.553130
v 0.013320 -0.019930 -1.689420
v 0.031490 -0.047130 -1.553130
v 0.016950 -0.016950 -1.689420
v 0.040080 -0.040080 -1.553130
v 0.019930 -0.013320 -1.689420
v 0.047130 -0.031490 -1.553130
v 0.022150 -0.009180 -1.689420
v 0.052370 -0.021690 -1.553130
v 0.023520 -0.004680 -1.689420
v 0.055600 -0.011060 -1.553130
v 0.023980 0.000000 -1.689420
v 0.056680 0.000000 -1.553130
v 0.023520 0.004680 -1.689420
v 0.055600 0.011060 -1.553130
v 0.022150 0.009180 -1.689420
v 0.052370 0.021690 -1.553130
v 0.019930 0.013320 -1.689420
v 0.047130 0.031490 -1.553130
v 0.016950 0.016950 -1.689420
v 0.040080 0.040080 -1.553130
v 0.013320 0.019930 -1.689420
v 0.031490 0.047130 -1.553130
v 0.009180 0.022150 -1.689420
v 0.021690 0.052370 -1.553130
v 0.004680 0.023520 -1.689420
v 0.011060 0.055600 -1.553130
v -0.000000 0.023980 -1.689420
v -0.000000 0.056680 -1.553130
v -0.023850 -0.004740 -1.696460
v -0.023980 0.000000 -1.693330
v -0.024320 0.000000 -1.696460
v -0.023520 -0.004680 -1.689420
v -0.023980 0.000000 -1.689420
v -0.023520 -0.004680 -1.693330
v -0.022150 -0.009180 -1.689420
v -0.023520 0.004680 -1.693330
v -0.023520 0.004680 -1.689420
v -0.022150 -0.009180 -1.693330
v -0.019930 -0.013320 -1.689420
v -0.022470 -0.009300 -1.696460
v -0.022150 0.009180 -1.693330
v -0.022150 0.009180 -1.689420
v -0.019930 -0.013320 -1.693330
v -0.023850 0.004740 -1.696460
v -0.016950 -0.016950 -1.689420
v -0.019930 0.013320 -1.693330
v -0.019930 0.013320 -1.689420
v -0.022470 0.009300 -1.696460
v -0.016950 -0.016950 -1.693330
v -0.013320 -0.019930 -1.689420
v -0.016950 0.016950 -1.693330
v -0.016950 0.016950 -1.689420
v -0.020220 0.013510 -1.696460
v -0.013320 -0.019930 -1.693330
v -0.009180 -0.022150 -1.689420
v -0.013320 0.019930 -1.693330
v -0.013320 0.019930 -1.689420
v -0.017190 0.017190 -1.696460
v -0.009180 -0.022150 -1.693330
v -0.004680 -0.023520 -1.689420
v -0.009180 0.022150 -1.693330
v -0.009180 0.022150 -1.689420
v -0.013510 0.020220 -1.696460
v -0.004680 -0.023520 -1.693330
v -0.000000 -0.023980 -1.689420
v -0.004680 0.023520 -1.693330
v -0.004680 0.023520 -1.689420
v -0.000000 0.023980 -1.693330
v -0.000000 0.023980 -1.689420
v -0.009300 0.022470 -1.696460
v -0.004740 0.023850 -1.696460
v -0.000000 0.024320 -1.696460
v -0.000000 0.025180 -1.699420
v -0.004910 0.024700 -1.699420
v -0.000000 0.034270 -1.715780
v -0.009640 0.023260 -1.699420
v -0.006680 0.033600 -1.715780
v -0.008810 0.044260 -1.740250
v -0.000000 0.045130 -1.740250
v -0.013990 0.020940 -1.699420
v -0.013110 0.031660 -1.715780
v -0.017270 0.041700 -1.740250
v -0.010310 0.051830 -1.765770
v -0.000000 0.052850 -1.765770
v -0.020220 0.048820 -1.765770
v -0.025070 0.037530 -1.740250
v -0.029360 0.043950 -1.765770
v -0.011070 0.055650 -1.793250
v -0.000000 0.056740 -1.793250
v -0.011220 0.056430 -1.820680
v -0.000000 0.057540 -1.820680
v -0.022020 0.053150 -1.820680
v -0.021720 0.052420 -1.793250
v -0.031970 0.047840 -1.820680
v -0.031530 0.047180 -1.793250
v -0.040690 0.040680 -1.820680
v -0.040120 0.040120 -1.793250
v -0.047840 0.031970 -1.820680
v -0.037370 0.037370 -1.765770
v -0.047180 0.031530 -1.793250
v -0.053150 0.022020 -1.820680
v -0.052420 0.021720 -1.793250
v -0.056430 0.011220 -1.820680
v -0.043950 0.029360 -1.765770
v -0.031910 0.031910 -1.740250
v -0.019040 0.028490 -1.715780
v -0.055650 0.011070 -1.793250
v -0.057540 0.000000 -1.820680
v -0.048830 0.020220 -1.765770
v -0.056740 0.000000 -1.793250
v -0.056430 -0.011220 -1.820680
v -0.051830 0.010310 -1.765770
v -0.037530 0.025070 -1.740250
v -0.041700 0.017270 -1.740250
v -0.024230 0.024230 -1.715780
v -0.028490 0.019040 -1.715780
v -0.017810 0.017810 -1.699420
v -0.020940 0.013990 -1.699420
v -0.023260 0.009640 -1.699420
v -0.031660 0.013110 -1.715780
v -0.024700 0.004910 -1.699420
v -0.044260 0.008810 -1.740250
v -0.033610 0.006680 -1.715780
v -0.025180 0.000000 -1.699420
v -0.052850 0.000000 -1.765770
v -0.045130 0.000000 -1.740250
v -0.034270 0.000000 -1.715780
v -0.024700 -0.004910 -1.699420
v -0.055650 -0.011070 -1.793250
v -0.053150 -0.022020 -1.820680
v -0.051830 -0.010310 -1.765770
v -0.052420 -0.021720 -1.793250
v -0.047840 -0.031960 -1.820680
v -0.044260 -0.008810 -1.740250
v -0.048830 -0.020220 -1.765770
v -0.047180 -0.031530 -1.793250
v -0.040690 -0.040690 -1.820680
v -0.033610 -0.006680 -1.715780
v -0.041700 -0.017270 -1.740250
v -0.043950 -0.029360 -1.765770
v -0.040120 -0.040120 -1.793250
v -0.031970 -0.047830 -1.820680
v -0.023260 -0.009640 -1.699420
v -0.031660 -0.013110 -1.715780
v -0.037530 -0.025070 -1.740250
v -0.037370 -0.037370 -1.765770
v -0.031530 -0.047180 -1.793250
v -0.022020 -0.053150 -1.820680
v -0.021720 -0.052420 -1.793250
v -0.011220 -0.056430 -1.820680
v -0.029360 -0.043940 -1.765770
v -0.031910 -0.031910 -1.740250
v -0.028490 -0.019030 -1.715780
v -0.011070 -0.055650 -1.793250
v -0.000000 -0.057540 -1.820680
v -0.020220 -0.048830 -1.765770
v -0.025070 -0.037530 -1.740250
v -0.024230 -0.024230 -1.715780
v -0.000000 -0.056740 -1.793250
v 0.011220 -0.056430 -1.820680
v -0.010310 -0.051830 -1.765770
v -0.017270 -0.041700 -1.740250
v -0.019040 -0.028490 -1.715780
v 0.011070 -0.055650 -1.793250
v 0.022020 -0.053150 -1.820680
v -0.000000 -0.052850 -1.765770
v -0.008810 -0.044260 -1.740250
v -0.013110 -0.031660 -1.715780
v 0.021720 -0.052420 -1.793250
v 0.031960 -0.047830 -1.820680
v 0.010310 -0.051830 -1.765770
v -0.000000 -0.045130 -1.740250
v -0.006680 -0.033610 -1.715780
v 0.031530 -0.047180 -1.793250
v 0.040680 -0.040690 -1.820680
v 0.020220 -0.048830 -1.765770
v 0.008810 -0.044260 -1.740250
v -0.000000 -0.034270 -1.715780
v 0.040120 -0.040120 -1.793250
v 0.047830 -0.031960 -1.820680
v 0.029360 -0.043940 -1.765770
v 0.017270 -0.041700 -1.740250
v 0.006680 -0.033610 -1.715780
v 0.047180 -0.031530 -1.793250
v 0.053150 -0.022020 -1.820680
v 0.037370 -0.037370 -1.765770
v 0.025070 -0.037530 -1.740250
v 0.013110 -0.031660 -1.715780
v 0.052420 -0.021720 -1.793250
v 0.056430 -0.011220 -1.820680
v 0.043940 -0.029360 -1.765770
v 0.031910 -0.031910 -1.740250
v 0.019030 -0.028490 -1.715780
v 0.055650 -0.011070 -1.793250
v 0.057540 0.000000 -1.820680
v 0.048820 -0.020220 -1.765770
v 0.037530 -0.025070 -1.740250
v 0.024230 -0.024230 -1.715780
v 0.056740 0.000000 -1.793250
v 0.056430 0.011220 -1.820680
v 0.051830 -0.010310 -1.765770
v 0.041700 -0.017270 -1.740250
v 0.028490 -0.019030 -1.715780
v 0.055650 0.011070 -1.793250
v 0.053150 0.022020 -1.820680
v 0.052850 0.000000 -1.765770
v 0.044260 -0.008810 -1.740250
v 0.031660 -0.013110 -1.715780
v 0.052420 0.021720 -1.793250
v 0.047830 0.031970 -1.820680
v 0.051830 0.010310 -1.765770
v 0.045130 0.000000 -1.740250
v 0.033600 -0.006680 -1.715780
v 0.047180 0.031530 -1.793250
v 0.040680 0.040680 -1.820680
v 0.048820 0.020220 -1.765770
v 0.044260 0.008810 -1.740250
v 0.034270 0.000000 -1.715780
v 0.040120 0.040120 -1.793250
v 0.031960 0.047840 -1.820680
v 0.043940 0.029360 -1.765770
v 0.041700 0.017270 -1.740250
v 0.033600 0.006680 -1.715780
v 0.031530 0.047180 -1.793250
v 0.022020 0.053150 -1.820680
v 0.037370 0.037370 -1.765770
v 0.037530 0.025070 -1.740250
v 0.031660 0.013110 -1.715780
v 0.021720 0.052420 -1.793250
v 0.011220 0.056430 -1.820680
v 0.029360 0.043950 -1.765770
v 0.031910 0.031910 -1.740250
v 0.028490 0.019040 -1.715780
v 0.011070 0.055650 -1.793250
v -0.000000 0.057540 -1.820680
v -0.000000 0.056740 -1.793250
v 0.020220 0.048820 -1.765770
v 0.010310 0.051830 -1.765770
v -0.000000 0.052850 -1.765770
v 0.025070 0.037530 -1.740250
v 0.017270 0.041700 -1.740250
v 0.008810 0.044260 -1.740250
v -0.000000 0.045130 -1.740250
v 0.024230 0.024230 -1.715780
v 0.019030 0.028490 -1.715780
v 0.013110 0.031660 -1.715780
v 0.006680 0.033600 -1.715780
v -0.000000 0.034270 -1.715780
v -0.000000 0.025180 -1.699420
v 0.004910 0.024700 -1.699420
v -0.000000 0.024320 -1.696460
v 0.009640 0.023260 -1.699420
v 0.004740 0.023850 -1.696460
v 0.004680 0.023520 -1.693330
v -0.000000 0.023980 -1.693330
v -0.000000 0.023980 -1.689420
v 0.004680 0.023520 -1.689420
v 0.009180 0.022150 -1.693330
v 0.009180 0.022150 -1.689420
v 0.009300 0.022470 -1.696460
v 0.013990 0.020940 -1.699420
v 0.013320 0.019930 -1.693330
v 0.013320 0.019930 -1.689420
v 0.013510 0.020220 -1.696460
v 0.017810 0.017810 -1.699420
v 0.016950 0.016950 -1.693330
v 0.016950 0.016950 -1.689420
v 0.017190 0.017190 -1.696460
v 0.020940 0.013990 -1.699420
v 0.019930 0.013320 -1.693330
v 0.019930 0.013320 -1.689420
v 0.020220 0.013510 -1.696460
v 0.023260 0.009640 -1.699420
v 0.022150 0.009180 -1.693330
v 0.022150 0.009180 -1.689420
v 0.022470 0.009300 -1.696460
v 0.024700 0.004910 -1.699420
v 0.023520 0.004680 -1.693330
v 0.023520 0.004680 -1.689420
v 0.023850 0.004740 -1.696460
v 0.025180 0.000000 -1.699420
v 0.023980 0.000000 -1.693330
v 0.023980 0.000000 -1.689420
v 0.024320 0.000000 -1.696460
v 0.024700 -0.004910 -1.699420
v 0.023520 -0.004680 -1.693330
v 0.023520 -0.004680 -1.689420
v 0.023850 -0.004740 -1.696460
v 0.023260 -0.009640 -1.699420
v 0.022150 -0.009180 -1.693330
v 0.022150 -0.009180 -1.689420
v 0.022460 -0.009320 -1.696510
v 0.020940 -0.013990 -1.699420
v 0.019930 -0.013320 -1.697240
v 0.017810 -0.017810 -1.699420
v 0.019930 -0.013320 -1.693330
v 0.019930 -0.013320 -1.689420
v 0.016950 -0.016950 -1.693330
v 0.016950 -0.016950 -1.689420
v 0.017190 -0.017190 -1.696460
v 0.013990 -0.020940 -1.699420
v 0.013320 -0.019930 -1.693330
v 0.013320 -0.019930 -1.689420
v 0.013510 -0.020220 -1.696460
v 0.009640 -0.023260 -1.699420
v 0.009180 -0.022150 -1.693330
v 0.009180 -0.022150 -1.689420
v 0.009300 -0.022470 -1.696460
v 0.004910 -0.024700 -1.699420
v 0.004680 -0.023520 -1.693330
v 0.004680 -0.023520 -1.689420
v 0.004740 -0.023850 -1.696460
v -0.000000 -0.025180 -1.699420
v -0.000000 -0.023980 -1.693330
v -0.000000 -0.024320 -1.696460
v -0.004910 -0.024700 -1.699420
v -0.004740 -0.023850 -1.696460
v -0.009640 -0.023260 -1.699420
v -0.009300 -0.022470 -1.696460
v -0.013990 -0.020940 -1.699420
v -0.013510 -0.020220 -1.696460
v -0.017810 -0.017810 -1.699420
v -0.017190 -0.017190 -1.696460
v -0.020940 -0.013990 -1.699420
v -0.020220 -0.013510 -1.696460
v 0.082220 0.034060 -1.718180
v 0.073750 0.049770 -1.701200
v 0.073870 0.049610 -1.709690
v 0.074000 0.049440 -1.741030
v 0.074000 0.049440 -1.718180
v 0.068780 0.055810 -1.713440
v 0.062940 0.062940 -1.759010
v 0.062930 0.062930 -1.741030
v 0.049450 0.074010 -1.759010
v 0.062930 0.062930 -1.718180
v 0.062930 0.062930 -1.715220
v 0.055800 0.068770 -1.713440
v 0.049440 0.074000 -1.741030
v 0.049440 0.074000 -1.718180
v 0.049610 0.073870 -1.709690
v 0.034060 0.082230 -1.759010
v 0.034060 0.082220 -1.741030
v 0.017370 0.087290 -1.759010
v 0.017360 0.087290 -1.741030
v 0.034060 0.082220 -1.718180
v 0.049770 0.073740 -1.701200
v 0.000000 0.000000 1.839000
v -0.002490 -0.002490 1.836540
v -0.003520 0.000000 1.836540
v -0.005310 -0.002200 1.831790
v -0.004060 -0.004060 1.831790
v -0.005740 0.000000 1.831790
v -0.002200 -0.005310 1.831790
v -0.005310 0.002190 1.831790
v 0.000000 -0.003520 1.836540
v 0.000000 -0.005740 1.831790
v 0.002190 -0.005310 1.831790
v -0.002490 0.002490 1.836540
v -0.004060 0.004060 1.831790
v -0.002200 0.005300 1.831790
v 0.002490 -0.002490 1.836540
v 0.004060 -0.004060 1.831790
v 0.005300 -0.002200 1.831790
v 0.000000 0.003520 1.836540
v 0.000000 0.005740 1.831790
v 0.002190 0.005300 1.831790
v 0.003520 0.000000 1.836540
v 0.005740 0.000000 1.831790
v 0.005300 0.002190 1.831790
v 0.002490 0.002490 1.836540
v 0.004060 0.004060 1.831790
v 0.009900 0.004100 1.819950
v 0.005740 0.000000 1.831790
v 0.005300 0.002190 1.831790
v 0.010720 0.000000 1.819950
v 0.007580 0.007580 1.819950
v 0.004060 0.004060 1.831790
v 0.017040 0.003390 1.804260
v 0.017380 0.000000 1.804260
v 0.024560 0.004890 1.784430
v 0.025050 0.000000 1.784430
v 0.016050 0.006650 1.804260
v 0.034170 0.006800 1.758510
v 0.034840 0.000000 1.758510
v 0.023140 0.009580 1.784430
v 0.032190 0.013330 1.758510
v 0.044660 0.008880 1.727010
v 0.045540 0.000000 1.727010
v 0.042070 0.017420 1.727010
v 0.028970 0.019360 1.758510
v 0.055840 0.011110 1.689200
v 0.056940 0.000000 1.689200
v 0.052600 0.021790 1.689200
v 0.037860 0.025300 1.727010
v 0.047350 0.031640 1.689200
v 0.065580 0.013050 1.647810
v 0.066860 0.000000 1.647810
v 0.061770 0.025590 1.647810
v 0.055600 0.037150 1.647810
v 0.073100 0.014540 1.603130
v 0.074530 0.000000 1.603130
v 0.068850 0.028520 1.603130
v 0.061970 0.041410 1.603130
v 0.078150 0.015540 1.558110
v 0.079680 0.000000 1.558110
v 0.073620 0.030490 1.558110
v 0.066250 0.044270 1.558110
v 0.081640 0.016240 1.510860
v 0.076900 0.031860 1.510860
v 0.079300 0.032850 1.462430
v 0.071370 0.047680 1.462430
v 0.069210 0.046240 1.510860
v 0.060690 0.060690 1.462430
v 0.058860 0.058860 1.510860
v 0.047680 0.071370 1.462430
v 0.056350 0.056350 1.558110
v 0.046240 0.069210 1.510860
v 0.032850 0.079300 1.462430
v 0.052700 0.052700 1.603130
v 0.044270 0.066250 1.558110
v 0.031860 0.076900 1.510860
v 0.016750 0.084180 1.462430
v 0.000000 0.085830 1.462430
v 0.016240 0.081640 1.510860
v 0.000000 0.083240 1.510860
v 0.030490 0.073620 1.558110
v 0.015540 0.078150 1.558110
v 0.000000 0.079680 1.558110
v 0.041410 0.061970 1.603130
v 0.028520 0.068850 1.603130
v 0.014540 0.073100 1.603130
v 0.000000 0.074530 1.603130
v 0.047280 0.047280 1.647810
v 0.037150 0.055600 1.647810
v 0.040270 0.040270 1.689200
v 0.025590 0.061770 1.647810
v 0.031640 0.047350 1.689200
v 0.032190 0.032190 1.727010
v 0.013050 0.065570 1.647810
v 0.000000 0.066860 1.647810
v 0.021790 0.052600 1.689200
v 0.011110 0.055840 1.689200
v 0.000000 0.056940 1.689200
v 0.025300 0.037860 1.727010
v 0.017430 0.042070 1.727010
v 0.008880 0.044660 1.727010
v 0.000000 0.045540 1.727010
v 0.024630 0.024640 1.758510
v 0.019350 0.028970 1.758510
v 0.013330 0.032190 1.758510
v 0.006800 0.034170 1.758510
v 0.000000 0.034840 1.758510
v 0.020820 0.013910 1.784430
v 0.017710 0.017710 1.784430
v 0.014450 0.009650 1.804260
v 0.012290 0.012290 1.804260
v 0.013910 0.020820 1.784430
v 0.009650 0.014450 1.804260
v 0.009580 0.023140 1.784430
v 0.004100 0.009900 1.819950
v 0.006650 0.016050 1.804260
v 0.002190 0.005300 1.831790
v 0.000000 0.010720 1.819950
v 0.000000 0.005740 1.831790
v 0.003390 0.017040 1.804260
v 0.000000 0.017380 1.804260
v 0.000000 0.025050 1.784430
v 0.004890 0.024560 1.784430
v -0.073910 0.050810 0.059490
v -0.075310 0.041870 0.059490
v -0.078950 0.044260 0.059490
v -0.070310 0.048430 0.059490
v -0.073910 0.050810 0.059490
v -0.076820 0.051980 0.048990
v -0.074620 0.054830 0.047140
v -0.079410 0.048520 0.049540
v -0.078950 0.044260 0.059490
v -0.082220 0.044740 0.048820
v -0.084300 0.042000 0.047140
v -0.078950 0.044260 0.059490
v -0.078160 0.037960 0.047140
v -0.084300 0.042000 0.047140
v -0.075310 0.041870 0.059490
v -0.078820 0.037050 0.028380
v -0.084980 0.041080 0.028380
v -0.078820 0.037050 0.020110
v -0.086660 0.042190 0.020110
v -0.086660 0.042190 0.028380
v -0.078820 0.037050 -0.015800
v -0.086660 0.042190 -0.015800
v -0.078820 0.037050 -0.015800
v -0.084240 0.045450 -0.044630
v -0.076410 0.040310 -0.044630
v -0.063850 0.057220 0.045910
v -0.074620 0.054830 0.047140
v -0.072850 0.057230 0.028380
v -0.073910 0.050810 0.059490
v -0.070310 0.048430 0.059490
v -0.066270 0.053940 0.020110
v -0.074000 0.059050 0.020110
v -0.074520 0.058330 0.028380
v -0.062680 0.058790 -0.044630
v -0.075880 0.063840 -0.028540
v -0.079310 0.072540 -0.044630
v -0.075100 0.054260 0.026310
v -0.082570 0.044350 0.026310
v -0.078820 0.049310 0.025140
v -0.084980 0.041080 0.028380
v -0.072850 0.057230 0.028380
v -0.084300 0.042000 0.047140
v -0.082220 0.044740 0.048820
v -0.079410 0.048520 0.049540
v -0.076820 0.051980 0.048990
v -0.074620 0.054830 0.047140
v -0.086660 0.042190 0.020110
v -0.074000 0.059050 0.020110
v -0.080500 0.050410 0.025140
v -0.076750 0.055330 0.026310
v -0.074520 0.058330 0.028380
v -0.084250 0.045450 0.026310
v -0.086660 0.042190 0.028380
v -0.075450 0.057130 -0.038710
v -0.086660 0.042190 -0.015800
v -0.084240 0.045450 -0.044630
v -0.076010 0.056360 -0.062890
v -0.076010 0.056360 -0.062890
v -0.076410 0.040310 -0.044630
v -0.069330 0.049680 -0.062890
v -0.084240 0.045450 -0.044630
v -0.069330 0.049680 -0.062890
v -0.062660 0.058770 -0.079930
v -0.076010 0.056360 -0.062890
v -0.067730 0.061110 -0.079930
v -0.076750 0.055330 0.026310
v -0.072850 0.057230 0.028380
v -0.075100 0.054260 0.026310
v -0.074520 0.058330 0.028380
v -0.080500 0.050410 0.025140
v -0.078820 0.049310 0.025140
v -0.084250 0.045450 0.026310
v -0.082570 0.044350 0.026310
v -0.086660 0.042190 0.028380
v -0.084980 0.041080 0.028380
v -0.076010 0.056360 -0.062890
v -0.079300 0.072540 -0.062890
v -0.079310 0.072540 -0.044630
v -0.075450 0.057130 -0.038710
v -0.075880 0.063840 -0.028540
v -0.074000 0.059050 0.020110
v -0.079300 0.072540 -0.062890
v -0.076010 0.056360 -0.062890
v -0.067730 0.061110 -0.079930
v -0.050810 0.073920 0.059490
v -0.041870 0.075310 0.059490
v -0.048430 0.070310 0.059490
v -0.044260 0.078950 0.059490
v -0.050810 0.073920 0.059490
v -0.054830 0.074620 0.047140
v -0.051980 0.076830 0.048990
v -0.048520 0.079410 0.049540
v -0.044260 0.078950 0.059490
v -0.044740 0.082220 0.048820
v -0.042000 0.084300 0.047140
v -0.044260 0.078950 0.059490
v -0.037960 0.078160 0.047140
v -0.041870 0.075310 0.059490
v -0.042000 0.084300 0.047140
v -0.037050 0.078820 0.028380
v -0.041080 0.084980 0.028380
v -0.037050 0.078820 0.020110
v -0.042190 0.086660 0.020110
v -0.042190 0.086660 0.028380
v -0.037050 0.078820 -0.015800
v -0.042190 0.086660 -0.015800
v -0.045450 0.084250 -0.044630
v -0.037050 0.078820 -0.015800
v -0.040310 0.076410 -0.044630
v -0.057220 0.063850 0.045910
v -0.057230 0.072840 0.028380
v -0.054830 0.074620 0.047140
v -0.050810 0.073920 0.059490
v -0.048430 0.070310 0.059490
v -0.053940 0.066270 0.020110
v -0.059050 0.074000 0.020110
v -0.058330 0.074520 0.028380
v -0.058790 0.062680 -0.044630
v -0.063840 0.075890 -0.028540
v -0.072540 0.079310 -0.044630
v -0.054260 0.075090 0.026310
v -0.041080 0.084980 0.028380
v -0.057230 0.072840 0.028380
v -0.044350 0.082570 0.026310
v -0.049310 0.078820 0.025140
v -0.042000 0.084300 0.047140
v -0.044740 0.082220 0.048820
v -0.048520 0.079410 0.049540
v -0.051980 0.076830 0.048990
v -0.054830 0.074620 0.047140
v -0.042190 0.086660 0.020110
v -0.050410 0.080500 0.025140
v -0.059050 0.074000 0.020110
v -0.055330 0.076750 0.026310
v -0.058330 0.074520 0.028380
v -0.045450 0.084250 0.026310
v -0.042190 0.086660 0.028380
v -0.057130 0.075450 -0.038710
v -0.042190 0.086660 -0.015800
v -0.045450 0.084250 -0.044630
v -0.056360 0.076010 -0.062890
v -0.056360 0.076010 -0.062890
v -0.040310 0.076410 -0.044630
v -0.045450 0.084250 -0.044630
v -0.049680 0.069330 -0.062890
v -0.049680 0.069330 -0.062890
v -0.056360 0.076010 -0.062890
v -0.058770 0.062660 -0.079930
v -0.061110 0.067730 -0.079930
v -0.055330 0.076750 0.026310
v -0.057230 0.072840 0.028380
v -0.058330 0.074520 0.028380
v -0.054260 0.075090 0.026310
v -0.050410 0.080500 0.025140
v -0.049310 0.078820 0.025140
v -0.045450 0.084250 0.026310
v -0.044350 0.082570 0.026310
v -0.042190 0.086660 0.028380
v -0.041080 0.084980 0.028380
v -0.056360 0.076010 -0.062890
v -0.072540 0.079310 -0.044630
v -0.072540 0.079300 -0.062890
v -0.057130 0.075450 -0.038710
v -0.063840 0.075890 -0.028540
v -0.059050 0.074000 0.020110
v -0.079300 0.072540 -0.062890
v -0.061110 0.067730 -0.079930
v -0.072540 0.079300 -0.062890
v -0.067730 0.061110 -0.079930
v -0.058770 0.062660 -0.079930
v -0.062660 0.058770 -0.079930
v -0.072540 0.079310 -0.044630
v -0.079300 0.072540 -0.062890
v -0.072540 0.079300 -0.062890
v -0.079310 0.072540 -0.044630
v -0.072540 0.079300 -0.062890
v -0.061110 0.067730 -0.079930
v -0.056360 0.076010 -0.062890
v -0.079310 0.072540 -0.044630
v -0.058790 0.062680 -0.044630
v -0.062680 0.058790 -0.044630
v -0.072540 0.079310 -0.044630
v -0.064330 0.066230 -0.164880
v -0.185350 0.183440 -0.164880
v -0.066230 0.064330 -0.164880
v -0.183440 0.185350 -0.164880
v -0.184780 0.186680 -0.164880
v -0.186690 0.184780 -0.164880
v -0.186080 0.187990 -0.164490
v -0.187990 0.186080 -0.164490
v -0.189020 0.187120 -0.163540
v -0.187110 0.189020 -0.163540
v -0.188100 0.186200 -0.155720
v -0.064330 0.066230 0.139130
v -0.066230 0.064330 0.139130
v -0.186200 0.188100 -0.155720
v -0.188820 0.186920 -0.157840
v -0.186920 0.188820 -0.157840
v -0.066230 0.064330 -0.113050
v -0.064330 0.066230 -0.164880
v -0.066230 0.064330 -0.164880
v -0.064330 0.066230 -0.113050
v -0.063270 0.067280 -0.066860
v -0.067280 0.063270 -0.066860
v -0.147730 0.149640 -0.112940
v -0.064330 0.066230 -0.164880
v -0.064330 0.066230 -0.113050
v -0.183440 0.185350 -0.164880
v -0.186200 0.188100 -0.155720
v -0.084310 0.086210 0.040440
v -0.064330 0.066230 0.139130
v -0.064330 0.066230 0.088750
v -0.186920 0.188820 -0.157840
v -0.184780 0.186680 -0.164880
v -0.186080 0.187990 -0.164490
v -0.187410 0.189310 -0.159800
v -0.187490 0.189400 -0.161860
v -0.187110 0.189020 -0.163540
v -0.187990 0.186080 -0.164490
v -0.189400 0.187490 -0.161860
v -0.189310 0.187410 -0.159800
v -0.189020 0.187120 -0.163540
v -0.188820 0.186920 -0.157840
v -0.186690 0.184780 -0.164880
v -0.188100 0.186200 -0.155720
v -0.185350 0.183440 -0.164880
v -0.149640 0.147730 -0.112940
v -0.066230 0.064330 -0.164880
v -0.066230 0.064330 -0.113050
v -0.086210 0.084310 0.040440
v -0.066230 0.064330 0.139130
v -0.066230 0.064330 0.088750
v -0.066230 0.064330 -0.113050
v -0.149640 0.147730 -0.112940
v -0.067280 0.063270 -0.066860
v -0.081170 0.074350 -0.000500
v -0.066230 0.064330 0.088750
v -0.064330 0.066230 0.139130
v -0.064330 0.066230 0.088750
v -0.066230 0.064330 0.139130
v -0.063070 0.067480 0.040110
v -0.067480 0.063070 0.040110
v -0.074600 0.081400 -0.000890
v -0.064330 0.066230 0.088750
v -0.084310 0.086210 0.040440
v -0.063070 0.067480 0.040110
v -0.147730 0.149640 -0.112940
v -0.071240 0.059310 0.019550
v -0.081170 0.074350 -0.000500
v -0.067480 0.063070 0.040110
v -0.059310 0.071240 0.019550
v -0.074600 0.081400 -0.000890
v -0.063270 0.067280 -0.066860
v -0.189310 0.187410 -0.159800
v -0.186920 0.188820 -0.157840
v -0.188820 0.186920 -0.157840
v -0.187410 0.189310 -0.159800
v -0.189400 0.187490 -0.161860
v -0.187490 0.189400 -0.161860
v -0.189020 0.187120 -0.163540
v -0.187110 0.189020 -0.163540
v -0.187490 0.189400 -0.161860
v -0.189400 0.187490 -0.161860
v -0.063070 0.067480 0.040110
v -0.074600 0.081400 -0.000890
v -0.059310 0.071240 0.019550
v -0.081170 0.074350 -0.000500
v -0.066230 0.064330 0.088750
v -0.067480 0.063070 0.040110
v -0.086210 0.084310 0.040440
v -0.149640 0.147730 -0.112940
v -0.063740 0.059740 -0.066860
v -0.059540 0.063940 0.040110
v -0.059740 0.063740 -0.066860
v -0.063940 0.059540 0.040110
v -0.067280 0.063270 -0.066860
v -0.081170 0.074350 -0.000500
v -0.071240 0.059310 0.019550
v -0.063270 0.067280 -0.066860
v -0.074600 0.081400 -0.000890
v -0.147730 0.149640 -0.112940
v -0.064330 0.066230 -0.113050
v -0.059310 0.071240 0.019550
v -0.059540 0.063940 0.040110
v -0.063070 0.067480 0.040110
v -0.063270 0.067280 -0.066860
v -0.059740 0.063740 -0.066860
v -0.063940 0.059540 0.040110
v -0.063070 0.067480 0.040110
v -0.059540 0.063940 0.040110
v -0.067480 0.063070 0.040110
v -0.067480 0.063070 0.040110
v -0.063940 0.059540 0.040110
v -0.071240 0.059310 0.019550
v -0.063740 0.059740 -0.066860
v -0.067280 0.063270 -0.066860
v -0.059740 0.063740 -0.066860
v -0.067280 0.063270 -0.066860
v -0.063740 0.059740 -0.066860
v -0.063270 0.067280 -0.066860
v -0.069490 0.069090 -1.684220
v -0.063620 0.074970 -1.664170
v -0.069490 0.069090 -1.662500
v -0.058630 0.079950 -1.668860
v -0.075370 0.063210 -1.664170
v -0.055300 0.083280 -1.675960
v -0.080350 0.058230 -1.668860
v -0.083680 0.054900 -1.675960
v -0.084850 0.053730 -1.684220
v -0.054140 0.084450 -1.684220
v -0.069490 0.069090 -1.705950
v -0.083680 0.054900 -1.692550
v -0.080350 0.058230 -1.699580
v -0.075370 0.063210 -1.704330
v -0.063620 0.074970 -1.704330
v -0.058630 0.079950 -1.699580
v -0.055300 0.083280 -1.692550
v -0.058740 0.046580 -1.664170
v -0.069490 0.069090 -1.662500
v -0.052860 0.052460 -1.662500
v -0.063620 0.074970 -1.664170
v -0.075370 0.063210 -1.664170
v -0.063720 0.041600 -1.668860
v -0.080350 0.058230 -1.668860
v -0.046980 0.058330 -1.664170
v -0.058630 0.079950 -1.668860
v -0.042000 0.063320 -1.668860
v -0.055300 0.083280 -1.675960
v -0.038670 0.066650 -1.675960
v -0.054140 0.084450 -1.684220
v -0.037500 0.067820 -1.684220
v -0.055300 0.083280 -1.692550
v -0.038670 0.066650 -1.692550
v -0.058630 0.079950 -1.699580
v -0.042000 0.063320 -1.699580
v -0.063620 0.074970 -1.704330
v -0.046980 0.058330 -1.704330
v -0.069490 0.069090 -1.705950
v -0.052860 0.052460 -1.705950
v -0.075370 0.063210 -1.704330
v -0.058740 0.046580 -1.704330
v -0.080350 0.058230 -1.699580
v -0.063720 0.041600 -1.699580
v -0.083680 0.054900 -1.692550
v -0.067050 0.038270 -1.692550
v -0.084850 0.053730 -1.684220
v -0.068220 0.037100 -1.684220
v -0.083680 0.054900 -1.675960
v -0.067050 0.038270 -1.675960
v -0.080350 0.058230 -1.668860
v -0.063720 0.041600 -1.668860
v 0.073920 -0.050810 0.059490
v 0.075310 -0.041870 0.059490
v 0.078950 -0.044260 0.059490
v 0.070310 -0.048430 0.059490
v 0.073920 -0.050810 0.059490
v 0.076830 -0.051980 0.048990
v 0.074620 -0.054830 0.047140
v 0.079410 -0.048520 0.049540
v 0.078950 -0.044260 0.059490
v 0.082220 -0.044740 0.048820
v 0.084300 -0.042000 0.047140
v 0.078950 -0.044260 0.059490
v 0.078160 -0.037960 0.047140
v 0.084300 -0.042000 0.047140
v 0.075310 -0.041870 0.059490
v 0.078820 -0.037050 0.028380
v 0.084980 -0.041080 0.028380
v 0.078820 -0.037050 0.020110
v 0.086660 -0.042190 0.020110
v 0.086660 -0.042190 0.028380
v 0.078820 -0.037050 -0.015800
v 0.086660 -0.042190 -0.015800
v 0.078820 -0.037050 -0.015800
v 0.084250 -0.045450 -0.044630
v 0.076410 -0.040310 -0.044630
v 0.063850 -0.057220 0.045910
v 0.074620 -0.054830 0.047140
v 0.072840 -0.057230 0.028380
v 0.073920 -0.050810 0.059490
v 0.070310 -0.048430 0.059490
v 0.066270 -0.053940 0.020110
v 0.074000 -0.059050 0.020110
v 0.074520 -0.058330 0.028380
v 0.062680 -0.058790 -0.044630
v 0.075880 -0.063840 -0.028540
v 0.079310 -0.072540 -0.044630
v 0.075090 -0.054260 0.026310
v 0.082570 -0.044350 0.026310
v 0.078820 -0.049310 0.025140
v 0.084980 -0.041080 0.028380
v 0.072840 -0.057230 0.028380
v 0.084300 -0.042000 0.047140
v 0.082220 -0.044740 0.048820
v 0.079410 -0.048520 0.049540
v 0.076830 -0.051980 0.048990
v 0.074620 -0.054830 0.047140
v 0.086660 -0.042190 0.020110
v 0.074000 -0.059050 0.020110
v 0.080500 -0.050410 0.025140
v 0.076750 -0.055330 0.026310
v 0.074520 -0.058330 0.028380
v 0.084250 -0.045450 0.026310
v 0.086660 -0.042190 0.028380
v 0.075450 -0.057130 -0.038710
v 0.086660 -0.042190 -0.015800
v 0.084250 -0.045450 -0.044630
v 0.076010 -0.056360 -0.062890
v 0.076010 -0.056360 -0.062890
v 0.076410 -0.040310 -0.044630
v 0.069330 -0.049680 -0.062890
v 0.084250 -0.045450 -0.044630
v 0.069330 -0.049680 -0.062890
v 0.062660 -0.058770 -0.079930
v 0.076010 -0.056360 -0.062890
v 0.067730 -0.061110 -0.079930
v 0.076750 -0.055330 0.026310
v 0.072840 -0.057230 0.028380
v 0.075090 -0.054260 0.026310
v 0.074520 -0.058330 0.028380
v 0.080500 -0.050410 0.025140
v 0.078820 -0.049310 0.025140
v 0.084250 -0.045450 0.026310
v 0.082570 -0.044350 0.026310
v 0.086660 -0.042190 0.028380
v 0.084980 -0.041080 0.028380
v 0.076010 -0.056360 -0.062890
v 0.079300 -0.072540 -0.062890
v 0.079310 -0.072540 -0.044630
v 0.075450 -0.057130 -0.038710
v 0.075880 -0.063840 -0.028540
v 0.074000 -0.059050 0.020110
v 0.079300 -0.072540 -0.062890
v 0.076010 -0.056360 -0.062890
v 0.067730 -0.061110 -0.079930
v 0.050810 -0.073920 0.059490
v 0.041870 -0.075310 0.059490
v 0.048430 -0.070310 0.059490
v 0.044260 -0.078950 0.059490
v 0.050810 -0.073920 0.059490
v 0.054830 -0.074620 0.047140
v 0.051980 -0.076820 0.048990
v 0.048520 -0.079410 0.049540
v 0.044260 -0.078950 0.059490
v 0.044740 -0.082220 0.048820
v 0.042000 -0.084300 0.047140
v 0.044260 -0.078950 0.059490
v 0.037960 -0.078160 0.047140
v 0.041870 -0.075310 0.059490
v 0.042000 -0.084300 0.047140
v 0.037050 -0.078820 0.028380
v 0.041080 -0.084980 0.028380
v 0.037050 -0.078820 0.020110
v 0.042190 -0.086660 0.020110
v 0.042190 -0.086660 0.028380
v 0.037050 -0.078820 -0.015800
v 0.042190 -0.086660 -0.015800
v 0.045450 -0.084240 -0.044630
v 0.037050 -0.078820 -0.015800
v 0.040310 -0.076410 -0.044630
v 0.057220 -0.063850 0.045910
v 0.057230 -0.072850 0.028380
v 0.054830 -0.074620 0.047140
v 0.050810 -0.073920 0.059490
v 0.048430 -0.070310 0.059490
v 0.053940 -0.066270 0.020110
v 0.059050 -0.074000 0.020110
v 0.058330 -0.074520 0.028380
v 0.058790 -0.062680 -0.044630
v 0.063840 -0.075890 -0.028540
v 0.072540 -0.079310 -0.044630
v 0.054260 -0.075100 0.026310
v 0.041080 -0.084980 0.028380
v 0.057230 -0.072850 0.028380
v 0.044350 -0.082570 0.026310
v 0.049310 -0.078820 0.025140
v 0.042000 -0.084300 0.047140
v 0.044740 -0.082220 0.048820
v 0.048520 -0.079410 0.049540
v 0.051980 -0.076820 0.048990
v 0.054830 -0.074620 0.047140
v 0.042190 -0.086660 0.020110
v 0.050410 -0.080500 0.025140
v 0.059050 -0.074000 0.020110
v 0.055330 -0.076750 0.026310
v 0.058330 -0.074520 0.028380
v 0.045450 -0.084250 0.026310
v 0.042190 -0.086660 0.028380
v 0.057140 -0.075450 -0.038710
v 0.042190 -0.086660 -0.015800
v 0.045450 -0.084240 -0.044630
v 0.056360 -0.076010 -0.062890
v 0.056360 -0.076010 -0.062890
v 0.040310 -0.076410 -0.044630
v 0.045450 -0.084240 -0.044630
v 0.049680 -0.069330 -0.062890
v 0.049680 -0.069330 -0.062890
v 0.056360 -0.076010 -0.062890
v 0.058770 -0.062660 -0.079930
v 0.061110 -0.067730 -0.079930
v 0.055330 -0.076750 0.026310
v 0.057230 -0.072850 0.028380
v 0.058330 -0.074520 0.028380
v 0.054260 -0.075100 0.026310
v 0.050410 -0.080500 0.025140
v 0.049310 -0.078820 0.025140
v 0.045450 -0.084250 0.026310
v 0.044350 -0.082570 0.026310
v 0.042190 -0.086660 0.028380
v 0.041080 -0.084980 0.028380
v 0.056360 -0.076010 -0.062890
v 0.072540 -0.079310 -0.044630
v 0.072540 -0.079300 -0.062890
v 0.057140 -0.075450 -0.038710
v 0.063840 -0.075890 -0.028540
v 0.059050 -0.074000 0.020110
v 0.079300 -0.072540 -0.062890
v 0.061110 -0.067730 -0.079930
v 0.072540 -0.079300 -0.062890
v 0.067730 -0.061110 -0.079930
v 0.058770 -0.062660 -0.079930
v 0.062660 -0.058770 -0.079930
v 0.072540 -0.079310 -0.044630
v 0.079300 -0.072540 -0.062890
v 0.072540 -0.079300 -0.062890
v 0.079310 -0.072540 -0.044630
v 0.072540 -0.079300 -0.062890
v 0.061110 -0.067730 -0.079930
v 0.056360 -0.076010 -0.062890
v 0.079310 -0.072540 -0.044630
v 0.058790 -0.062680 -0.044630
v 0.062680 -0.058790 -0.044630
v 0.072540 -0.079310 -0.044630
v 0.064330 -0.066230 -0.164880
v 0.185350 -0.183440 -0.164880
v 0.066230 -0.064330 -0.164880
v 0.183440 -0.185350 -0.164880
v 0.184780 -0.186690 -0.164880
v 0.186680 -0.184780 -0.164880
v 0.186080 -0.187990 -0.164490
v 0.187990 -0.186080 -0.164490
v 0.189020 -0.187120 -0.163540
v 0.187120 -0.189020 -0.163540
v 0.188100 -0.186200 -0.155720
v 0.064330 -0.066230 0.139130
v 0.066230 -0.064330 0.139130
v 0.186200 -0.188100 -0.155720
v 0.188820 -0.186920 -0.157840
v 0.186920 -0.188820 -0.157840
v 0.066230 -0.064330 -0.113050
v 0.064330 -0.066230 -0.164880
v 0.066230 -0.064330 -0.164880
v 0.064330 -0.066230 -0.113050
v 0.063270 -0.067280 -0.066860
v 0.067280 -0.063270 -0.066860
v 0.147730 -0.149640 -0.112940
v 0.064330 -0.066230 -0.164880
v 0.064330 -0.066230 -0.113050
v 0.183440 -0.185350 -0.164880
v 0.186200 -0.188100 -0.155720
v 0.084310 -0.086210 0.040440
v 0.064330 -0.066230 0.139130
v 0.064330 -0.066230 0.088750
v 0.186920 -0.188820 -0.157840
v 0.184780 -0.186690 -0.164880
v 0.186080 -0.187990 -0.164490
v 0.187410 -0.189310 -0.159800
v 0.187490 -0.189400 -0.161860
v 0.187120 -0.189020 -0.163540
v 0.187990 -0.186080 -0.164490
v 0.189400 -0.187490 -0.161860
v 0.189310 -0.187410 -0.159800
v 0.189020 -0.187120 -0.163540
v 0.188820 -0.186920 -0.157840
v 0.186680 -0.184780 -0.164880
v 0.188100 -0.186200 -0.155720
v 0.185350 -0.183440 -0.164880
v 0.149640 -0.147730 -0.112940
v 0.066230 -0.064330 -0.164880
v 0.066230 -0.064330 -0.113050
v 0.086210 -0.084310 0.040440
v 0.066230 -0.064330 0.139130
v 0.066230 -0.064330 0.088750
v 0.066230 -0.064330 -0.113050
v 0.149640 -0.147730 -0.112940
v 0.067280 -0.063270 -0.066860
v 0.081170 -0.074350 -0.000500
v 0.066230 -0.064330 0.088750
v 0.064330 -0.066230 0.139130
v 0.064330 -0.066230 0.088750
v 0.066230 -0.064330 0.139130
v 0.063070 -0.067480 0.040110
v 0.067480 -0.063070 0.040110
v 0.074600 -0.081400 -0.000890
v 0.064330 -0.066230 0.088750
v 0.084310 -0.086210 0.040440
v 0.063070 -0.067480 0.040110
v 0.147730 -0.149640 -0.112940
v 0.071240 -0.059310 0.019550
v 0.081170 -0.074350 -0.000500
v 0.067480 -0.063070 0.040110
v 0.059310 -0.071240 0.019550
v 0.074600 -0.081400 -0.000890
v 0.063270 -0.067280 -0.066860
v 0.189310 -0.187410 -0.159800
v 0.186920 -0.188820 -0.157840
v 0.188820 -0.186920 -0.157840
v 0.187410 -0.189310 -0.159800
v 0.189400 -0.187490 -0.161860
v 0.187490 -0.189400 -0.161860
v 0.189020 -0.187120 -0.163540
v 0.187120 -0.189020 -0.163540
v 0.187490 -0.189400 -0.161860
v 0.189400 -0.187490 -0.161860
v 0.063070 -0.067480 0.040110
v 0.074600 -0.081400 -0.000890
v 0.059310 -0.071240 0.019550
v 0.081170 -0.074350 -0.000500
v 0.066230 -0.064330 0.088750
v 0.067480 -0.063070 0.040110
v 0.086210 -0.084310 0.040440
v 0.149640 -0.147730 -0.112940
v 0.063740 -0.059740 -0.066860
v 0.059540 -0.063940 0.040110
v 0.059740 -0.063740 -0.066860
v 0.063940 -0.059540 0.040110
v 0.067280 -0.063270 -0.066860
v 0.081170 -0.074350 -0.000500
v 0.071240 -0.059310 0.019550
v 0.063270 -0.067280 -0.066860
v 0.074600 -0.081400 -0.000890
v 0.147730 -0.149640 -0.112940
v 0.064330 -0.066230 -0.113050
v 0.059310 -0.071240 0.019550
v 0.059540 -0.063940 0.040110
v 0.063070 -0.067480 0.040110
v 0.063270 -0.067280 -0.066860
v 0.059740 -0.063740 -0.066860
v 0.063940 -0.059540 0.040110
v 0.063070 -0.067480 0.040110
v 0.059540 -0.063940 0.040110
v 0.067480 -0.063070 0.040110
v 0.067480 -0.063070 0.040110
v 0.063940 -0.059540 0.040110
v 0.071240 -0.059310 0.019550
v 0.063740 -0.059740 -0.066860
v 0.067280 -0.063270 -0.066860
v 0.059740 -0.063740 -0.066860
v 0.067280 -0.063270 -0.066860
v 0.063740 -0.059740 -0.066860
v 0.063270 -0.067280 -0.066860
v 0.069490 -0.069090 -1.684220
v 0.063620 -0.074970 -1.664170
v 0.069490 -0.069090 -1.662500
v 0.058630 -0.079950 -1.668860
v 0.075370 -0.063210 -1.664170
v 0.055300 -0.083280 -1.675960
v 0.080350 -0.058230 -1.668860
v 0.083680 -0.054900 -1.675960
v 0.084850 -0.053730 -1.684220
v 0.054140 -0.084450 -1.684220
v 0.069490 -0.069090 -1.705950
v 0.083680 -0.054900 -1.692550
v 0.080350 -0.058230 -1.699580
v 0.075370 -0.063210 -1.704330
v 0.063620 -0.074970 -1.704330
v 0.058630 -0.079950 -1.699580
v 0.055300 -0.083280 -1.692550
v 0.058740 -0.046580 -1.664170
v 0.069490 -0.069090 -1.662500
v 0.052860 -0.052460 -1.662500
v 0.063620 -0.074970 -1.664170
v 0.075370 -0.063210 -1.664170
v 0.063720 -0.041600 -1.668860
v 0.080350 -0.058230 -1.668860
v 0.046980 -0.058330 -1.664170
v 0.058630 -0.079950 -1.668860
v 0.042000 -0.063320 -1.668860
v 0.055300 -0.083280 -1.675960
v 0.038670 -0.066650 -1.675960
v 0.054140 -0.084450 -1.684220
v 0.037500 -0.067820 -1.684220
v 0.055300 -0.083280 -1.692550
v 0.038670 -0.066650 -1.692550
v 0.058630 -0.079950 -1.699580
v 0.042000 -0.063320 -1.699580
v 0.063620 -0.074970 -1.704330
v 0.046980 -0.058330 -1.704330
v 0.069490 -0.069090 -1.705950
v 0.052860 -0.052460 -1.705950
v 0.075370 -0.063210 -1.704330
v 0.058740 -0.046580 -1.704330
v 0.080350 -0.058230 -1.699580
v 0.063720 -0.041600 -1.699580
v 0.083680 -0.054900 -1.692550
v 0.067050 -0.038270 -1.692550
v 0.084850 -0.053730 -1.684220
v 0.068220 -0.037100 -1.684220
v 0.083680 -0.054900 -1.675960
v 0.067050 -0.038270 -1.675960
v 0.080350 -0.058230 -1.668860
v 0.063720 -0.041600 -1.668860
v -0.050800 -0.073920 0.059490
v -0.041860 -0.075320 0.059490
v -0.044260 -0.078960 0.059490
v -0.048430 -0.070310 0.059490
v -0.050800 -0.073920 0.059490
v -0.051980 -0.076830 0.048990
v -0.054820 -0.074630 0.047140
v -0.048510 -0.079420 0.049540
v -0.044260 -0.078960 0.059490
v -0.044740 -0.082230 0.048820
v -0.041990 -0.084310 0.047140
v -0.044260 -0.078960 0.059490
v -0.037950 -0.078160 0.047140
v -0.041990 -0.084310 0.047140
v -0.041860 -0.075320 0.059490
v -0.037040 -0.078830 0.028380
v -0.041080 -0.084990 0.028380
v -0.037040 -0.078830 0.020110
v -0.042180 -0.086670 0.020110
v -0.042180 -0.086670 0.028380
v -0.037040 -0.078830 -0.015800
v -0.042180 -0.086670 -0.015800
v -0.037040 -0.078830 -0.015800
v -0.045450 -0.084250 -0.044630
v -0.040300 -0.076420 -0.044630
v -0.057220 -0.063850 0.045910
v -0.054820 -0.074630 0.047140
v -0.057230 -0.072850 0.028380
v -0.050800 -0.073920 0.059490
v -0.048430 -0.070310 0.059490
v -0.053940 -0.066270 0.020110
v -0.059050 -0.074000 0.020110
v -0.058330 -0.074530 0.028380
v -0.058790 -0.062680 -0.044630
v -0.063830 -0.075890 -0.028540
v -0.072540 -0.079310 -0.044630
v -0.054250 -0.075100 0.026310
v -0.044340 -0.082570 0.026310
v -0.049310 -0.078830 0.025140
v -0.041080 -0.084990 0.028380
v -0.057230 -0.072850 0.028380
v -0.041990 -0.084310 0.047140
v -0.044740 -0.082230 0.048820
v -0.048510 -0.079420 0.049540
v -0.051980 -0.076830 0.048990
v -0.054820 -0.074630 0.047140
v -0.042180 -0.086670 0.020110
v -0.059050 -0.074000 0.020110
v -0.050410 -0.080510 0.025140
v -0.055330 -0.076750 0.026310
v -0.058330 -0.074530 0.028380
v -0.045440 -0.084260 0.026310
v -0.042180 -0.086670 0.028380
v -0.057130 -0.075450 -0.038710
v -0.042180 -0.086670 -0.015800
v -0.045450 -0.084250 -0.044630
v -0.056360 -0.076010 -0.062890
v -0.056360 -0.076010 -0.062890
v -0.040300 -0.076420 -0.044630
v -0.049680 -0.069330 -0.062890
v -0.045450 -0.084250 -0.044630
v -0.049680 -0.069330 -0.062890
v -0.058770 -0.062660 -0.079930
v -0.056360 -0.076010 -0.062890
v -0.061110 -0.067730 -0.079930
v -0.055330 -0.076750 0.026310
v -0.057230 -0.072850 0.028380
v -0.054250 -0.075100 0.026310
v -0.058330 -0.074530 0.028380
v -0.050410 -0.080510 0.025140
v -0.049310 -0.078830 0.025140
v -0.045440 -0.084260 0.026310
v -0.044340 -0.082570 0.026310
v -0.042180 -0.086670 0.028380
v -0.041080 -0.084990 0.028380
v -0.056360 -0.076010 -0.062890
v -0.072540 -0.079310 -0.062890
v -0.072540 -0.079310 -0.044630
v -0.057130 -0.075450 -0.038710
v -0.063830 -0.075890 -0.028540
v -0.059050 -0.074000 0.020110
v -0.072540 -0.079310 -0.062890
v -0.056360 -0.076010 -0.062890
v -0.061110 -0.067730 -0.079930
v -0.073920 -0.050800 0.059490
v -0.075320 -0.041860 0.059490
v -0.070310 -0.048430 0.059490
v -0.078960 -0.044260 0.059490
v -0.073920 -0.050800 0.059490
v -0.074630 -0.054820 0.047140
v -0.076830 -0.051980 0.048990
v -0.079420 -0.048510 0.049540
v -0.078960 -0.044260 0.059490
v -0.082230 -0.044740 0.048820
v -0.084310 -0.041990 0.047140
v -0.078960 -0.044260 0.059490
v -0.078160 -0.037950 0.047140
v -0.075320 -0.041860 0.059490
v -0.084310 -0.041990 0.047140
v -0.078830 -0.037040 0.028380
v -0.084990 -0.041080 0.028380
v -0.078830 -0.037040 0.020110
v -0.086670 -0.042180 0.020110
v -0.086670 -0.042180 0.028380
v -0.078830 -0.037040 -0.015800
v -0.086670 -0.042180 -0.015800
v -0.084250 -0.045450 -0.044630
v -0.078830 -0.037040 -0.015800
v -0.076420 -0.040300 -0.044630
v -0.063850 -0.057220 0.045910
v -0.072850 -0.057230 0.028380
v -0.074630 -0.054820 0.047140
v -0.073920 -0.050800 0.059490
v -0.070310 -0.048430 0.059490
v -0.066270 -0.053940 0.020110
v -0.074000 -0.059050 0.020110
v -0.074530 -0.058330 0.028380
v -0.062680 -0.058790 -0.044630
v -0.075890 -0.063830 -0.028540
v -0.079310 -0.072540 -0.044630
v -0.075100 -0.054250 0.026310
v -0.084990 -0.041080 0.028380
v -0.072850 -0.057230 0.028380
v -0.082570 -0.044340 0.026310
v -0.078830 -0.049310 0.025140
v -0.084310 -0.041990 0.047140
v -0.082230 -0.044740 0.048820
v -0.079420 -0.048510 0.049540
v -0.076830 -0.051980 0.048990
v -0.074630 -0.054820 0.047140
v -0.086670 -0.042180 0.020110
v -0.080510 -0.050410 0.025140
v -0.074000 -0.059050 0.020110
v -0.076750 -0.055330 0.026310
v -0.074530 -0.058330 0.028380
v -0.084260 -0.045440 0.026310
v -0.086670 -0.042180 0.028380
v -0.075450 -0.057130 -0.038710
v -0.086670 -0.042180 -0.015800
v -0.084250 -0.045450 -0.044630
v -0.076010 -0.056360 -0.062890
v -0.076010 -0.056360 -0.062890
v -0.076420 -0.040300 -0.044630
v -0.084250 -0.045450 -0.044630
v -0.069330 -0.049680 -0.062890
v -0.069330 -0.049680 -0.062890
v -0.076010 -0.056360 -0.062890
v -0.062660 -0.058770 -0.079930
v -0.067730 -0.061110 -0.079930
v -0.076750 -0.055330 0.026310
v -0.072850 -0.057230 0.028380
v -0.074530 -0.058330 0.028380
v -0.075100 -0.054250 0.026310
v -0.080510 -0.050410 0.025140
v -0.078830 -0.049310 0.025140
v -0.084260 -0.045440 0.026310
v -0.082570 -0.044340 0.026310
v -0.086670 -0.042180 0.028380
v -0.084990 -0.041080 0.028380
v -0.076010 -0.056360 -0.062890
v -0.079310 -0.072540 -0.044630
v -0.079300 -0.072540 -0.062890
v -0.075450 -0.057130 -0.038710
v -0.075890 -0.063830 -0.028540
v -0.074000 -0.059050 0.020110
v -0.072540 -0.079310 -0.062890
v -0.067730 -0.061110 -0.079930
v -0.079300 -0.072540 -0.062890
v -0.061110 -0.067730 -0.079930
v -0.062660 -0.058770 -0.079930
v -0.058770 -0.062660 -0.079930
v -0.079310 -0.072540 -0.044630
v -0.072540 -0.079310 -0.062890
v -0.079300 -0.072540 -0.062890
v -0.072540 -0.079310 -0.044630
v -0.079300 -0.072540 -0.062890
v -0.067730 -0.061110 -0.079930
v -0.076010 -0.056360 -0.062890
v -0.072540 -0.079310 -0.044630
v -0.062680 -0.058790 -0.044630
v -0.058790 -0.062680 -0.044630
v -0.079310 -0.072540 -0.044630
v -0.066230 -0.064330 -0.164880
v -0.183440 -0.185350 -0.164880
v -0.064330 -0.066230 -0.164880
v -0.185350 -0.183440 -0.164880
v -0.186690 -0.184780 -0.164880
v -0.184780 -0.186690 -0.164880
v -0.187990 -0.186080 -0.164490
v -0.186080 -0.187990 -0.164490
v -0.187110 -0.189020 -0.163540
v -0.189020 -0.187120 -0.163540
v -0.186200 -0.188100 -0.155720
v -0.066230 -0.064330 0.139130
v -0.064330 -0.066230 0.139130
v -0.188100 -0.186200 -0.155720
v -0.186920 -0.188820 -0.157840
v -0.188820 -0.186920 -0.157840
v -0.064330 -0.066230 -0.113050
v -0.066230 -0.064330 -0.164880
v -0.064330 -0.066230 -0.164880
v -0.066230 -0.064330 -0.113050
v -0.067280 -0.063270 -0.066860
v -0.063270 -0.067280 -0.066860
v -0.149640 -0.147730 -0.112940
v -0.066230 -0.064330 -0.164880
v -0.066230 -0.064330 -0.113050
v -0.185350 -0.183440 -0.164880
v -0.188100 -0.186200 -0.155720
v -0.086210 -0.084310 0.040440
v -0.066230 -0.064330 0.139130
v -0.066230 -0.064330 0.088750
v -0.188820 -0.186920 -0.157840
v -0.186690 -0.184780 -0.164880
v -0.187990 -0.186080 -0.164490
v -0.189310 -0.187410 -0.159800
v -0.189400 -0.187490 -0.161860
v -0.189020 -0.187120 -0.163540
v -0.186080 -0.187990 -0.164490
v -0.187490 -0.189400 -0.161860
v -0.187410 -0.189310 -0.159800
v -0.187110 -0.189020 -0.163540
v -0.186920 -0.188820 -0.157840
v -0.184780 -0.186690 -0.164880
v -0.186200 -0.188100 -0.155720
v -0.183440 -0.185350 -0.164880
v -0.147730 -0.149640 -0.112940
v -0.064330 -0.066230 -0.164880
v -0.064330 -0.066230 -0.113050
v -0.084310 -0.086210 0.040440
v -0.064330 -0.066230 0.139130
v -0.064330 -0.066230 0.088750
v -0.064330 -0.066230 -0.113050
v -0.147730 -0.149640 -0.112940
v -0.063270 -0.067280 -0.066860
v -0.074350 -0.081170 -0.000500
v -0.064330 -0.066230 0.088750
v -0.066230 -0.064330 0.139130
v -0.066230 -0.064330 0.088750
v -0.064330 -0.066230 0.139130
v -0.067480 -0.063070 0.040110
v -0.063070 -0.067480 0.040110
v -0.081400 -0.074600 -0.000890
v -0.066230 -0.064330 0.088750
v -0.086210 -0.084310 0.040440
v -0.067480 -0.063070 0.040110
v -0.149640 -0.147730 -0.112940
v -0.059310 -0.071240 0.019550
v -0.074350 -0.081170 -0.000500
v -0.063070 -0.067480 0.040110
v -0.071240 -0.059310 0.019550
v -0.081400 -0.074600 -0.000890
v -0.067280 -0.063270 -0.066860
v -0.187410 -0.189310 -0.159800
v -0.188820 -0.186920 -0.157840
v -0.186920 -0.188820 -0.157840
v -0.189310 -0.187410 -0.159800
v -0.187490 -0.189400 -0.161860
v -0.189400 -0.187490 -0.161860
v -0.187110 -0.189020 -0.163540
v -0.189020 -0.187120 -0.163540
v -0.189400 -0.187490 -0.161860
v -0.187490 -0.189400 -0.161860
v -0.067480 -0.063070 0.040110
v -0.081400 -0.074600 -0.000890
v -0.071240 -0.059310 0.019550
v -0.074350 -0.081170 -0.000500
v -0.064330 -0.066230 0.088750
v -0.063070 -0.067480 0.040110
v -0.084310 -0.086210 0.040440
v -0.147730 -0.149640 -0.112940
v -0.059740 -0.063740 -0.066860
v -0.063940 -0.059540 0.040110
v -0.063740 -0.059740 -0.066860
v -0.059540 -0.063940 0.040110
v -0.063270 -0.067280 -0.066860
v -0.074350 -0.081170 -0.000500
v -0.059310 -0.071240 0.019550
v -0.067280 -0.063270 -0.066860
v -0.081400 -0.074600 -0.000890
v -0.149640 -0.147730 -0.112940
v -0.066230 -0.064330 -0.113050
v -0.071240 -0.059310 0.019550
v -0.063940 -0.059540 0.040110
v -0.067480 -0.063070 0.040110
v -0.067280 -0.063270 -0.066860
v -0.063740 -0.059740 -0.066860
v -0.059540 -0.063940 0.040110
v -0.067480 -0.063070 0.040110
v -0.063940 -0.059540 0.040110
v -0.063070 -0.067480 0.040110
v -0.063070 -0.067480 0.040110
v -0.059540 -0.063940 0.040110
v -0.059310 -0.071240 0.019550
v -0.059740 -0.063740 -0.066860
v -0.063270 -0.067280 -0.066860
v -0.063740 -0.059740 -0.066860
v -0.063270 -0.067280 -0.066860
v -0.059740 -0.063740 -0.066860
v -0.067280 -0.063270 -0.066860
v -0.069090 -0.069490 -1.684220
v -0.074970 -0.063620 -1.664170
v -0.069090 -0.069490 -1.662500
v -0.079950 -0.058630 -1.668860
v -0.063210 -0.075370 -1.664170
v -0.083280 -0.055300 -1.675960
v -0.058230 -0.080350 -1.668860
v -0.054900 -0.083680 -1.675960
v -0.053730 -0.084850 -1.684220
v -0.084450 -0.054140 -1.684220
v -0.069090 -0.069490 -1.705950
v -0.054900 -0.083680 -1.692550
v -0.058230 -0.080350 -1.699580
v -0.063210 -0.075370 -1.704330
v -0.074970 -0.063620 -1.704330
v -0.079950 -0.058630 -1.699580
v -0.083280 -0.055300 -1.692550
v -0.046580 -0.058740 -1.664170
v -0.069090 -0.069490 -1.662500
v -0.052460 -0.052860 -1.662500
v -0.074970 -0.063620 -1.664170
v -0.063210 -0.075370 -1.664170
v -0.041600 -0.063720 -1.668860
v -0.058230 -0.080350 -1.668860
v -0.058330 -0.046980 -1.664170
v -0.079950 -0.058630 -1.668860
v -0.063320 -0.042000 -1.668860
v -0.083280 -0.055300 -1.675960
v -0.066650 -0.038670 -1.675960
v -0.084450 -0.054140 -1.684220
v -0.067820 -0.037500 -1.684220
v -0.083280 -0.055300 -1.692550
v -0.066650 -0.038670 -1.692550
v -0.079950 -0.058630 -1.699580
v -0.063320 -0.042000 -1.699580
v -0.074970 -0.063620 -1.704330
v -0.058330 -0.046980 -1.704330
v -0.069090 -0.069490 -1.705950
v -0.052460 -0.052860 -1.705950
v -0.063210 -0.075370 -1.704330
v -0.046580 -0.058740 -1.704330
v -0.058230 -0.080350 -1.699580
v -0.041600 -0.063720 -1.699580
v -0.054900 -0.083680 -1.692550
v -0.038270 -0.067050 -1.692550
v -0.053730 -0.084850 -1.684220
v -0.037100 -0.068220 -1.684220
v -0.054900 -0.083680 -1.675960
v -0.038270 -0.067050 -1.675960
v -0.058230 -0.080350 -1.668860
v -0.041600 -0.063720 -1.668860
v 0.050800 0.073920 0.059490
v 0.041860 0.075320 0.059490
v 0.044260 0.078950 0.059490
v 0.048430 0.070310 0.059490
v 0.050800 0.073920 0.059490
v 0.051980 0.076830 0.048990
v 0.054820 0.074630 0.047140
v 0.048510 0.079420 0.049540
v 0.044260 0.078950 0.059490
v 0.044740 0.082230 0.048820
v 0.041990 0.084310 0.047140
v 0.044260 0.078950 0.059490
v 0.037950 0.078160 0.047140
v 0.041990 0.084310 0.047140
v 0.041860 0.075320 0.059490
v 0.037040 0.078830 0.028380
v 0.041080 0.084990 0.028380
v 0.037040 0.078830 0.020110
v 0.042180 0.086670 0.020110
v 0.042180 0.086670 0.028380
v 0.037040 0.078830 -0.015800
v 0.042180 0.086670 -0.015800
v 0.037040 0.078830 -0.015800
v 0.045450 0.084250 -0.044630
v 0.040300 0.076420 -0.044630
v 0.057220 0.063850 0.045910
v 0.054820 0.074630 0.047140
v 0.057230 0.072850 0.028380
v 0.050800 0.073920 0.059490
v 0.048430 0.070310 0.059490
v 0.053940 0.066280 0.020110
v 0.059050 0.074000 0.020110
v 0.058330 0.074530 0.028380
v 0.058790 0.062680 -0.044630
v 0.063840 0.075890 -0.028540
v 0.072540 0.079310 -0.044630
v 0.054250 0.075100 0.026310
v 0.044340 0.082570 0.026310
v 0.049310 0.078830 0.025140
v 0.041080 0.084990 0.028380
v 0.057230 0.072850 0.028380
v 0.041990 0.084310 0.047140
v 0.044740 0.082230 0.048820
v 0.048510 0.079420 0.049540
v 0.051980 0.076830 0.048990
v 0.054820 0.074630 0.047140
v 0.042180 0.086670 0.020110
v 0.059050 0.074000 0.020110
v 0.050410 0.080510 0.025140
v 0.055330 0.076750 0.026310
v 0.058330 0.074530 0.028380
v 0.045440 0.084260 0.026310
v 0.042180 0.086670 0.028380
v 0.057130 0.075450 -0.038710
v 0.042180 0.086670 -0.015800
v 0.045450 0.084250 -0.044630
v 0.056360 0.076010 -0.062890
v 0.056360 0.076010 -0.062890
v 0.040300 0.076420 -0.044630
v 0.049680 0.069330 -0.062890
v 0.045450 0.084250 -0.044630
v 0.049680 0.069330 -0.062890
v 0.058770 0.062660 -0.079930
v 0.056360 0.076010 -0.062890
v 0.061110 0.067730 -0.079930
v 0.055330 0.076750 0.026310
v 0.057230 0.072850 0.028380
v 0.054250 0.075100 0.026310
v 0.058330 0.074530 0.028380
v 0.050410 0.080510 0.025140
v 0.049310 0.078830 0.025140
v 0.045440 0.084260 0.026310
v 0.044340 0.082570 0.026310
v 0.042180 0.086670 0.028380
v 0.041080 0.084990 0.028380
v 0.056360 0.076010 -0.062890
v 0.072540 0.079310 -0.062890
v 0.072540 0.079310 -0.044630
v 0.057130 0.075450 -0.038710
v 0.063840 0.075890 -0.028540
v 0.059050 0.074000 0.020110
v 0.072540 0.079310 -0.062890
v 0.056360 0.076010 -0.062890
v 0.061110 0.067730 -0.079930
v 0.073920 0.050800 0.059490
v 0.075320 0.041860 0.059490
v 0.070310 0.048430 0.059490
v 0.078950 0.044260 0.059490
v 0.073920 0.050800 0.059490
v 0.074630 0.054820 0.047140
v 0.076830 0.051980 0.048990
v 0.079420 0.048510 0.049540
v 0.078950 0.044260 0.059490
v 0.082230 0.044740 0.048820
v 0.084310 0.041990 0.047140
v 0.078950 0.044260 0.059490
v 0.078160 0.037950 0.047140
v 0.075320 0.041860 0.059490
v 0.084310 0.041990 0.047140
v 0.078830 0.037040 0.028380
v 0.084990 0.041080 0.028380
v 0.078830 0.037040 0.020110
v 0.086670 0.042180 0.020110
v 0.086670 0.042180 0.028380
v 0.078830 0.037040 -0.015800
v 0.086670 0.042180 -0.015800
v 0.084250 0.045450 -0.044630
v 0.078830 0.037040 -0.015800
v 0.076420 0.040300 -0.044630
v 0.063850 0.057220 0.045910
v 0.072850 0.057230 0.028380
v 0.074630 0.054820 0.047140
v 0.073920 0.050800 0.059490
v 0.070310 0.048430 0.059490
v 0.066280 0.053940 0.020110
v 0.074000 0.059050 0.020110
v 0.074530 0.058330 0.028380
v 0.062680 0.058790 -0.044630
v 0.075890 0.063840 -0.028540
v 0.079310 0.072540 -0.044630
v 0.075100 0.054250 0.026310
v 0.084990 0.041080 0.028380
v 0.072850 0.057230 0.028380
v 0.082570 0.044340 0.026310
v 0.078830 0.049310 0.025140
v 0.084310 0.041990 0.047140
v 0.082230 0.044740 0.048820
v 0.079420 0.048510 0.049540
v 0.076830 0.051980 0.048990
v 0.074630 0.054820 0.047140
v 0.086670 0.042180 0.020110
v 0.080510 0.050410 0.025140
v 0.074000 0.059050 0.020110
v 0.076750 0.055330 0.026310
v 0.074530 0.058330 0.028380
v 0.084260 0.045440 0.026310
v 0.086670 0.042180 0.028380
v 0.075450 0.057130 -0.038710
v 0.086670 0.042180 -0.015800
v 0.084250 0.045450 -0.044630
v 0.076010 0.056360 -0.062890
v 0.076010 0.056360 -0.062890
v 0.076420 0.040300 -0.044630
v 0.084250 0.045450 -0.044630
v 0.069330 0.049680 -0.062890
v 0.069330 0.049680 -0.062890
v 0.076010 0.056360 -0.062890
v 0.062660 0.058770 -0.079930
v 0.067730 0.061110 -0.079930
v 0.076750 0.055330 0.026310
v 0.072850 0.057230 0.028380
v 0.074530 0.058330 0.028380
v 0.075100 0.054250 0.026310
v 0.080510 0.050410 0.025140
v 0.078830 0.049310 0.025140
v 0.084260 0.045440 0.026310
v 0.082570 0.044340 0.026310
v 0.086670 0.042180 0.028380
v 0.084990 0.041080 0.028380
v 0.076010 0.056360 -0.062890
v 0.079310 0.072540 -0.044630
v 0.079310 0.072540 -0.062890
v 0.075450 0.057130 -0.038710
v 0.075890 0.063840 -0.028540
v 0.074000 0.059050 0.020110
v 0.072540 0.079310 -0.062890
v 0.067730 0.061110 -0.079930
v 0.079310 0.072540 -0.062890
v 0.061110 0.067730 -0.079930
v 0.062660 0.058770 -0.079930
v 0.058770 0.062660 -0.079930
v 0.079310 0.072540 -0.044630
v 0.072540 0.079310 -0.062890
v 0.079310 0.072540 -0.062890
v 0.072540 0.079310 -0.044630
v 0.079310 0.072540 -0.062890
v 0.067730 0.061110 -0.079930
v 0.076010 0.056360 -0.062890
v 0.072540 0.079310 -0.044630
v 0.062680 0.058790 -0.044630
v 0.058790 0.062680 -0.044630
v 0.079310 0.072540 -0.044630
v 0.066230 0.064330 -0.164880
v 0.183440 0.185350 -0.164880
v 0.064330 0.066230 -0.164880
v 0.185350 0.183440 -0.164880
v 0.186680 0.184780 -0.164880
v 0.184780 0.186680 -0.164880
v 0.187990 0.186080 -0.164490
v 0.186080 0.187990 -0.164490
v 0.187120 0.189020 -0.163540
v 0.189020 0.187120 -0.163540
v 0.186200 0.188100 -0.155720
v 0.066230 0.064330 0.139130
v 0.064330 0.066230 0.139130
v 0.188100 0.186200 -0.155720
v 0.186920 0.188820 -0.157840
v 0.188820 0.186920 -0.157840
v 0.064330 0.066230 -0.113050
v 0.066230 0.064330 -0.164880
v 0.064330 0.066230 -0.164880
v 0.066230 0.064330 -0.113050
v 0.067280 0.063270 -0.066860
v 0.063270 0.067280 -0.066860
v 0.149640 0.147730 -0.112940
v 0.066230 0.064330 -0.164880
v 0.066230 0.064330 -0.113050
v 0.185350 0.183440 -0.164880
v 0.188100 0.186200 -0.155720
v 0.086210 0.084310 0.040440
v 0.066230 0.064330 0.139130
v 0.066230 0.064330 0.088750
v 0.188820 0.186920 -0.157840
v 0.186680 0.184780 -0.164880
v 0.187990 0.186080 -0.164490
v 0.189310 0.187410 -0.159800
v 0.189400 0.187490 -0.161860
v 0.189020 0.187120 -0.163540
v 0.186080 0.187990 -0.164490
v 0.187490 0.189400 -0.161860
v 0.187410 0.189310 -0.159800
v 0.187120 0.189020 -0.163540
v 0.186920 0.188820 -0.157840
v 0.184780 0.186680 -0.164880
v 0.186200 0.188100 -0.155720
v 0.183440 0.185350 -0.164880
v 0.147730 0.149640 -0.112940
v 0.064330 0.066230 -0.164880
v 0.064330 0.066230 -0.113050
v 0.084310 0.086210 0.040440
v 0.064330 0.066230 0.139130
v 0.064330 0.066230 0.088750
v 0.064330 0.066230 -0.113050
v 0.147730 0.149640 -0.112940
v 0.063270 0.067280 -0.066860
v 0.074350 0.081170 -0.000500
v 0.064330 0.066230 0.088750
v 0.066230 0.064330 0.139130
v 0.066230 0.064330 0.088750
v 0.064330 0.066230 0.139130
v 0.067480 0.063070 0.040110
v 0.063070 0.067480 0.040110
v 0.081400 0.074600 -0.000890
v 0.066230 0.064330 0.088750
v 0.086210 0.084310 0.040440
v 0.067480 0.063070 0.040110
v 0.149640 0.147730 -0.112940
v 0.059310 0.071240 0.019550
v 0.074350 0.081170 -0.000500
v 0.063070 0.067480 0.040110
v 0.071240 0.059310 0.019550
v 0.081400 0.074600 -0.000890
v 0.067280 0.063270 -0.066860
v 0.187410 0.189310 -0.159800
v 0.188820 0.186920 -0.157840
v 0.186920 0.188820 -0.157840
v 0.189310 0.187410 -0.159800
v 0.187490 0.189400 -0.161860
v 0.189400 0.187490 -0.161860
v 0.187120 0.189020 -0.163540
v 0.189020 0.187120 -0.163540
v 0.189400 0.187490 -0.161860
v 0.187490 0.189400 -0.161860
v 0.067480 0.063070 0.040110
v 0.081400 0.074600 -0.000890
v 0.071240 0.059310 0.019550
v 0.074350 0.081170 -0.000500
v 0.064330 0.066230 0.088750
v 0.063070 0.067480 0.040110
v 0.084310 0.086210 0.040440
v 0.147730 0.149640 -0.112940
v 0.059740 0.063740 -0.066860
v 0.063940 0.059540 0.040110
v 0.063740 0.059740 -0.066860
v 0.059540 0.063940 0.040110
v 0.063270 0.067280 -0.066860
v 0.074350 0.081170 -0.000500
v 0.059310 0.071240 0.019550
v 0.067280 0.063270 -0.066860
v 0.081400 0.074600 -0.000890
v 0.149640 0.147730 -0.112940
v 0.066230 0.064330 -0.113050
v 0.071240 0.059310 0.019550
v 0.063940 0.059540 0.040110
v 0.067480 0.063070 0.040110
v 0.067280 0.063270 -0.066860
v 0.063740 0.059740 -0.066860
v 0.059540 0.063940 0.040110
v 0.067480 0.063070 0.040110
v 0.063940 0.059540 0.040110
v 0.063070 0.067480 0.040110
v 0.063070 0.067480 0.040110
v 0.059540 0.063940 0.040110
v 0.059310 0.071240 0.019550
v 0.059740 0.063740 -0.066860
v 0.063270 0.067280 -0.066860
v 0.063740 0.059740 -0.066860
v 0.063270 0.067280 -0.066860
v 0.059740 0.063740 -0.066860
v 0.067280 0.063270 -0.066860
v 0.069090 0.069490 -1.684220
v 0.074970 0.063620 -1.664170
v 0.069090 0.069490 -1.662500
v 0.079950 0.058630 -1.668860
v 0.063210 0.075370 -1.664170
v 0.083280 0.055300 -1.675960
v 0.058230 0.080350 -1.668860
v 0.054900 0.083680 -1.675960
v 0.053730 0.084850 -1.684220
v 0.084450 0.054140 -1.684220
v 0.069090 0.069490 -1.705950
v 0.054900 0.083680 -1.692550
v 0.058230 0.080350 -1.699580
v 0.063210 0.075370 -1.704330
v 0.074970 0.063620 -1.704330
v 0.079950 0.058630 -1.699580
v 0.083280 0.055300 -1.692550
v 0.046580 0.058740 -1.664170
v 0.069090 0.069490 -1.662500
v 0.052460 0.052860 -1.662500
v 0.074970 0.063620 -1.664170
v 0.063210 0.075370 -1.664170
v 0.041600 0.063720 -1.668860
v 0.058230 0.080350 -1.668860
v 0.058330 0.046980 -1.664170
v 0.079950 0.058630 -1.668860
v 0.063320 0.042000 -1.668860
v 0.083280 0.055300 -1.675960
v 0.066650 0.038670 -1.675960
v 0.084450 0.054140 -1.684220
v 0.067820 0.037500 -1.684220
v 0.083280 0.055300 -1.692550
v 0.066650 0.038670 -1.692550
v 0.079950 0.058630 -1.699580
v 0.063320 0.042000 -1.699580
v 0.074970 0.063620 -1.704330
v 0.058330 0.046980 -1.704330
v 0.069090 0.069490 -1.705950
v 0.052460 0.052860 -1.705950
v 0.063210 0.075370 -1.704330
v 0.046580 0.058740 -1.704330
v 0.058230 0.080350 -1.699580
v 0.041600 0.063720 -1.699580
v 0.054900 0.083680 -1.692550
v 0.038270 0.067050 -1.692550
v 0.053730 0.084850 -1.684220
v 0.037100 0.068220 -1.684220
v 0.054900 0.083680 -1.675960
v 0.038270 0.067050 -1.675960
v 0.058230 0.080350 -1.668860
v 0.041600 0.063720 -1.668860
v -0.033090 -0.096400 -1.741030
v -0.035180 -0.087210 -1.759010
v -0.035180 -0.087210 -1.741030
v -0.035220 -0.081610 -1.759010
v -0.035180 -0.081620 -1.741030
v -0.035210 -0.080360 -1.775990
v -0.033090 -0.096400 -1.759010
v -0.027230 -0.104370 -1.741030
v -0.035190 -0.085420 -1.775990
v -0.035200 -0.076880 -1.792640
v -0.035180 -0.087210 -1.775990
v -0.027230 -0.104370 -1.759010
v -0.019220 -0.109860 -1.741030
v -0.033090 -0.096400 -1.775990
v -0.035180 -0.087210 -1.792640
v -0.035190 -0.082130 -1.792640
v -0.035180 -0.070830 -1.807890
v -0.019220 -0.109860 -1.759010
v -0.009520 -0.113080 -1.741030
v -0.027230 -0.104370 -1.775990
v -0.009520 -0.113080 -1.759010
v -0.033090 -0.096400 -1.792640
v -0.019220 -0.109860 -1.775990
v -0.000000 -0.113870 -1.741030
v -0.027230 -0.104370 -1.792640
v -0.035180 -0.087210 -1.807890
v -0.033090 -0.096400 -1.807890
v -0.035180 -0.076460 -1.807890
v -0.035160 -0.064910 -1.817380
v -0.035180 -0.087210 -1.817380
v -0.035170 -0.070790 -1.817380
v -0.035150 -0.063040 -1.820400
v -0.035160 -0.068930 -1.820400
v -0.035180 -0.087210 -1.820400
v -0.033090 -0.096400 -1.820400
v -0.033090 -0.096400 -1.817380
v -0.027230 -0.104370 -1.820400
v -0.027230 -0.104370 -1.807890
v -0.027230 -0.104370 -1.817380
v -0.019220 -0.109860 -1.820400
v -0.019220 -0.109860 -1.792640
v -0.019220 -0.109860 -1.807890
v -0.019220 -0.109860 -1.817380
v -0.009520 -0.113080 -1.820400
v -0.009520 -0.113080 -1.775990
v -0.009520 -0.113080 -1.792640
v -0.009520 -0.113080 -1.807890
v -0.009520 -0.113080 -1.817380
v -0.000000 -0.113870 -1.820400
v -0.000000 -0.113870 -1.817380
v -0.000000 -0.113870 -1.807890
v 0.009520 -0.113080 -1.817380
v 0.009520 -0.113080 -1.820400
v -0.000000 -0.113870 -1.792640
v 0.009520 -0.113080 -1.807890
v 0.019220 -0.109860 -1.817380
v 0.019220 -0.109860 -1.820400
v -0.000000 -0.113870 -1.775990
v 0.009520 -0.113080 -1.792640
v 0.019220 -0.109860 -1.807890
v 0.027230 -0.104370 -1.817380
v 0.027230 -0.104370 -1.820400
v -0.000000 -0.113870 -1.759010
v 0.009520 -0.113080 -1.775990
v 0.009520 -0.113080 -1.759010
v 0.009520 -0.113080 -1.741030
v 0.019220 -0.109860 -1.792640
v 0.019220 -0.109860 -1.775990
v 0.019220 -0.109860 -1.759010
v 0.019220 -0.109860 -1.741030
v 0.027230 -0.104370 -1.807890
v 0.027230 -0.104370 -1.792640
v 0.027230 -0.104370 -1.775990
v 0.027230 -0.104370 -1.759010
v 0.027230 -0.104370 -1.741030
v 0.033090 -0.096400 -1.817380
v 0.033090 -0.096400 -1.820400
v 0.033090 -0.096400 -1.807890
v 0.035180 -0.087210 -1.817380
v 0.035180 -0.087210 -1.820400
v 0.035160 -0.068930 -1.820400
v 0.033090 -0.096400 -1.792640
v 0.035180 -0.087210 -1.807890
v 0.035170 -0.070790 -1.817380
v 0.035150 -0.063040 -1.820400
v 0.035160 -0.064910 -1.817380
v 0.035180 -0.076460 -1.807890
v 0.035180 -0.070830 -1.807890
v 0.035190 -0.082130 -1.792640
v 0.035200 -0.076880 -1.792640
v 0.035180 -0.087210 -1.792640
v 0.033090 -0.096400 -1.775990
v 0.035190 -0.085420 -1.775990
v 0.035210 -0.080360 -1.775990
v 0.035180 -0.087210 -1.775990
v 0.033090 -0.096400 -1.759010
v 0.033090 -0.096400 -1.741030
v 0.035180 -0.087210 -1.759010
v 0.035180 -0.087210 -1.741030
v 0.035210 -0.081610 -1.759010
v 0.035180 -0.081620 -1.741030
v -0.009520 -0.113080 -1.741030
v -0.000000 -0.089000 -1.741030
v -0.000000 -0.113870 -1.741030
v 0.009520 -0.113080 -1.741030
v -0.019220 -0.109860 -1.741030
v 0.019220 -0.109860 -1.741030
v -0.027230 -0.104370 -1.741030
v 0.027230 -0.104370 -1.741030
v -0.033090 -0.096400 -1.741030
v 0.033090 -0.096400 -1.741030
v -0.035180 -0.087210 -1.741030
v 0.035180 -0.087210 -1.741030
v -0.017360 -0.087290 -1.741030
v -0.030420 -0.083140 -1.741030
v 0.017360 -0.087290 -1.741030
v 0.030420 -0.083140 -1.741030
v 0.035180 -0.081620 -1.741030
v -0.035180 -0.087210 -1.741030
v -0.035180 -0.081620 -1.741030
v -0.032170 -0.086770 -1.820400
v -0.016220 -0.089970 -1.820400
v -0.015310 -0.085380 -1.820400
v -0.027750 -0.067000 -1.820400
v -0.014150 -0.071130 -1.820400
v -0.012710 -0.081490 -1.820400
v -0.008810 -0.078890 -1.820400
v -0.000000 -0.072510 -1.820400
v -0.004220 -0.077970 -1.820400
v -0.000000 -0.077970 -1.820400
v 0.004220 -0.077970 -1.820400
v 0.008810 -0.078890 -1.820400
v 0.014150 -0.071130 -1.820400
v 0.012710 -0.081490 -1.820400
v 0.015310 -0.085380 -1.820400
v 0.027750 -0.067000 -1.820400
v 0.032170 -0.086770 -1.820400
v 0.032180 -0.064600 -1.820400
v 0.016220 -0.089970 -1.820400
v 0.035160 -0.068930 -1.820400
v 0.035150 -0.063040 -1.820400
v 0.035180 -0.087210 -1.820400
v 0.030290 -0.095400 -1.820400
v 0.015310 -0.094560 -1.820400
v 0.033090 -0.096400 -1.820400
v 0.025050 -0.102470 -1.820400
v 0.012710 -0.098450 -1.820400
v 0.027230 -0.104370 -1.820400
v 0.017690 -0.106990 -1.820400
v 0.008810 -0.101060 -1.820400
v 0.019220 -0.109860 -1.820400
v 0.009120 -0.109920 -1.820400
v 0.004220 -0.101970 -1.820400
v 0.009520 -0.113080 -1.820400
v -0.000000 -0.110640 -1.820400
v -0.000000 -0.101970 -1.820400
v -0.000000 -0.113870 -1.820400
v -0.004220 -0.101970 -1.820400
v -0.009520 -0.113080 -1.820400
v -0.009120 -0.109920 -1.820400
v -0.008810 -0.101060 -1.820400
v -0.019220 -0.109860 -1.820400
v -0.017690 -0.106990 -1.820400
v -0.012710 -0.098450 -1.820400
v -0.027230 -0.104370 -1.820400
v -0.025050 -0.102470 -1.820400
v -0.015310 -0.094560 -1.820400
v -0.033090 -0.096400 -1.820400
v -0.030290 -0.095400 -1.820400
v -0.035180 -0.087210 -1.820400
v -0.035160 -0.068930 -1.820400
v -0.032180 -0.064600 -1.820400
v -0.035150 -0.063040 -1.820400
v -0.016220 -0.089970 -1.819170
v -0.015310 -0.085380 -1.820400
v -0.016220 -0.089970 -1.820400
v -0.015310 -0.085380 -1.819170
v -0.015310 -0.094560 -1.819170
v -0.012710 -0.081490 -1.820400
v -0.015310 -0.094560 -1.820400
v -0.012710 -0.081490 -1.819170
v -0.012710 -0.098450 -1.819170
v -0.008810 -0.078890 -1.820400
v -0.012710 -0.098450 -1.820400
v -0.008810 -0.078890 -1.819170
v -0.008810 -0.101060 -1.819170
v -0.004220 -0.077970 -1.820400
v -0.008810 -0.101060 -1.820400
v -0.004220 -0.077970 -1.819170
v -0.004220 -0.101970 -1.819170
v -0.000000 -0.077970 -1.819170
v -0.004220 -0.101970 -1.820400
v -0.000000 -0.077970 -1.820400
v -0.000000 -0.101970 -1.819170
v 0.004220 -0.077970 -1.820400
v -0.000000 -0.101970 -1.820400
v 0.004220 -0.077970 -1.819170
v 0.004220 -0.101970 -1.820400
v 0.008810 -0.078890 -1.819170
v 0.004220 -0.101970 -1.819170
v 0.008810 -0.078890 -1.820400
v 0.008810 -0.101060 -1.820400
v 0.012710 -0.081490 -1.819170
v 0.008810 -0.101060 -1.819170
v 0.012710 -0.081490 -1.820400
v 0.012710 -0.098450 -1.820400
v 0.015310 -0.085380 -1.819170
v 0.012710 -0.098450 -1.819170
v 0.015310 -0.085380 -1.820400
v 0.015310 -0.094560 -1.820400
v 0.016220 -0.089970 -1.819170
v 0.015310 -0.094560 -1.819170
v 0.016220 -0.089970 -1.820400
v -0.015310 -0.085380 -1.819170
v -0.016220 -0.089970 -1.819170
v -0.022100 -0.075420 -1.819170
v -0.012710 -0.081490 -1.819170
v -0.022100 -0.104520 -1.819170
v -0.015310 -0.094560 -1.819170
v -0.012710 -0.098450 -1.819170
v -0.008810 -0.101060 -1.819170
v -0.004220 -0.101970 -1.819170
v -0.000000 -0.104520 -1.819170
v -0.000000 -0.101970 -1.819170
v 0.004220 -0.101970 -1.819170
v 0.022100 -0.104520 -1.819170
v 0.008810 -0.101060 -1.819170
v 0.012710 -0.098450 -1.819170
v 0.015310 -0.094560 -1.819170
v 0.016220 -0.089970 -1.819170
v 0.022100 -0.075420 -1.819170
v 0.015310 -0.085380 -1.819170
v 0.012710 -0.081490 -1.819170
v 0.008810 -0.078890 -1.819170
v 0.022100 -0.075420 -1.819170
v 0.004220 -0.077970 -1.819170
v -0.000000 -0.075420 -1.819170
v -0.000000 -0.077970 -1.819170
v 0.022100 -0.077500 -1.812300
v -0.000000 -0.077500 -1.812300
v -0.022100 -0.077500 -1.812300
v -0.004220 -0.077970 -1.819170
v -0.022100 -0.075420 -1.819170
v -0.008810 -0.078890 -1.819170
v -0.022100 -0.104520 -1.812300
v -0.022100 -0.075420 -1.819170
v -0.022100 -0.104520 -1.819170
v -0.022100 -0.077500 -1.812300
v -0.000000 -0.104520 -1.819170
v -0.022100 -0.104520 -1.812300
v -0.022100 -0.104520 -1.819170
v -0.000000 -0.104520 -1.812300
v 0.022100 -0.104520 -1.812300
v 0.022100 -0.104520 -1.819170
v -0.000000 -0.104520 -1.812300
v -0.022100 -0.077500 -1.812300
v -0.022100 -0.104520 -1.812300
v -0.000000 -0.077500 -1.812300
v 0.022100 -0.104520 -1.812300
v 0.022100 -0.075420 -1.819170
v 0.022100 -0.077500 -1.812300
v 0.022100 -0.104520 -1.819170
v -0.000000 -0.104520 -1.812300
v 0.022100 -0.077500 -1.812300
v -0.000000 -0.077500 -1.812300
v 0.022100 -0.104520 -1.812300
v -0.064090 0.065980 -1.821350
v -0.064090 0.065980 -1.745940
v -0.079990 0.084290 -1.745940
v -0.217900 0.219800 -1.821350
v -0.208190 0.212530 -1.786660
v -0.076380 0.080700 -1.704160
v -0.223560 0.225460 -1.813360
v -0.223560 0.225460 -1.817320
v -0.222850 0.224750 -1.820340
v -0.220720 0.222630 -1.821350
v -0.114310 0.112410 -1.505830
v -0.223560 0.225460 -1.759350
v -0.112410 0.114310 -1.505830
v -0.225460 0.223560 -1.759350
v -0.113300 0.111400 -1.503590
v -0.225460 0.223560 -1.786380
v -0.111400 0.113300 -1.503590
v -0.223560 0.225460 -1.786380
v -0.111870 0.109970 -1.501800
v -0.225460 0.223560 -1.813360
v -0.109970 0.111860 -1.501800
v -0.223560 0.225460 -1.813360
v -0.109970 0.108070 -1.500970
v -0.225460 0.223560 -1.817320
v -0.108070 0.109970 -1.500970
v -0.223560 0.225460 -1.817320
v -0.222850 0.224750 -1.820340
v -0.224750 0.222850 -1.820340
v -0.106160 0.108060 -1.500970
v -0.108060 0.106160 -1.500970
v -0.065990 0.064090 -1.500970
v -0.064090 0.065980 -1.500970
v -0.064090 0.065980 -1.745940
v -0.065990 0.064090 -1.745940
v -0.065040 0.065040 -1.710640
v -0.065990 0.064090 -1.821350
v -0.064090 0.065980 -1.821350
v -0.068910 0.061150 -1.737010
v -0.068910 0.061150 -1.710640
v -0.061160 0.068910 -1.737010
v -0.061160 0.068910 -1.710640
v -0.065990 0.064090 -1.642450
v -0.064090 0.065980 -1.559110
v -0.064090 0.065980 -1.642450
v -0.065990 0.064090 -1.559110
v -0.064090 0.065980 -1.500970
v -0.065990 0.064090 -1.500970
v -0.223560 0.225460 -1.759350
v -0.064090 0.065980 -1.559110
v -0.106160 0.108060 -1.529840
v -0.064090 0.065980 -1.500970
v -0.106160 0.108060 -1.500970
v -0.076960 0.080120 -1.662610
v -0.064090 0.065980 -1.642450
v -0.208190 0.212530 -1.786660
v -0.076380 0.080700 -1.704160
v -0.112410 0.114310 -1.505830
v -0.108070 0.109970 -1.500970
v -0.111400 0.113300 -1.503590
v -0.109970 0.111860 -1.501800
v -0.066190 0.073950 -1.710640
v -0.071320 0.079090 -1.664900
v -0.071320 0.079090 -1.704050
v -0.065960 0.073730 -1.660260
v -0.061160 0.068910 -1.649430
v -0.061160 0.068910 -1.660260
v -0.061160 0.068910 -1.649430
v -0.065040 0.065040 -1.660320
v -0.064090 0.065980 -1.642450
v -0.061160 0.068910 -1.660260
v -0.065990 0.064090 -1.642450
v -0.068910 0.061150 -1.649430
v -0.068910 0.061150 -1.660260
v -0.064090 0.065980 -1.745940
v -0.061160 0.068910 -1.737010
v -0.065740 0.073510 -1.737010
v -0.079990 0.084290 -1.745940
v -0.071320 0.079090 -1.737010
v -0.071320 0.079090 -1.737010
v -0.076380 0.080700 -1.704160
v -0.079990 0.084290 -1.745940
v -0.071320 0.079090 -1.704050
v -0.061160 0.068910 -1.649430
v -0.076960 0.080120 -1.662610
v -0.071320 0.079090 -1.664900
v -0.064090 0.065980 -1.642450
v -0.066190 0.073950 -1.710640
v -0.061160 0.068910 -1.737010
v -0.061160 0.068910 -1.710640
v -0.065740 0.073510 -1.737010
v -0.071320 0.079090 -1.704050
v -0.071320 0.079090 -1.737010
v -0.059990 0.069160 -1.711590
v -0.064820 0.073980 -1.709140
v -0.059990 0.069160 -1.734100
v -0.070820 0.079990 -1.734100
v -0.070820 0.079990 -1.703050
v -0.064820 0.073980 -1.703050
v -0.061270 0.067880 -1.711590
v -0.059990 0.069160 -1.734100
v -0.061270 0.067880 -1.734100
v -0.059990 0.069160 -1.711590
v -0.059990 0.069160 -1.734100
v -0.070820 0.079990 -1.734100
v -0.072100 0.078710 -1.734100
v -0.061270 0.067880 -1.734100
v -0.072100 0.078710 -1.734100
v -0.070820 0.079990 -1.703050
v -0.072100 0.078710 -1.703050
v -0.070820 0.079990 -1.734100
v -0.059990 0.069160 -1.711590
v -0.066100 0.072700 -1.709140
v -0.064820 0.073980 -1.709140
v -0.061270 0.067880 -1.711590
v -0.064820 0.073980 -1.703050
v -0.072100 0.078710 -1.703050
v -0.070820 0.079990 -1.703050
v -0.066100 0.072700 -1.703050
v -0.064820 0.073980 -1.709140
v -0.066100 0.072700 -1.703050
v -0.064820 0.073980 -1.703050
v -0.066100 0.072700 -1.709140
v -0.071320 0.079090 -1.704050
v -0.076960 0.080120 -1.662610
v -0.076380 0.080700 -1.704160
v -0.071320 0.079090 -1.664900
v -0.064180 0.079000 -1.726170
v -0.064840 0.074010 -1.727460
v -0.062020 0.076840 -1.727460
v -0.060120 0.074950 -1.732870
v -0.067000 0.076180 -1.726170
v -0.062950 0.072120 -1.732870
v -0.059620 0.074450 -1.739630
v -0.062450 0.071620 -1.739630
v -0.065070 0.079900 -1.723150
v -0.067900 0.077070 -1.723150
v -0.064180 0.079000 -1.720080
v -0.067000 0.076180 -1.720080
v -0.062020 0.076840 -1.718800
v -0.064840 0.074010 -1.718800
v -0.059850 0.074680 -1.720080
v -0.062680 0.071850 -1.720080
v -0.058960 0.073780 -1.723150
v -0.061790 0.070960 -1.723150
v -0.059410 0.074230 -1.724660
v -0.062240 0.071410 -1.724660
v -0.058870 0.073690 -1.732820
v -0.061690 0.070860 -1.732820
v -0.058850 0.073670 -1.739580
v -0.061680 0.070850 -1.739580
v -0.059620 0.074450 -1.739630
v -0.061680 0.070850 -1.739580
v -0.058850 0.073670 -1.739580
v -0.062450 0.071620 -1.739630
v -0.058870 0.073690 -1.732820
v -0.059410 0.074230 -1.724660
v -0.062020 0.076840 -1.727460
v -0.059850 0.074680 -1.720080
v -0.058960 0.073780 -1.723150
v -0.062020 0.076840 -1.718800
v -0.060120 0.074950 -1.732870
v -0.058850 0.073670 -1.739580
v -0.059620 0.074450 -1.739630
v -0.065070 0.079900 -1.723150
v -0.064180 0.079000 -1.720080
v -0.064180 0.079000 -1.726170
v -0.065990 0.064090 -1.821350
v -0.084290 0.079990 -1.745940
v -0.065990 0.064090 -1.745940
v -0.219800 0.217900 -1.821350
v -0.212530 0.208190 -1.786660
v -0.080700 0.076370 -1.704160
v -0.225460 0.223560 -1.813360
v -0.225460 0.223560 -1.817320
v -0.224750 0.222850 -1.820340
v -0.222630 0.220730 -1.821350
v -0.225460 0.223560 -1.759350
v -0.108060 0.106160 -1.529840
v -0.065990 0.064090 -1.559110
v -0.065990 0.064090 -1.500970
v -0.108060 0.106160 -1.500970
v -0.080120 0.076960 -1.662610
v -0.065990 0.064090 -1.642450
v -0.212530 0.208190 -1.786660
v -0.080700 0.076370 -1.704160
v -0.114310 0.112410 -1.505830
v -0.109970 0.108070 -1.500970
v -0.113300 0.111400 -1.503590
v -0.111870 0.109970 -1.501800
v -0.073950 0.066190 -1.710640
v -0.079090 0.071320 -1.664900
v -0.073730 0.065970 -1.660260
v -0.068910 0.061150 -1.649430
v -0.068910 0.061150 -1.660260
v -0.079090 0.071320 -1.704050
v -0.073510 0.065740 -1.737010
v -0.079090 0.071320 -1.737010
v -0.068910 0.061150 -1.737010
v -0.068910 0.061150 -1.710640
v -0.065990 0.064090 -1.745940
v -0.073510 0.065740 -1.737010
v -0.068910 0.061150 -1.737010
v -0.084290 0.079990 -1.745940
v -0.079090 0.071320 -1.737010
v -0.079090 0.071320 -1.737010
v -0.080700 0.076370 -1.704160
v -0.079090 0.071320 -1.704050
v -0.084290 0.079990 -1.745940
v -0.068910 0.061150 -1.649430
v -0.080120 0.076960 -1.662610
v -0.065990 0.064090 -1.642450
v -0.079090 0.071320 -1.664900
v -0.069160 0.059990 -1.711590
v -0.069160 0.059990 -1.734100
v -0.073980 0.064820 -1.709140
v -0.079990 0.070820 -1.734100
v -0.079990 0.070820 -1.703050
v -0.073980 0.064820 -1.703050
v -0.067880 0.061270 -1.711590
v -0.069160 0.059990 -1.734100
v -0.069160 0.059990 -1.711590
v -0.067880 0.061270 -1.734100
v -0.069160 0.059990 -1.734100
v -0.067880 0.061270 -1.734100
v -0.078710 0.072090 -1.734100
v -0.079990 0.070820 -1.734100
v -0.078710 0.072090 -1.734100
v -0.079990 0.070820 -1.703050
v -0.079990 0.070820 -1.734100
v -0.078710 0.072090 -1.703050
v -0.069160 0.059990 -1.711590
v -0.072700 0.066100 -1.709140
v -0.067880 0.061270 -1.711590
v -0.073980 0.064820 -1.709140
v -0.078710 0.072090 -1.703050
v -0.073980 0.064820 -1.703050
v -0.079990 0.070820 -1.703050
v -0.072700 0.066100 -1.703050
v -0.073980 0.064820 -1.709140
v -0.072700 0.066100 -1.703050
v -0.072700 0.066100 -1.709140
v -0.073980 0.064820 -1.703050
v -0.220720 0.222630 -1.821350
v -0.224750 0.222850 -1.820340
v -0.222630 0.220730 -1.821350
v -0.222850 0.224750 -1.820340
v -0.217900 0.219800 -1.821350
v -0.219800 0.217900 -1.821350
v -0.064090 0.065980 -1.821350
v -0.065990 0.064090 -1.821350
v -0.079090 0.071320 -1.704050
v -0.080120 0.076960 -1.662610
v -0.079090 0.071320 -1.664900
v -0.080700 0.076370 -1.704160
v -0.079000 0.064180 -1.726170
v -0.074020 0.064840 -1.727460
v -0.076180 0.067000 -1.726170
v -0.076840 0.062010 -1.727460
v -0.079900 0.065070 -1.723150
v -0.074950 0.060120 -1.732870
v -0.077070 0.067900 -1.723150
v -0.072120 0.062950 -1.732870
v -0.074440 0.059620 -1.739630
v -0.071620 0.062450 -1.739630
v -0.079000 0.064180 -1.720080
v -0.076180 0.067000 -1.720080
v -0.076840 0.062010 -1.718800
v -0.074020 0.064840 -1.718800
v -0.074680 0.059850 -1.720080
v -0.071850 0.062680 -1.720080
v -0.073780 0.058960 -1.723150
v -0.070960 0.061790 -1.723150
v -0.074230 0.059410 -1.724660
v -0.071410 0.062240 -1.724660
v -0.073690 0.058870 -1.732820
v -0.070860 0.061690 -1.732820
v -0.073670 0.058850 -1.739580
v -0.070850 0.061680 -1.739580
v -0.074440 0.059620 -1.739630
v -0.070850 0.061680 -1.739580
v -0.071620 0.062450 -1.739630
v -0.073670 0.058850 -1.739580
v -0.073690 0.058870 -1.732820
v -0.076840 0.062010 -1.727460
v -0.074230 0.059410 -1.724660
v -0.074680 0.059850 -1.720080
v -0.073780 0.058960 -1.723150
v -0.076840 0.062010 -1.718800
v -0.074950 0.060120 -1.732870
v -0.073670 0.058850 -1.739580
v -0.074440 0.059620 -1.739630
v -0.079900 0.065070 -1.723150
v -0.079000 0.064180 -1.720080
v -0.079000 0.064180 -1.726170
v -0.065040 0.065040 -1.660320
v -0.065960 0.073730 -1.660260
v -0.069850 0.069850 -1.660260
v -0.061160 0.068910 -1.660260
v -0.068910 0.061150 -1.660260
v -0.073730 0.065970 -1.660260
v -0.065040 0.065040 -1.710640
v -0.073950 0.066190 -1.710640
v -0.070070 0.070070 -1.710640
v -0.068910 0.061150 -1.710640
v -0.061160 0.068910 -1.710640
v -0.066190 0.073950 -1.710640
v -0.069850 0.069850 -1.660260
v -0.066190 0.073950 -1.710640
v -0.070070 0.070070 -1.710640
v -0.065960 0.073730 -1.660260
v -0.073730 0.065970 -1.660260
v -0.073950 0.066190 -1.710640
v -0.061270 0.067880 -1.711590
v -0.061270 0.067880 -1.734100
v -0.066100 0.072700 -1.709140
v -0.072100 0.078710 -1.734100
v -0.066100 0.072700 -1.703050
v -0.072100 0.078710 -1.703050
v -0.067880 0.061270 -1.734100
v -0.067880 0.061270 -1.711590
v -0.072700 0.066100 -1.709140
v -0.078710 0.072090 -1.734100
v -0.078710 0.072090 -1.703050
v -0.072700 0.066100 -1.703050
v -0.066340 0.073550 -1.664950
v -0.068040 0.080060 -1.669090
v -0.063930 0.075950 -1.669090
v -0.071090 0.078300 -1.664950
v -0.064290 0.081950 -1.672890
v -0.061110 0.078780 -1.672890
v -0.060120 0.083530 -1.677580
v -0.058240 0.081650 -1.677580
v -0.057950 0.083860 -1.684220
v -0.056990 0.082900 -1.684220
v -0.060120 0.083530 -1.690820
v -0.058240 0.081650 -1.690820
v -0.064290 0.081950 -1.695560
v -0.061110 0.078780 -1.695560
v -0.068040 0.080060 -1.699360
v -0.063930 0.075950 -1.699360
v -0.071090 0.078300 -1.703490
v -0.066340 0.073550 -1.703490
v -0.066340 0.073550 -1.664950
v -0.063930 0.075950 -1.699360
v -0.066340 0.073550 -1.703490
v -0.063930 0.075950 -1.669090
v -0.061110 0.078780 -1.695560
v -0.061110 0.078780 -1.672890
v -0.058240 0.081650 -1.677580
v -0.058240 0.081650 -1.690820
v -0.056990 0.082900 -1.684220
v -0.071090 0.078300 -1.703490
v -0.068040 0.080060 -1.669090
v -0.071090 0.078300 -1.664950
v -0.068040 0.080060 -1.699360
v -0.064290 0.081950 -1.672890
v -0.064290 0.081950 -1.695560
v -0.060120 0.083530 -1.677580
v -0.060120 0.083530 -1.690820
v -0.057950 0.083860 -1.684220
v -0.073550 0.066340 -1.664950
v -0.080060 0.068040 -1.669090
v -0.078300 0.071090 -1.664950
v -0.075950 0.063930 -1.669090
v -0.081960 0.064290 -1.672890
v -0.078780 0.061110 -1.672890
v -0.083530 0.060120 -1.677580
v -0.081650 0.058240 -1.677580
v -0.083860 0.057960 -1.684220
v -0.082900 0.056990 -1.684220
v -0.083530 0.060120 -1.690820
v -0.081650 0.058240 -1.690820
v -0.081960 0.064290 -1.695560
v -0.078780 0.061110 -1.695560
v -0.080060 0.068040 -1.699360
v -0.075950 0.063930 -1.699360
v -0.078300 0.071090 -1.703490
v -0.073550 0.066340 -1.703490
v -0.073550 0.066340 -1.664950
v -0.075950 0.063930 -1.699360
v -0.075950 0.063930 -1.669090
v -0.073550 0.066340 -1.703490
v -0.078780 0.061110 -1.695560
v -0.078780 0.061110 -1.672890
v -0.081650 0.058240 -1.677580
v -0.081650 0.058240 -1.690820
v -0.082900 0.056990 -1.684220
v -0.078300 0.071090 -1.703490
v -0.080060 0.068040 -1.669090
v -0.080060 0.068040 -1.699360
v -0.078300 0.071090 -1.664950
v -0.081960 0.064290 -1.672890
v -0.081960 0.064290 -1.695560
v -0.083530 0.060120 -1.677580
v -0.083530 0.060120 -1.690820
v -0.083860 0.057960 -1.684220
v -0.223560 0.225460 -1.786380
v -0.208190 0.212530 -1.786660
v -0.223560 0.225460 -1.759350
v -0.223560 0.225460 -1.813360
v -0.225460 0.223560 -1.786380
v -0.212530 0.208190 -1.786660
v -0.225460 0.223560 -1.813360
v -0.225460 0.223560 -1.759350
v 0.065980 0.064090 -1.821350
v 0.065980 0.064090 -1.745940
v 0.084290 0.079990 -1.745940
v 0.219800 0.217900 -1.821350
v 0.212530 0.208190 -1.786660
v 0.080700 0.076370 -1.704160
v 0.225460 0.223560 -1.813360
v 0.225460 0.223560 -1.817320
v 0.224750 0.222850 -1.820340
v 0.222630 0.220730 -1.821350
v 0.112410 0.114310 -1.505830
v 0.225460 0.223560 -1.759350
v 0.114310 0.112410 -1.505830
v 0.223560 0.225460 -1.759350
v 0.111400 0.113300 -1.503590
v 0.223560 0.225460 -1.786380
v 0.113300 0.111400 -1.503590
v 0.225460 0.223560 -1.786380
v 0.109970 0.111860 -1.501800
v 0.223560 0.225460 -1.813360
v 0.111860 0.109970 -1.501800
v 0.225460 0.223560 -1.813360
v 0.108070 0.109970 -1.500970
v 0.223560 0.225460 -1.817320
v 0.109970 0.108070 -1.500970
v 0.225460 0.223560 -1.817320
v 0.224750 0.222850 -1.820340
v 0.222850 0.224750 -1.820340
v 0.108060 0.106160 -1.500970
v 0.106160 0.108060 -1.500970
v 0.064090 0.065980 -1.500970
v 0.065980 0.064090 -1.500970
v 0.065980 0.064090 -1.745940
v 0.064090 0.065980 -1.745940
v 0.065040 0.065040 -1.710640
v 0.064090 0.065980 -1.821350
v 0.065980 0.064090 -1.821350
v 0.061150 0.068910 -1.737010
v 0.061150 0.068910 -1.710640
v 0.068920 0.061150 -1.737010
v 0.068920 0.061150 -1.710640
v 0.064090 0.065980 -1.642450
v 0.065980 0.064090 -1.559110
v 0.065980 0.064090 -1.642450
v 0.064090 0.065980 -1.559110
v 0.065980 0.064090 -1.500970
v 0.064090 0.065980 -1.500970
v 0.225460 0.223560 -1.759350
v 0.065980 0.064090 -1.559110
v 0.108060 0.106160 -1.529840
v 0.065980 0.064090 -1.500970
v 0.108060 0.106160 -1.500970
v 0.080120 0.076960 -1.662610
v 0.065980 0.064090 -1.642450
v 0.212530 0.208190 -1.786660
v 0.080700 0.076370 -1.704160
v 0.114310 0.112410 -1.505830
v 0.109970 0.108070 -1.500970
v 0.113300 0.111400 -1.503590
v 0.111860 0.109970 -1.501800
v 0.073950 0.066190 -1.710640
v 0.079090 0.071320 -1.664900
v 0.079090 0.071320 -1.704050
v 0.073730 0.065970 -1.660260
v 0.068920 0.061150 -1.649430
v 0.068920 0.061150 -1.660260
v 0.073510 0.065740 -1.737010
v 0.079090 0.071320 -1.737010
v 0.068920 0.061150 -1.737010
v 0.068920 0.061150 -1.710640
v 0.068920 0.061150 -1.649430
v 0.065040 0.065040 -1.660320
v 0.065980 0.064090 -1.642450
v 0.068920 0.061150 -1.660260
v 0.064090 0.065980 -1.642450
v 0.061150 0.068910 -1.649430
v 0.061150 0.068910 -1.660260
v 0.065980 0.064090 -1.745940
v 0.068920 0.061150 -1.737010
v 0.073510 0.065740 -1.737010
v 0.084290 0.079990 -1.745940
v 0.079090 0.071320 -1.737010
v 0.079090 0.071320 -1.737010
v 0.080700 0.076370 -1.704160
v 0.084290 0.079990 -1.745940
v 0.079090 0.071320 -1.704050
v 0.068920 0.061150 -1.649430
v 0.080120 0.076960 -1.662610
v 0.079090 0.071320 -1.664900
v 0.065980 0.064090 -1.642450
v 0.069160 0.059990 -1.711590
v 0.073980 0.064820 -1.709140
v 0.069160 0.059990 -1.734100
v 0.079990 0.070820 -1.734100
v 0.079990 0.070820 -1.703050
v 0.073980 0.064820 -1.703050
v 0.067880 0.061270 -1.711590
v 0.069160 0.059990 -1.734100
v 0.067880 0.061270 -1.734100
v 0.069160 0.059990 -1.711590
v 0.069160 0.059990 -1.734100
v 0.079990 0.070820 -1.734100
v 0.078710 0.072090 -1.734100
v 0.067880 0.061270 -1.734100
v 0.078710 0.072090 -1.734100
v 0.079990 0.070820 -1.703050
v 0.078710 0.072090 -1.703050
v 0.079990 0.070820 -1.734100
v 0.069160 0.059990 -1.711590
v 0.072700 0.066100 -1.709140
v 0.073980 0.064820 -1.709140
v 0.067880 0.061270 -1.711590
v 0.073980 0.064820 -1.703050
v 0.078710 0.072090 -1.703050
v 0.079990 0.070820 -1.703050
v 0.072700 0.066100 -1.703050
v 0.073980 0.064820 -1.709140
v 0.072700 0.066100 -1.703050
v 0.073980 0.064820 -1.703050
v 0.072700 0.066100 -1.709140
v 0.079090 0.071320 -1.704050
v 0.080120 0.076960 -1.662610
v 0.080700 0.076370 -1.704160
v 0.079090 0.071320 -1.664900
v 0.079000 0.064180 -1.726170
v 0.074010 0.064840 -1.727460
v 0.076840 0.062010 -1.727460
v 0.074950 0.060120 -1.732870
v 0.076180 0.067000 -1.726170
v 0.072120 0.062950 -1.732870
v 0.074450 0.059620 -1.739630
v 0.071620 0.062450 -1.739630
v 0.079900 0.065070 -1.723150
v 0.077070 0.067900 -1.723150
v 0.079000 0.064180 -1.720080
v 0.076180 0.067000 -1.720080
v 0.076840 0.062010 -1.718800
v 0.074010 0.064840 -1.718800
v 0.074680 0.059850 -1.720080
v 0.071850 0.062680 -1.720080
v 0.073780 0.058960 -1.723150
v 0.070960 0.061790 -1.723150
v 0.074230 0.059410 -1.724660
v 0.071410 0.062240 -1.724660
v 0.073690 0.058870 -1.732820
v 0.070860 0.061690 -1.732820
v 0.073680 0.058850 -1.739580
v 0.070850 0.061680 -1.739580
v 0.074450 0.059620 -1.739630
v 0.070850 0.061680 -1.739580
v 0.073680 0.058850 -1.739580
v 0.071620 0.062450 -1.739630
v 0.073690 0.058870 -1.732820
v 0.074230 0.059410 -1.724660
v 0.076840 0.062010 -1.727460
v 0.074680 0.059850 -1.720080
v 0.073780 0.058960 -1.723150
v 0.076840 0.062010 -1.718800
v 0.074950 0.060120 -1.732870
v 0.073680 0.058850 -1.739580
v 0.074450 0.059620 -1.739630
v 0.079900 0.065070 -1.723150
v 0.079000 0.064180 -1.720080
v 0.079000 0.064180 -1.726170
v 0.064090 0.065980 -1.821350
v 0.079990 0.084290 -1.745940
v 0.064090 0.065980 -1.745940
v 0.217900 0.219800 -1.821350
v 0.208190 0.212530 -1.786660
v 0.076370 0.080700 -1.704160
v 0.223560 0.225460 -1.813360
v 0.223560 0.225460 -1.817320
v 0.222850 0.224750 -1.820340
v 0.220730 0.222630 -1.821350
v 0.223560 0.225460 -1.759350
v 0.106160 0.108060 -1.529840
v 0.064090 0.065980 -1.559110
v 0.064090 0.065980 -1.500970
v 0.106160 0.108060 -1.500970
v 0.076960 0.080120 -1.662610
v 0.064090 0.065980 -1.642450
v 0.208190 0.212530 -1.786660
v 0.076370 0.080700 -1.704160
v 0.112410 0.114310 -1.505830
v 0.108070 0.109970 -1.500970
v 0.111400 0.113300 -1.503590
v 0.109970 0.111860 -1.501800
v 0.066190 0.073950 -1.710640
v 0.071320 0.079090 -1.664900
v 0.065970 0.073730 -1.660260
v 0.061150 0.068910 -1.649430
v 0.061150 0.068910 -1.660260
v 0.071320 0.079090 -1.704050
v 0.065740 0.073510 -1.737010
v 0.071320 0.079090 -1.737010
v 0.061150 0.068910 -1.737010
v 0.061150 0.068910 -1.710640
v 0.064090 0.065980 -1.745940
v 0.065740 0.073510 -1.737010
v 0.061150 0.068910 -1.737010
v 0.079990 0.084290 -1.745940
v 0.071320 0.079090 -1.737010
v 0.071320 0.079090 -1.737010
v 0.076370 0.080700 -1.704160
v 0.071320 0.079090 -1.704050
v 0.079990 0.084290 -1.745940
v 0.061150 0.068910 -1.649430
v 0.076960 0.080120 -1.662610
v 0.064090 0.065980 -1.642450
v 0.071320 0.079090 -1.664900
v 0.059990 0.069160 -1.711590
v 0.059990 0.069160 -1.734100
v 0.064820 0.073980 -1.709140
v 0.070820 0.079990 -1.734100
v 0.070820 0.079990 -1.703050
v 0.064820 0.073980 -1.703050
v 0.061270 0.067880 -1.711590
v 0.059990 0.069160 -1.734100
v 0.059990 0.069160 -1.711590
v 0.061270 0.067880 -1.734100
v 0.059990 0.069160 -1.734100
v 0.061270 0.067880 -1.734100
v 0.072090 0.078710 -1.734100
v 0.070820 0.079990 -1.734100
v 0.072090 0.078710 -1.734100
v 0.070820 0.079990 -1.703050
v 0.070820 0.079990 -1.734100
v 0.072090 0.078710 -1.703050
v 0.059990 0.069160 -1.711590
v 0.066100 0.072700 -1.709140
v 0.061270 0.067880 -1.711590
v 0.064820 0.073980 -1.709140
v 0.072090 0.078710 -1.703050
v 0.064820 0.073980 -1.703050
v 0.070820 0.079990 -1.703050
v 0.066100 0.072700 -1.703050
v 0.064820 0.073980 -1.709140
v 0.066100 0.072700 -1.703050
v 0.066100 0.072700 -1.709140
v 0.064820 0.073980 -1.703050
v 0.222630 0.220730 -1.821350
v 0.222850 0.224750 -1.820340
v 0.220730 0.222630 -1.821350
v 0.224750 0.222850 -1.820340
v 0.219800 0.217900 -1.821350
v 0.217900 0.219800 -1.821350
v 0.065980 0.064090 -1.821350
v 0.064090 0.065980 -1.821350
v 0.071320 0.079090 -1.704050
v 0.076960 0.080120 -1.662610
v 0.071320 0.079090 -1.664900
v 0.076370 0.080700 -1.704160
v 0.064180 0.079000 -1.726170
v 0.064840 0.074010 -1.727460
v 0.067000 0.076180 -1.726170
v 0.062010 0.076840 -1.727460
v 0.065080 0.079900 -1.723150
v 0.060120 0.074950 -1.732870
v 0.067900 0.077070 -1.723150
v 0.062950 0.072120 -1.732870
v 0.059620 0.074450 -1.739630
v 0.062450 0.071620 -1.739630
v 0.064180 0.079000 -1.720080
v 0.067000 0.076180 -1.720080
v 0.062010 0.076840 -1.718800
v 0.064840 0.074010 -1.718800
v 0.059850 0.074680 -1.720080
v 0.062680 0.071850 -1.720080
v 0.058960 0.073780 -1.723150
v 0.061790 0.070960 -1.723150
v 0.059410 0.074230 -1.724660
v 0.062240 0.071410 -1.724660
v 0.058870 0.073690 -1.732820
v 0.061700 0.070860 -1.732820
v 0.058850 0.073670 -1.739580
v 0.061680 0.070850 -1.739580
v 0.059620 0.074450 -1.739630
v 0.061680 0.070850 -1.739580
v 0.062450 0.071620 -1.739630
v 0.058850 0.073670 -1.739580
v 0.058870 0.073690 -1.732820
v 0.062010 0.076840 -1.727460
v 0.059410 0.074230 -1.724660
v 0.059850 0.074680 -1.720080
v 0.058960 0.073780 -1.723150
v 0.062010 0.076840 -1.718800
v 0.060120 0.074950 -1.732870
v 0.058850 0.073670 -1.739580
v 0.059620 0.074450 -1.739630
v 0.065080 0.079900 -1.723150
v 0.064180 0.079000 -1.720080
v 0.064180 0.079000 -1.726170
v 0.065040 0.065040 -1.660320
v 0.073730 0.065970 -1.660260
v 0.069850 0.069850 -1.660260
v 0.068920 0.061150 -1.660260
v 0.061150 0.068910 -1.660260
v 0.065970 0.073730 -1.660260
v 0.065040 0.065040 -1.710640
v 0.066190 0.073950 -1.710640
v 0.070070 0.070070 -1.710640
v 0.061150 0.068910 -1.710640
v 0.068920 0.061150 -1.710640
v 0.073950 0.066190 -1.710640
v 0.069850 0.069850 -1.660260
v 0.073950 0.066190 -1.710640
v 0.070070 0.070070 -1.710640
v 0.073730 0.065970 -1.660260
v 0.065970 0.073730 -1.660260
v 0.066190 0.073950 -1.710640
v 0.067880 0.061270 -1.711590
v 0.067880 0.061270 -1.734100
v 0.072700 0.066100 -1.709140
v 0.078710 0.072090 -1.734100
v 0.072700 0.066100 -1.703050
v 0.078710 0.072090 -1.703050
v 0.061270 0.067880 -1.734100
v 0.061270 0.067880 -1.711590
v 0.066100 0.072700 -1.709140
v 0.072090 0.078710 -1.734100
v 0.072090 0.078710 -1.703050
v 0.066100 0.072700 -1.703050
v 0.073550 0.066340 -1.664950
v 0.080060 0.068040 -1.669090
v 0.075950 0.063930 -1.669090
v 0.078300 0.071090 -1.664950
v 0.081950 0.064290 -1.672890
v 0.078780 0.061110 -1.672890
v 0.083530 0.060120 -1.677580
v 0.081650 0.058240 -1.677580
v 0.083860 0.057960 -1.684220
v 0.082900 0.056990 -1.684220
v 0.083530 0.060120 -1.690820
v 0.081650 0.058240 -1.690820
v 0.081950 0.064290 -1.695560
v 0.078780 0.061110 -1.695560
v 0.080060 0.068040 -1.699360
v 0.075950 0.063930 -1.699360
v 0.078300 0.071090 -1.703490
v 0.073550 0.066340 -1.703490
v 0.073550 0.066340 -1.664950
v 0.075950 0.063930 -1.699360
v 0.073550 0.066340 -1.703490
v 0.075950 0.063930 -1.669090
v 0.078780 0.061110 -1.695560
v 0.078780 0.061110 -1.672890
v 0.081650 0.058240 -1.677580
v 0.081650 0.058240 -1.690820
v 0.082900 0.056990 -1.684220
v 0.078300 0.071090 -1.703490
v 0.080060 0.068040 -1.669090
v 0.078300 0.071090 -1.664950
v 0.080060 0.068040 -1.699360
v 0.081950 0.064290 -1.672890
v 0.081950 0.064290 -1.695560
v 0.083530 0.060120 -1.677580
v 0.083530 0.060120 -1.690820
v 0.083860 0.057960 -1.684220
v 0.066340 0.073550 -1.664950
v 0.068040 0.080060 -1.669090
v 0.071090 0.078300 -1.664950
v 0.063930 0.075950 -1.669090
v 0.064290 0.081950 -1.672890
v 0.061110 0.078780 -1.672890
v 0.060120 0.083530 -1.677580
v 0.058240 0.081650 -1.677580
v 0.057960 0.083860 -1.684220
v 0.056990 0.082900 -1.684220
v 0.060120 0.083530 -1.690820
v 0.058240 0.081650 -1.690820
v 0.064290 0.081950 -1.695560
v 0.061110 0.078780 -1.695560
v 0.068040 0.080060 -1.699360
v 0.063930 0.075950 -1.699360
v 0.071090 0.078300 -1.703490
v 0.066340 0.073550 -1.703490
v 0.066340 0.073550 -1.664950
v 0.063930 0.075950 -1.699360
v 0.063930 0.075950 -1.669090
v 0.066340 0.073550 -1.703490
v 0.061110 0.078780 -1.695560
v 0.061110 0.078780 -1.672890
v 0.058240 0.081650 -1.677580
v 0.058240 0.081650 -1.690820
v 0.056990 0.082900 -1.684220
v 0.071090 0.078300 -1.703490
v 0.068040 0.080060 -1.669090
v 0.068040 0.080060 -1.699360
v 0.071090 0.078300 -1.664950
v 0.064290 0.081950 -1.672890
v 0.064290 0.081950 -1.695560
v 0.060120 0.083530 -1.677580
v 0.060120 0.083530 -1.690820
v 0.057960 0.083860 -1.684220
v 0.225460 0.223560 -1.786380
v 0.212530 0.208190 -1.786660
v 0.225460 0.223560 -1.759350
v 0.225460 0.223560 -1.813360
v 0.223560 0.225460 -1.786380
v 0.208190 0.212530 -1.786660
v 0.223560 0.225460 -1.813360
v 0.223560 0.225460 -1.759350
v 0.064090 -0.065990 -1.821350
v 0.064090 -0.065990 -1.745940
v 0.079990 -0.084290 -1.745940
v 0.217900 -0.219800 -1.821350
v 0.208190 -0.212530 -1.786660
v 0.076370 -0.080700 -1.704160
v 0.223560 -0.225460 -1.813360
v 0.223560 -0.225460 -1.817320
v 0.222850 -0.224750 -1.820340
v 0.220730 -0.222630 -1.821350
v 0.114310 -0.112410 -1.505830
v 0.223560 -0.225460 -1.759350
v 0.112410 -0.114310 -1.505830
v 0.225460 -0.223560 -1.759350
v 0.113300 -0.111400 -1.503590
v 0.225460 -0.223560 -1.786380
v 0.111400 -0.113300 -1.503590
v 0.223560 -0.225460 -1.786380
v 0.111860 -0.109970 -1.501800
v 0.225460 -0.223560 -1.813360
v 0.109970 -0.111870 -1.501800
v 0.223560 -0.225460 -1.813360
v 0.109970 -0.108070 -1.500970
v 0.225460 -0.223560 -1.817320
v 0.108070 -0.109970 -1.500970
v 0.223560 -0.225460 -1.817320
v 0.222850 -0.224750 -1.820340
v 0.224750 -0.222850 -1.820340
v 0.106160 -0.108060 -1.500970
v 0.108060 -0.106160 -1.500970
v 0.065980 -0.064090 -1.500970
v 0.064090 -0.065990 -1.500970
v 0.064090 -0.065990 -1.745940
v 0.065980 -0.064090 -1.745940
v 0.065040 -0.065040 -1.710640
v 0.061150 -0.068910 -1.737010
v 0.061150 -0.068910 -1.710640
v 0.068920 -0.061160 -1.737010
v 0.068920 -0.061160 -1.710640
v 0.064090 -0.065990 -1.745940
v 0.065980 -0.064090 -1.821350
v 0.064090 -0.065990 -1.821350
v 0.065980 -0.064090 -1.642450
v 0.064090 -0.065990 -1.559110
v 0.064090 -0.065990 -1.642450
v 0.065980 -0.064090 -1.559110
v 0.064090 -0.065990 -1.500970
v 0.065980 -0.064090 -1.500970
v 0.223560 -0.225460 -1.759350
v 0.064090 -0.065990 -1.559110
v 0.106160 -0.108060 -1.529840
v 0.064090 -0.065990 -1.500970
v 0.106160 -0.108060 -1.500970
v 0.076960 -0.080120 -1.662610
v 0.064090 -0.065990 -1.642450
v 0.208190 -0.212530 -1.786660
v 0.076370 -0.080700 -1.704160
v 0.112410 -0.114310 -1.505830
v 0.108070 -0.109970 -1.500970
v 0.111400 -0.113300 -1.503590
v 0.109970 -0.111870 -1.501800
v 0.066190 -0.073950 -1.710640
v 0.071320 -0.079090 -1.664900
v 0.071320 -0.079090 -1.704050
v 0.065970 -0.073730 -1.660260
v 0.061150 -0.068910 -1.649430
v 0.061150 -0.068910 -1.660260
v 0.065740 -0.073510 -1.737010
v 0.071320 -0.079090 -1.737010
v 0.061150 -0.068910 -1.737010
v 0.061150 -0.068910 -1.710640
v 0.061150 -0.068910 -1.649430
v 0.065040 -0.065040 -1.660320
v 0.064090 -0.065990 -1.642450
v 0.061150 -0.068910 -1.660260
v 0.065980 -0.064090 -1.642450
v 0.068920 -0.061160 -1.649430
v 0.068920 -0.061160 -1.660260
v 0.064090 -0.065990 -1.745940
v 0.061150 -0.068910 -1.737010
v 0.065740 -0.073510 -1.737010
v 0.079990 -0.084290 -1.745940
v 0.071320 -0.079090 -1.737010
v 0.071320 -0.079090 -1.737010
v 0.076370 -0.080700 -1.704160
v 0.079990 -0.084290 -1.745940
v 0.071320 -0.079090 -1.704050
v 0.061150 -0.068910 -1.649430
v 0.076960 -0.080120 -1.662610
v 0.071320 -0.079090 -1.664900
v 0.064090 -0.065990 -1.642450
v 0.059990 -0.069160 -1.711590
v 0.064820 -0.073980 -1.709140
v 0.059990 -0.069160 -1.734100
v 0.070820 -0.079990 -1.734100
v 0.070820 -0.079990 -1.703050
v 0.064820 -0.073980 -1.703050
v 0.061270 -0.067880 -1.711590
v 0.059990 -0.069160 -1.734100
v 0.061270 -0.067880 -1.734100
v 0.059990 -0.069160 -1.711590
v 0.059990 -0.069160 -1.734100
v 0.070820 -0.079990 -1.734100
v 0.072090 -0.078710 -1.734100
v 0.061270 -0.067880 -1.734100
v 0.072090 -0.078710 -1.734100
v 0.070820 -0.079990 -1.703050
v 0.072090 -0.078710 -1.703050
v 0.070820 -0.079990 -1.734100
v 0.059990 -0.069160 -1.711590
v 0.066100 -0.072700 -1.709140
v 0.064820 -0.073980 -1.709140
v 0.061270 -0.067880 -1.711590
v 0.064820 -0.073980 -1.703050
v 0.072090 -0.078710 -1.703050
v 0.070820 -0.079990 -1.703050
v 0.066100 -0.072700 -1.703050
v 0.064820 -0.073980 -1.709140
v 0.066100 -0.072700 -1.703050
v 0.064820 -0.073980 -1.703050
v 0.066100 -0.072700 -1.709140
v 0.071320 -0.079090 -1.704050
v 0.076960 -0.080120 -1.662610
v 0.076370 -0.080700 -1.704160
v 0.071320 -0.079090 -1.664900
v 0.064180 -0.079000 -1.726170
v 0.064840 -0.074010 -1.727460
v 0.062010 -0.076840 -1.727460
v 0.060120 -0.074950 -1.732870
v 0.067000 -0.076180 -1.726170
v 0.062950 -0.072120 -1.732870
v 0.059620 -0.074450 -1.739630
v 0.062450 -0.071620 -1.739630
v 0.065080 -0.079900 -1.723150
v 0.067900 -0.077070 -1.723150
v 0.064180 -0.079000 -1.720080
v 0.067000 -0.076180 -1.720080
v 0.062010 -0.076840 -1.718800
v 0.064840 -0.074010 -1.718800
v 0.059850 -0.074680 -1.720080
v 0.062680 -0.071850 -1.720080
v 0.058960 -0.073780 -1.723150
v 0.061790 -0.070960 -1.723150
v 0.059410 -0.074240 -1.724660
v 0.062240 -0.071410 -1.724660
v 0.058870 -0.073690 -1.732820
v 0.061700 -0.070860 -1.732820
v 0.058850 -0.073670 -1.739580
v 0.061680 -0.070850 -1.739580
v 0.059620 -0.074450 -1.739630
v 0.061680 -0.070850 -1.739580
v 0.058850 -0.073670 -1.739580
v 0.062450 -0.071620 -1.739630
v 0.058870 -0.073690 -1.732820
v 0.059410 -0.074240 -1.724660
v 0.062010 -0.076840 -1.727460
v 0.059850 -0.074680 -1.720080
v 0.058960 -0.073780 -1.723150
v 0.062010 -0.076840 -1.718800
v 0.060120 -0.074950 -1.732870
v 0.058850 -0.073670 -1.739580
v 0.059620 -0.074450 -1.739630
v 0.065080 -0.079900 -1.723150
v 0.064180 -0.079000 -1.720080
v 0.064180 -0.079000 -1.726170
v 0.065980 -0.064090 -1.821350
v 0.084290 -0.079990 -1.745940
v 0.065980 -0.064090 -1.745940
v 0.219800 -0.217900 -1.821350
v 0.212530 -0.208190 -1.786660
v 0.080700 -0.076380 -1.704160
v 0.225460 -0.223560 -1.813360
v 0.225460 -0.223560 -1.817320
v 0.224750 -0.222850 -1.820340
v 0.222630 -0.220730 -1.821350
v 0.225460 -0.223560 -1.759350
v 0.108060 -0.106160 -1.529840
v 0.065980 -0.064090 -1.559110
v 0.065980 -0.064090 -1.500970
v 0.108060 -0.106160 -1.500970
v 0.080120 -0.076960 -1.662610
v 0.065980 -0.064090 -1.642450
v 0.212530 -0.208190 -1.786660
v 0.080700 -0.076380 -1.704160
v 0.114310 -0.112410 -1.505830
v 0.109970 -0.108070 -1.500970
v 0.113300 -0.111400 -1.503590
v 0.111860 -0.109970 -1.501800
v 0.073950 -0.066190 -1.710640
v 0.079090 -0.071320 -1.664900
v 0.073730 -0.065970 -1.660260
v 0.068920 -0.061160 -1.649430
v 0.068920 -0.061160 -1.660260
v 0.079090 -0.071320 -1.704050
v 0.073510 -0.065740 -1.737010
v 0.079090 -0.071320 -1.737010
v 0.068920 -0.061160 -1.737010
v 0.068920 -0.061160 -1.710640
v 0.065980 -0.064090 -1.745940
v 0.073510 -0.065740 -1.737010
v 0.068920 -0.061160 -1.737010
v 0.084290 -0.079990 -1.745940
v 0.079090 -0.071320 -1.737010
v 0.079090 -0.071320 -1.737010
v 0.080700 -0.076380 -1.704160
v 0.079090 -0.071320 -1.704050
v 0.084290 -0.079990 -1.745940
v 0.068920 -0.061160 -1.649430
v 0.080120 -0.076960 -1.662610
v 0.065980 -0.064090 -1.642450
v 0.079090 -0.071320 -1.664900
v 0.069160 -0.059990 -1.711590
v 0.069160 -0.059990 -1.734100
v 0.073980 -0.064820 -1.709140
v 0.079990 -0.070820 -1.734100
v 0.079990 -0.070820 -1.703050
v 0.073980 -0.064820 -1.703050
v 0.067880 -0.061270 -1.711590
v 0.069160 -0.059990 -1.734100
v 0.069160 -0.059990 -1.711590
v 0.067880 -0.061270 -1.734100
v 0.069160 -0.059990 -1.734100
v 0.067880 -0.061270 -1.734100
v 0.078710 -0.072100 -1.734100
v 0.079990 -0.070820 -1.734100
v 0.078710 -0.072100 -1.734100
v 0.079990 -0.070820 -1.703050
v 0.079990 -0.070820 -1.734100
v 0.078710 -0.072100 -1.703050
v 0.069160 -0.059990 -1.711590
v 0.072700 -0.066100 -1.709140
v 0.067880 -0.061270 -1.711590
v 0.073980 -0.064820 -1.709140
v 0.078710 -0.072100 -1.703050
v 0.073980 -0.064820 -1.703050
v 0.079990 -0.070820 -1.703050
v 0.072700 -0.066100 -1.703050
v 0.073980 -0.064820 -1.709140
v 0.072700 -0.066100 -1.703050
v 0.072700 -0.066100 -1.709140
v 0.073980 -0.064820 -1.703050
v 0.220730 -0.222630 -1.821350
v 0.224750 -0.222850 -1.820340
v 0.222630 -0.220730 -1.821350
v 0.222850 -0.224750 -1.820340
v 0.217900 -0.219800 -1.821350
v 0.219800 -0.217900 -1.821350
v 0.064090 -0.065990 -1.821350
v 0.065980 -0.064090 -1.821350
v 0.079090 -0.071320 -1.704050
v 0.080120 -0.076960 -1.662610
v 0.079090 -0.071320 -1.664900
v 0.080700 -0.076380 -1.704160
v 0.079000 -0.064180 -1.726170
v 0.074010 -0.064840 -1.727460
v 0.076180 -0.067000 -1.726170
v 0.076840 -0.062020 -1.727460
v 0.079900 -0.065070 -1.723150
v 0.074950 -0.060120 -1.732870
v 0.077070 -0.067900 -1.723150
v 0.072120 -0.062950 -1.732870
v 0.074450 -0.059620 -1.739630
v 0.071620 -0.062450 -1.739630
v 0.079000 -0.064180 -1.720080
v 0.076180 -0.067000 -1.720080
v 0.076840 -0.062020 -1.718800
v 0.074010 -0.064840 -1.718800
v 0.074680 -0.059850 -1.720080
v 0.071850 -0.062680 -1.720080
v 0.073780 -0.058960 -1.723150
v 0.070960 -0.061790 -1.723150
v 0.074230 -0.059410 -1.724660
v 0.071410 -0.062240 -1.724660
v 0.073690 -0.058870 -1.732820
v 0.070860 -0.061690 -1.732820
v 0.073680 -0.058850 -1.739580
v 0.070850 -0.061680 -1.739580
v 0.074450 -0.059620 -1.739630
v 0.070850 -0.061680 -1.739580
v 0.071620 -0.062450 -1.739630
v 0.073680 -0.058850 -1.739580
v 0.073690 -0.058870 -1.732820
v 0.076840 -0.062020 -1.727460
v 0.074230 -0.059410 -1.724660
v 0.074680 -0.059850 -1.720080
v 0.073780 -0.058960 -1.723150
v 0.076840 -0.062020 -1.718800
v 0.074950 -0.060120 -1.732870
v 0.073680 -0.058850 -1.739580
v 0.074450 -0.059620 -1.739630
v 0.079900 -0.065070 -1.723150
v 0.079000 -0.064180 -1.720080
v 0.079000 -0.064180 -1.726170
v 0.065040 -0.065040 -1.660320
v 0.065970 -0.073730 -1.660260
v 0.069850 -0.069850 -1.660260
v 0.061150 -0.068910 -1.660260
v 0.068920 -0.061160 -1.660260
v 0.073730 -0.065970 -1.660260
v 0.065040 -0.065040 -1.710640
v 0.073950 -0.066190 -1.710640
v 0.070070 -0.070070 -1.710640
v 0.068920 -0.061160 -1.710640
v 0.061150 -0.068910 -1.710640
v 0.066190 -0.073950 -1.710640
v 0.069850 -0.069850 -1.660260
v 0.066190 -0.073950 -1.710640
v 0.070070 -0.070070 -1.710640
v 0.065970 -0.073730 -1.660260
v 0.073730 -0.065970 -1.660260
v 0.073950 -0.066190 -1.710640
v 0.061270 -0.067880 -1.711590
v 0.061270 -0.067880 -1.734100
v 0.066100 -0.072700 -1.709140
v 0.072090 -0.078710 -1.734100
v 0.066100 -0.072700 -1.703050
v 0.072090 -0.078710 -1.703050
v 0.067880 -0.061270 -1.734100
v 0.067880 -0.061270 -1.711590
v 0.072700 -0.066100 -1.709140
v 0.078710 -0.072100 -1.734100
v 0.078710 -0.072100 -1.703050
v 0.072700 -0.066100 -1.703050
v 0.066340 -0.073550 -1.664950
v 0.068040 -0.080060 -1.669090
v 0.063930 -0.075950 -1.669090
v 0.071090 -0.078300 -1.664950
v 0.064290 -0.081960 -1.672890
v 0.061110 -0.078780 -1.672890
v 0.060120 -0.083530 -1.677580
v 0.058240 -0.081650 -1.677580
v 0.057960 -0.083860 -1.684220
v 0.056990 -0.082900 -1.684220
v 0.060120 -0.083530 -1.690820
v 0.058240 -0.081650 -1.690820
v 0.064290 -0.081960 -1.695560
v 0.061110 -0.078780 -1.695560
v 0.068040 -0.080060 -1.699360
v 0.063930 -0.075950 -1.699360
v 0.071090 -0.078300 -1.703490
v 0.066340 -0.073550 -1.703490
v 0.066340 -0.073550 -1.664950
v 0.063930 -0.075950 -1.699360
v 0.066340 -0.073550 -1.703490
v 0.063930 -0.075950 -1.669090
v 0.061110 -0.078780 -1.695560
v 0.061110 -0.078780 -1.672890
v 0.058240 -0.081650 -1.677580
v 0.058240 -0.081650 -1.690820
v 0.056990 -0.082900 -1.684220
v 0.071090 -0.078300 -1.703490
v 0.068040 -0.080060 -1.669090
v 0.071090 -0.078300 -1.664950
v 0.068040 -0.080060 -1.699360
v 0.064290 -0.081960 -1.672890
v 0.064290 -0.081960 -1.695560
v 0.060120 -0.083530 -1.677580
v 0.060120 -0.083530 -1.690820
v 0.057960 -0.083860 -1.684220
v 0.073550 -0.066340 -1.664950
v 0.080060 -0.068040 -1.669090
v 0.078300 -0.071090 -1.664950
v 0.075950 -0.063930 -1.669090
v 0.081950 -0.064290 -1.672890
v 0.078780 -0.061110 -1.672890
v 0.083530 -0.060120 -1.677580
v 0.081650 -0.058240 -1.677580
v 0.083860 -0.057960 -1.684220
v 0.082900 -0.056990 -1.684220
v 0.083530 -0.060120 -1.690820
v 0.081650 -0.058240 -1.690820
v 0.081950 -0.064290 -1.695560
v 0.078780 -0.061110 -1.695560
v 0.080060 -0.068040 -1.699360
v 0.075950 -0.063930 -1.699360
v 0.078300 -0.071090 -1.703490
v 0.073550 -0.066340 -1.703490
v 0.073550 -0.066340 -1.664950
v 0.075950 -0.063930 -1.699360
v 0.075950 -0.063930 -1.669090
v 0.073550 -0.066340 -1.703490
v 0.078780 -0.061110 -1.695560
v 0.078780 -0.061110 -1.672890
v 0.081650 -0.058240 -1.677580
v 0.081650 -0.058240 -1.690820
v 0.082900 -0.056990 -1.684220
v 0.078300 -0.071090 -1.703490
v 0.080060 -0.068040 -1.669090
v 0.080060 -0.068040 -1.699360
v 0.078300 -0.071090 -1.664950
v 0.081950 -0.064290 -1.672890
v 0.081950 -0.064290 -1.695560
v 0.083530 -0.060120 -1.677580
v 0.083530 -0.060120 -1.690820
v 0.083860 -0.057960 -1.684220
v 0.223560 -0.225460 -1.786380
v 0.208190 -0.212530 -1.786660
v 0.223560 -0.225460 -1.759350
v 0.223560 -0.225460 -1.813360
v 0.225460 -0.223560 -1.786380
v 0.212530 -0.208190 -1.786660
v 0.225460 -0.223560 -1.813360
v 0.225460 -0.223560 -1.759350
v -0.065990 -0.064090 -1.821350
v -0.065990 -0.064090 -1.745940
v -0.084290 -0.079990 -1.745940
v -0.219800 -0.217900 -1.821350
v -0.212530 -0.208190 -1.786660
v -0.080700 -0.076380 -1.704160
v -0.225460 -0.223560 -1.813360
v -0.225460 -0.223560 -1.817320
v -0.224750 -0.222850 -1.820340
v -0.222630 -0.220730 -1.821350
v -0.112410 -0.114310 -1.505830
v -0.225460 -0.223560 -1.759350
v -0.114310 -0.112410 -1.505830
v -0.223560 -0.225460 -1.759350
v -0.111400 -0.113300 -1.503590
v -0.223560 -0.225460 -1.786380
v -0.113300 -0.111400 -1.503590
v -0.225460 -0.223560 -1.786380
v -0.109970 -0.111870 -1.501800
v -0.223560 -0.225460 -1.813360
v -0.111870 -0.109970 -1.501800
v -0.225460 -0.223560 -1.813360
v -0.108070 -0.109970 -1.500970
v -0.223560 -0.225460 -1.817320
v -0.109970 -0.108070 -1.500970
v -0.225460 -0.223560 -1.817320
v -0.224750 -0.222850 -1.820340
v -0.222850 -0.224750 -1.820340
v -0.108060 -0.106160 -1.500970
v -0.106160 -0.108060 -1.500970
v -0.064090 -0.065990 -1.500970
v -0.065990 -0.064090 -1.500970
v -0.065990 -0.064090 -1.745940
v -0.064090 -0.065990 -1.745940
v -0.065040 -0.065040 -1.710640
v -0.061160 -0.068910 -1.737010
v -0.061160 -0.068910 -1.710640
v -0.068910 -0.061160 -1.737010
v -0.068910 -0.061160 -1.710640
v -0.064090 -0.065990 -1.642450
v -0.065990 -0.064090 -1.559110
v -0.065990 -0.064090 -1.642450
v -0.064090 -0.065990 -1.559110
v -0.065990 -0.064090 -1.500970
v -0.064090 -0.065990 -1.500970
v -0.065040 -0.065040 -1.660320
v -0.061160 -0.068910 -1.649430
v -0.061160 -0.068910 -1.660260
v -0.068910 -0.061160 -1.649430
v -0.068910 -0.061160 -1.660260
v -0.225460 -0.223560 -1.759350
v -0.065990 -0.064090 -1.559110
v -0.108060 -0.106160 -1.529840
v -0.065990 -0.064090 -1.500970
v -0.108060 -0.106160 -1.500970
v -0.080120 -0.076960 -1.662610
v -0.065990 -0.064090 -1.642450
v -0.212530 -0.208190 -1.786660
v -0.080700 -0.076380 -1.704160
v -0.114310 -0.112410 -1.505830
v -0.109970 -0.108070 -1.500970
v -0.113300 -0.111400 -1.503590
v -0.111870 -0.109970 -1.501800
v -0.073950 -0.066190 -1.710640
v -0.079090 -0.071320 -1.664900
v -0.079090 -0.071320 -1.704050
v -0.073730 -0.065970 -1.660260
v -0.068910 -0.061160 -1.649430
v -0.068910 -0.061160 -1.660260
v -0.065990 -0.064090 -1.745940
v -0.068910 -0.061160 -1.737010
v -0.073510 -0.065740 -1.737010
v -0.084290 -0.079990 -1.745940
v -0.079090 -0.071320 -1.737010
v -0.079090 -0.071320 -1.737010
v -0.080700 -0.076380 -1.704160
v -0.084290 -0.079990 -1.745940
v -0.079090 -0.071320 -1.704050
v -0.068910 -0.061160 -1.649430
v -0.080120 -0.076960 -1.662610
v -0.079090 -0.071320 -1.664900
v -0.065990 -0.064090 -1.642450
v -0.073950 -0.066190 -1.710640
v -0.068910 -0.061160 -1.737010
v -0.068910 -0.061160 -1.710640
v -0.073510 -0.065740 -1.737010
v -0.079090 -0.071320 -1.704050
v -0.079090 -0.071320 -1.737010
v -0.069160 -0.059990 -1.711590
v -0.073980 -0.064820 -1.709140
v -0.069160 -0.059990 -1.734100
v -0.079990 -0.070820 -1.734100
v -0.079990 -0.070820 -1.703050
v -0.073980 -0.064820 -1.703050
v -0.067880 -0.061270 -1.711590
v -0.069160 -0.059990 -1.734100
v -0.067880 -0.061270 -1.734100
v -0.069160 -0.059990 -1.711590
v -0.069160 -0.059990 -1.734100
v -0.079990 -0.070820 -1.734100
v -0.078710 -0.072100 -1.734100
v -0.067880 -0.061270 -1.734100
v -0.078710 -0.072100 -1.734100
v -0.079990 -0.070820 -1.703050
v -0.078710 -0.072100 -1.703050
v -0.079990 -0.070820 -1.734100
v -0.069160 -0.059990 -1.711590
v -0.072700 -0.066100 -1.709140
v -0.073980 -0.064820 -1.709140
v -0.067880 -0.061270 -1.711590
v -0.073980 -0.064820 -1.703050
v -0.078710 -0.072100 -1.703050
v -0.079990 -0.070820 -1.703050
v -0.072700 -0.066100 -1.703050
v -0.073980 -0.064820 -1.709140
v -0.072700 -0.066100 -1.703050
v -0.073980 -0.064820 -1.703050
v -0.072700 -0.066100 -1.709140
v -0.079090 -0.071320 -1.704050
v -0.080120 -0.076960 -1.662610
v -0.080700 -0.076380 -1.704160
v -0.079090 -0.071320 -1.664900
v -0.064090 -0.065990 -1.821350
v -0.065990 -0.064090 -1.745940
v -0.065990 -0.064090 -1.821350
v -0.064090 -0.065990 -1.745940
v -0.079000 -0.064180 -1.726170
v -0.074020 -0.064840 -1.727460
v -0.076840 -0.062020 -1.727460
v -0.074950 -0.060120 -1.732870
v -0.076180 -0.067000 -1.726170
v -0.072120 -0.062950 -1.732870
v -0.074440 -0.059620 -1.739630
v -0.071620 -0.062450 -1.739630
v -0.079900 -0.065070 -1.723150
v -0.077070 -0.067900 -1.723150
v -0.079000 -0.064180 -1.720080
v -0.076180 -0.067000 -1.720080
v -0.076840 -0.062020 -1.718800
v -0.074020 -0.064840 -1.718800
v -0.074680 -0.059850 -1.720080
v -0.071850 -0.062680 -1.720080
v -0.073780 -0.058960 -1.723150
v -0.070960 -0.061790 -1.723150
v -0.074230 -0.059410 -1.724660
v -0.071410 -0.062240 -1.724660
v -0.073690 -0.058870 -1.732820
v -0.070860 -0.061690 -1.732820
v -0.073670 -0.058850 -1.739580
v -0.070850 -0.061680 -1.739580
v -0.074440 -0.059620 -1.739630
v -0.070850 -0.061680 -1.739580
v -0.073670 -0.058850 -1.739580
v -0.071620 -0.062450 -1.739630
v -0.073690 -0.058870 -1.732820
v -0.074230 -0.059410 -1.724660
v -0.076840 -0.062020 -1.727460
v -0.074680 -0.059850 -1.720080
v -0.073780 -0.058960 -1.723150
v -0.076840 -0.062020 -1.718800
v -0.074950 -0.060120 -1.732870
v -0.073670 -0.058850 -1.739580
v -0.074440 -0.059620 -1.739630
v -0.079900 -0.065070 -1.723150
v -0.079000 -0.064180 -1.720080
v -0.079000 -0.064180 -1.726170
v -0.064090 -0.065990 -1.821350
v -0.079990 -0.084290 -1.745940
v -0.064090 -0.065990 -1.745940
v -0.217900 -0.219800 -1.821350
v -0.208190 -0.212530 -1.786660
v -0.076380 -0.080700 -1.704160
v -0.223560 -0.225460 -1.813360
v -0.223560 -0.225460 -1.817320
v -0.222850 -0.224750 -1.820340
v -0.220720 -0.222630 -1.821350
v -0.223560 -0.225460 -1.759350
v -0.106160 -0.108060 -1.529840
v -0.064090 -0.065990 -1.559110
v -0.064090 -0.065990 -1.500970
v -0.106160 -0.108060 -1.500970
v -0.076960 -0.080120 -1.662610
v -0.064090 -0.065990 -1.642450
v -0.208190 -0.212530 -1.786660
v -0.076380 -0.080700 -1.704160
v -0.112410 -0.114310 -1.505830
v -0.108070 -0.109970 -1.500970
v -0.111400 -0.113300 -1.503590
v -0.109970 -0.111870 -1.501800
v -0.066190 -0.073950 -1.710640
v -0.071320 -0.079090 -1.664900
v -0.065970 -0.073730 -1.660260
v -0.061160 -0.068910 -1.649430
v -0.061160 -0.068910 -1.660260
v -0.071320 -0.079090 -1.704050
v -0.065740 -0.073510 -1.737010
v -0.071320 -0.079090 -1.737010
v -0.061160 -0.068910 -1.737010
v -0.061160 -0.068910 -1.710640
v -0.064090 -0.065990 -1.745940
v -0.065740 -0.073510 -1.737010
v -0.061160 -0.068910 -1.737010
v -0.079990 -0.084290 -1.745940
v -0.071320 -0.079090 -1.737010
v -0.071320 -0.079090 -1.737010
v -0.076380 -0.080700 -1.704160
v -0.071320 -0.079090 -1.704050
v -0.079990 -0.084290 -1.745940
v -0.061160 -0.068910 -1.649430
v -0.076960 -0.080120 -1.662610
v -0.064090 -0.065990 -1.642450
v -0.071320 -0.079090 -1.664900
v -0.059990 -0.069160 -1.711590
v -0.059990 -0.069160 -1.734100
v -0.064820 -0.073980 -1.709140
v -0.070820 -0.079990 -1.734100
v -0.070820 -0.079990 -1.703050
v -0.064820 -0.073980 -1.703050
v -0.061270 -0.067880 -1.711590
v -0.059990 -0.069160 -1.734100
v -0.059990 -0.069160 -1.711590
v -0.061270 -0.067880 -1.734100
v -0.059990 -0.069160 -1.734100
v -0.061270 -0.067880 -1.734100
v -0.072100 -0.078710 -1.734100
v -0.070820 -0.079990 -1.734100
v -0.072100 -0.078710 -1.734100
v -0.070820 -0.079990 -1.703050
v -0.070820 -0.079990 -1.734100
v -0.072100 -0.078710 -1.703050
v -0.059990 -0.069160 -1.711590
v -0.066100 -0.072700 -1.709140
v -0.061270 -0.067880 -1.711590
v -0.064820 -0.073980 -1.709140
v -0.072100 -0.078710 -1.703050
v -0.064820 -0.073980 -1.703050
v -0.070820 -0.079990 -1.703050
v -0.066100 -0.072700 -1.703050
v -0.064820 -0.073980 -1.709140
v -0.066100 -0.072700 -1.703050
v -0.066100 -0.072700 -1.709140
v -0.064820 -0.073980 -1.703050
v -0.222630 -0.220730 -1.821350
v -0.222850 -0.224750 -1.820340
v -0.220720 -0.222630 -1.821350
v -0.224750 -0.222850 -1.820340
v -0.219800 -0.217900 -1.821350
v -0.217900 -0.219800 -1.821350
v -0.065990 -0.064090 -1.821350
v -0.064090 -0.065990 -1.821350
v -0.071320 -0.079090 -1.704050
v -0.076960 -0.080120 -1.662610
v -0.071320 -0.079090 -1.664900
v -0.076380 -0.080700 -1.704160
v -0.064180 -0.079000 -1.726170
v -0.064840 -0.074010 -1.727460
v -0.067000 -0.076180 -1.726170
v -0.062020 -0.076840 -1.727460
v -0.065070 -0.079900 -1.723150
v -0.060120 -0.074950 -1.732870
v -0.067900 -0.077070 -1.723150
v -0.062950 -0.072120 -1.732870
v -0.059620 -0.074450 -1.739630
v -0.062450 -0.071620 -1.739630
v -0.064180 -0.079000 -1.720080
v -0.067000 -0.076180 -1.720080
v -0.062020 -0.076840 -1.718800
v -0.064840 -0.074010 -1.718800
v -0.059850 -0.074680 -1.720080
v -0.062680 -0.071850 -1.720080
v -0.058960 -0.073780 -1.723150
v -0.061790 -0.070960 -1.723150
v -0.059410 -0.074240 -1.724660
v -0.062240 -0.071410 -1.724660
v -0.058870 -0.073690 -1.732820
v -0.061690 -0.070860 -1.732820
v -0.058850 -0.073670 -1.739580
v -0.061680 -0.070850 -1.739580
v -0.059620 -0.074450 -1.739630
v -0.061680 -0.070850 -1.739580
v -0.062450 -0.071620 -1.739630
v -0.058850 -0.073670 -1.739580
v -0.058870 -0.073690 -1.732820
v -0.062020 -0.076840 -1.727460
v -0.059410 -0.074240 -1.724660
v -0.059850 -0.074680 -1.720080
v -0.058960 -0.073780 -1.723150
v -0.062020 -0.076840 -1.718800
v -0.060120 -0.074950 -1.732870
v -0.058850 -0.073670 -1.739580
v -0.059620 -0.074450 -1.739630
v -0.065070 -0.079900 -1.723150
v -0.064180 -0.079000 -1.720080
v -0.064180 -0.079000 -1.726170
v -0.065040 -0.065040 -1.660320
v -0.073730 -0.065970 -1.660260
v -0.069850 -0.069850 -1.660260
v -0.068910 -0.061160 -1.660260
v -0.061160 -0.068910 -1.660260
v -0.065970 -0.073730 -1.660260
v -0.065040 -0.065040 -1.710640
v -0.066190 -0.073950 -1.710640
v -0.070070 -0.070070 -1.710640
v -0.061160 -0.068910 -1.710640
v -0.068910 -0.061160 -1.710640
v -0.073950 -0.066190 -1.710640
v -0.069850 -0.069850 -1.660260
v -0.073950 -0.066190 -1.710640
v -0.070070 -0.070070 -1.710640
v -0.073730 -0.065970 -1.660260
v -0.065970 -0.073730 -1.660260
v -0.066190 -0.073950 -1.710640
v -0.067880 -0.061270 -1.711590
v -0.067880 -0.061270 -1.734100
v -0.072700 -0.066100 -1.709140
v -0.078710 -0.072100 -1.734100
v -0.072700 -0.066100 -1.703050
v -0.078710 -0.072100 -1.703050
v -0.061270 -0.067880 -1.734100
v -0.061270 -0.067880 -1.711590
v -0.066100 -0.072700 -1.709140
v -0.072100 -0.078710 -1.734100
v -0.072100 -0.078710 -1.703050
v -0.066100 -0.072700 -1.703050
v -0.073550 -0.066340 -1.664950
v -0.080060 -0.068040 -1.669090
v -0.075950 -0.063930 -1.669090
v -0.078300 -0.071090 -1.664950
v -0.081960 -0.064290 -1.672890
v -0.078780 -0.061110 -1.672890
v -0.083530 -0.060120 -1.677580
v -0.081650 -0.058240 -1.677580
v -0.083860 -0.057960 -1.684220
v -0.082900 -0.056990 -1.684220
v -0.083530 -0.060120 -1.690820
v -0.081650 -0.058240 -1.690820
v -0.081960 -0.064290 -1.695560
v -0.078780 -0.061110 -1.695560
v -0.080060 -0.068040 -1.699360
v -0.075950 -0.063930 -1.699360
v -0.078300 -0.071090 -1.703490
v -0.073550 -0.066340 -1.703490
v -0.073550 -0.066340 -1.664950
v -0.075950 -0.063930 -1.699360
v -0.073550 -0.066340 -1.703490
v -0.075950 -0.063930 -1.669090
v -0.078780 -0.061110 -1.695560
v -0.078780 -0.061110 -1.672890
v -0.081650 -0.058240 -1.677580
v -0.081650 -0.058240 -1.690820
v -0.082900 -0.056990 -1.684220
v -0.078300 -0.071090 -1.703490
v -0.080060 -0.068040 -1.669090
v -0.078300 -0.071090 -1.664950
v -0.080060 -0.068040 -1.699360
v -0.081960 -0.064290 -1.672890
v -0.081960 -0.064290 -1.695560
v -0.083530 -0.060120 -1.677580
v -0.083530 -0.060120 -1.690820
v -0.083860 -0.057960 -1.684220
v -0.066340 -0.073550 -1.664950
v -0.068040 -0.080060 -1.669090
v -0.071090 -0.078300 -1.664950
v -0.063930 -0.075960 -1.669090
v -0.064290 -0.081960 -1.672890
v -0.061110 -0.078780 -1.672890
v -0.060120 -0.083530 -1.677580
v -0.058240 -0.081650 -1.677580
v -0.057960 -0.083860 -1.684220
v -0.056990 -0.082900 -1.684220
v -0.060120 -0.083530 -1.690820
v -0.058240 -0.081650 -1.690820
v -0.064290 -0.081960 -1.695560
v -0.061110 -0.078780 -1.695560
v -0.068040 -0.080060 -1.699360
v -0.063930 -0.075960 -1.699360
v -0.071090 -0.078300 -1.703490
v -0.066340 -0.073550 -1.703490
v -0.066340 -0.073550 -1.664950
v -0.063930 -0.075960 -1.699360
v -0.063930 -0.075960 -1.669090
v -0.066340 -0.073550 -1.703490
v -0.061110 -0.078780 -1.695560
v -0.061110 -0.078780 -1.672890
v -0.058240 -0.081650 -1.677580
v -0.058240 -0.081650 -1.690820
v -0.056990 -0.082900 -1.684220
v -0.071090 -0.078300 -1.703490
v -0.068040 -0.080060 -1.669090
v -0.068040 -0.080060 -1.699360
v -0.071090 -0.078300 -1.664950
v -0.064290 -0.081960 -1.672890
v -0.064290 -0.081960 -1.695560
v -0.060120 -0.083530 -1.677580
v -0.060120 -0.083530 -1.690820
v -0.057960 -0.083860 -1.684220
v -0.225460 -0.223560 -1.786380
v -0.212530 -0.208190 -1.786660
v -0.225460 -0.223560 -1.759350
v -0.225460 -0.223560 -1.813360
v -0.223560 -0.225460 -1.786380
v -0.208190 -0.212530 -1.786660
v -0.223560 -0.225460 -1.813360
v -0.223560 -0.225460 -1.759350
v 0.013380 0.084030 0.072330
v 0.018410 0.086970 0.067310
v 0.013380 0.087680 0.072330
v 0.018410 0.084030 0.067310
v 0.007030 0.084030 0.075570
v 0.021650 0.085990 0.060990
v 0.007030 0.088310 0.075570
v 0.021650 0.084030 0.060990
v 0.000000 0.084030 0.076690
v 0.022760 0.085660 0.053960
v 0.000000 0.089000 0.076690
v 0.022760 0.084030 0.053960
v -0.007030 0.088310 0.075570
v 0.021650 0.084030 0.046920
v -0.007030 0.084030 0.075570
v 0.021650 0.085990 0.046920
v -0.013380 0.087680 0.072330
v 0.018410 0.084030 0.040550
v -0.013380 0.084030 0.072330
v 0.018410 0.086970 0.040550
v -0.018410 0.086970 0.067310
v 0.013380 0.084030 0.035530
v -0.018410 0.084030 0.067310
v 0.013380 0.087680 0.035530
v -0.021650 0.085990 0.060990
v 0.007030 0.084030 0.032290
v -0.021650 0.084030 0.060990
v 0.007030 0.088310 0.032290
v -0.022750 0.085660 0.053960
v 0.000000 0.084030 0.031170
v -0.022750 0.084030 0.053960
v 0.000000 0.089000 0.031170
v -0.021650 0.084030 0.046920
v -0.007030 0.088310 0.032290
v -0.021650 0.085990 0.046920
v -0.007030 0.084030 0.032290
v -0.018410 0.084030 0.040550
v -0.013380 0.087680 0.035530
v -0.018410 0.086970 0.040550
v -0.013380 0.084030 0.035530
v 0.014220 0.082530 0.064290
v 0.010330 0.082530 0.068140
v 0.000000 0.082530 0.053960
v 0.005440 0.082530 0.070660
v 0.014220 0.082530 0.053960
v 0.000000 0.082530 0.071500
v 0.014220 0.082530 0.043620
v -0.005430 0.082530 0.070660
v 0.010330 0.082530 0.039710
v -0.010330 0.082530 0.068140
v 0.005440 0.082530 0.037200
v -0.014220 0.082530 0.064290
v 0.000000 0.082530 0.036360
v -0.016720 0.082530 0.059370
v -0.017580 0.082530 0.053960
v -0.005430 0.082530 0.037200
v -0.016720 0.082530 0.048480
v -0.010330 0.082530 0.039710
v -0.014220 0.082530 0.043620
v 0.014220 0.084030 0.064290
v 0.013380 0.084030 0.072330
v 0.010330 0.084030 0.068140
v 0.007030 0.084030 0.075570
v 0.018410 0.084030 0.067310
v 0.005440 0.084030 0.070660
v 0.021650 0.084030 0.060990
v 0.000000 0.084030 0.076690
v 0.014220 0.084030 0.053960
v 0.000000 0.084030 0.071500
v 0.022760 0.084030 0.053960
v -0.007030 0.084030 0.075570
v 0.021650 0.084030 0.046920
v -0.005430 0.084030 0.070660
v 0.014220 0.084030 0.043620
v -0.013380 0.084030 0.072330
v 0.018410 0.084030 0.040550
v -0.010330 0.084030 0.068140
v 0.010330 0.084030 0.039710
v -0.018410 0.084030 0.067310
v 0.013380 0.084030 0.035530
v -0.014220 0.084030 0.064290
v 0.005440 0.084030 0.037200
v -0.021650 0.084030 0.060990
v 0.007030 0.084030 0.032290
v -0.016720 0.084030 0.059370
v 0.000000 0.084030 0.036360
v -0.022750 0.084030 0.053960
v 0.000000 0.084030 0.031170
v -0.017580 0.084030 0.053960
v -0.005430 0.084030 0.037200
v -0.021650 0.084030 0.046920
v -0.007030 0.084030 0.032290
v -0.016720 0.084030 0.048480
v -0.010330 0.084030 0.039710
v -0.018410 0.084030 0.040550
v -0.013380 0.084030 0.035530
v -0.014220 0.084030 0.043620
v 0.014220 0.082530 0.064290
v 0.010330 0.084030 0.068140
v 0.010330 0.082530 0.068140
v 0.005440 0.084030 0.070660
v 0.014220 0.084030 0.064290
v 0.005440 0.082530 0.070660
v 0.014220 0.082530 0.053960
v 0.000000 0.084030 0.071500
v 0.014220 0.084030 0.053960
v 0.000000 0.082530 0.071500
v 0.014220 0.082530 0.043620
v -0.005430 0.084030 0.070660
v 0.014220 0.084030 0.043620
v -0.005430 0.082530 0.070660
v 0.010330 0.082530 0.039710
v -0.010330 0.084030 0.068140
v 0.010330 0.084030 0.039710
v -0.010330 0.082530 0.068140
v 0.005440 0.082530 0.037200
v -0.014220 0.084030 0.064290
v 0.005440 0.084030 0.037200
v -0.014220 0.082530 0.064290
v 0.000000 0.082530 0.036360
v -0.016720 0.084030 0.059370
v 0.000000 0.084030 0.036360
v -0.016720 0.082530 0.059370
v -0.005430 0.082530 0.037200
v -0.017580 0.084030 0.053960
v -0.005430 0.084030 0.037200
v -0.017580 0.082530 0.053960
v -0.010330 0.082530 0.039710
v -0.016720 0.084030 0.048480
v -0.010330 0.084030 0.039710
v -0.016720 0.082530 0.048480
v -0.014220 0.082530 0.043620
v -0.014220 0.084030 0.043620
v 0.004290 0.098400 0.125670
v 0.000000 0.093470 0.126510
v 0.000000 0.098400 0.126510
v -0.004290 0.093470 0.125670
v 0.004290 0.093470 0.125670
v -0.004290 0.098400 0.125670
v 0.007930 0.098400 0.123220
v -0.007930 0.093470 0.123220
v 0.007930 0.093470 0.123220
v -0.007930 0.098400 0.123220
v 0.010360 0.098400 0.119590
v -0.010360 0.093470 0.119590
v 0.010360 0.093470 0.119590
v -0.010360 0.098400 0.119590
v 0.011210 0.098400 0.115280
v -0.011210 0.093470 0.115280
v 0.011210 0.093470 0.115280
v -0.011210 0.098400 0.115280
v 0.010360 0.098400 0.111040
v -0.010360 0.093470 0.111040
v 0.010360 0.093470 0.111040
v -0.010360 0.098400 0.111040
v 0.007930 0.098400 0.107350
v -0.007930 0.093470 0.107350
v 0.007930 0.093470 0.107350
v -0.007930 0.098400 0.107350
v 0.004290 0.098400 0.104950
v -0.004290 0.093470 0.104950
v 0.004290 0.093470 0.104950
v 0.000000 0.098400 0.104110
v 0.000000 0.093470 0.104110
v -0.004290 0.098400 0.104950
v 0.000000 0.093470 0.104110
v 0.000000 0.098400 0.104110
v 0.011210 0.098400 0.115280
v 0.007930 0.098400 0.107350
v 0.010360 0.098400 0.111040
v 0.010360 0.098400 0.119590
v 0.007930 0.098400 0.123220
v 0.000000 0.098400 0.126510
v 0.004290 0.098400 0.125670
v -0.007930 0.098400 0.123220
v -0.004290 0.098400 0.125670
v 0.000000 0.098400 0.104110
v 0.004290 0.098400 0.104950
v -0.007930 0.098400 0.107350
v -0.004290 0.098400 0.104950
v -0.011210 0.098400 0.115280
v -0.010360 0.098400 0.119590
v -0.010360 0.098400 0.111040
v 0.000000 0.111300 0.121260
v 0.004220 0.098150 0.119530
v 0.000000 0.098150 0.121260
v 0.004220 0.111300 0.119530
v -0.004220 0.111300 0.119530
v 0.005970 0.098150 0.115280
v -0.004220 0.098150 0.119530
v 0.005970 0.111300 0.115280
v -0.005970 0.111300 0.115280
v 0.004220 0.098150 0.111100
v -0.005970 0.098150 0.115280
v 0.004220 0.111300 0.111100
v 0.000000 0.098150 0.109360
v 0.000000 0.111300 0.109360
v -0.004220 0.111300 0.111100
v -0.004220 0.098150 0.111100
v 0.000000 0.111300 0.109360
v 0.000000 0.098150 0.109360
v -0.007930 0.110900 0.107350
v 0.000000 0.110900 0.104110
v -0.004290 0.110900 0.104950
v -0.010360 0.110900 0.111040
v -0.011210 0.110900 0.115280
v -0.007930 0.110900 0.123220
v -0.010360 0.110900 0.119590
v 0.000000 0.110900 0.126510
v -0.004290 0.110900 0.125670
v 0.007930 0.110900 0.107350
v 0.004290 0.110900 0.104950
v 0.011210 0.110900 0.115280
v 0.010360 0.110900 0.111040
v 0.007930 0.110900 0.123220
v 0.004290 0.110900 0.125670
v 0.010360 0.110900 0.119590
v 0.004290 0.116170 0.125670
v 0.000000 0.110900 0.126510
v 0.000000 0.116170 0.126510
v -0.004290 0.110900 0.125670
v 0.004290 0.110900 0.125670
v -0.004290 0.116170 0.125670
v 0.007930 0.116170 0.123220
v -0.007930 0.110900 0.123220
v 0.007930 0.110900 0.123220
v -0.007930 0.116170 0.123220
v 0.010360 0.116170 0.119590
v -0.010360 0.110900 0.119590
v 0.010360 0.110900 0.119590
v -0.010360 0.116170 0.119590
v 0.011210 0.116170 0.115280
v -0.011210 0.110900 0.115280
v 0.011210 0.110900 0.115280
v -0.011210 0.116170 0.115280
v 0.010360 0.116170 0.111040
v -0.010360 0.110900 0.111040
v 0.010360 0.110900 0.111040
v -0.010360 0.116170 0.111040
v 0.007930 0.116170 0.107350
v -0.007930 0.110900 0.107350
v 0.007930 0.110900 0.107350
v -0.007930 0.116170 0.107350
v 0.004290 0.116170 0.104950
v -0.004290 0.110900 0.104950
v 0.004290 0.110900 0.104950
v 0.000000 0.116170 0.104110
v 0.000000 0.110900 0.104110
v -0.004290 0.116170 0.104950
v 0.000000 0.110900 0.104110
v 0.000000 0.116170 0.104110
v 0.011210 0.116170 0.115280
v 0.007930 0.116170 0.107350
v 0.010360 0.116170 0.111040
v 0.010360 0.116170 0.119590
v 0.007930 0.116170 0.123220
v 0.000000 0.116170 0.126510
v 0.004290 0.116170 0.125670
v -0.007930 0.116170 0.123220
v -0.004290 0.116170 0.125670
v 0.000000 0.116170 0.104110
v 0.004290 0.116170 0.104950
v -0.007930 0.116170 0.107350
v -0.004290 0.116170 0.104950
v -0.011210 0.116170 0.115280
v -0.010360 0.116170 0.119590
v -0.010360 0.116170 0.111040
v -0.014810 0.094530 0.091040
v -0.020240 0.099370 0.140750
v -0.020240 0.099370 0.091040
v -0.014810 0.094530 0.140750
v 0.000000 0.094530 0.140750
v 0.000000 0.094530 0.091040
v 0.014810 0.094530 0.091040
v 0.014810 0.094530 0.140750
v 0.020240 0.099370 0.140750
v 0.020240 0.099370 0.091040
v -0.030910 0.099370 0.140750
v -0.030910 0.094530 0.091040
v -0.030910 0.099370 0.091040
v -0.030910 0.094530 0.140750
v -0.020240 0.099370 0.140750
v -0.014810 0.094530 0.140750
v -0.020240 0.094530 0.140750
v -0.030910 0.099370 0.140750
v -0.030910 0.094530 0.140750
v -0.020240 0.086290 0.140750
v 0.000000 0.086290 0.140750
v 0.000000 0.094530 0.140750
v 0.014810 0.094530 0.140750
v 0.020240 0.086290 0.140750
v 0.020240 0.094530 0.140750
v 0.020240 0.099370 0.140750
v 0.000000 0.086290 0.091040
v 0.000000 0.094530 0.091040
v -0.014810 0.094530 0.091040
v 0.014810 0.094530 0.091040
v -0.020240 0.086290 0.091040
v 0.020240 0.086290 0.091040
v 0.020240 0.094530 0.091040
v 0.020240 0.099370 0.091040
v -0.020240 0.094530 0.091040
v -0.020240 0.099370 0.091040
v -0.030910 0.094530 0.091040
v -0.030910 0.099370 0.091040
v -0.020240 0.094530 0.140750
v -0.020240 0.086290 0.091040
v -0.020240 0.094530 0.091040
v -0.020240 0.086290 0.140750
v -0.030910 0.099370 0.091040
v -0.020240 0.099370 0.140750
v -0.030910 0.099370 0.140750
v -0.020240 0.099370 0.091040
v -0.030910 0.094530 0.140750
v -0.020240 0.094530 0.091040
v -0.030910 0.094530 0.091040
v -0.020240 0.094530 0.140750
v 0.030910 0.099370 0.140750
v 0.030910 0.094530 0.091040
v 0.030910 0.094530 0.140750
v 0.030910 0.099370 0.091040
v 0.020240 0.094530 0.140750
v 0.020240 0.086290 0.091040
v 0.020240 0.086290 0.140750
v 0.020240 0.094530 0.091040
v 0.030910 0.099370 0.091040
v 0.020240 0.099370 0.140750
v 0.020240 0.099370 0.091040
v 0.030910 0.099370 0.140750
v 0.030910 0.094530 0.091040
v 0.020240 0.099370 0.091040
v 0.020240 0.094530 0.091040
v 0.030910 0.099370 0.091040
v 0.030910 0.094530 0.140750
v 0.020240 0.094530 0.091040
v 0.020240 0.094530 0.140750
v 0.030910 0.094530 0.091040
v 0.030910 0.099370 0.140750
v 0.020240 0.094530 0.140750
v 0.020240 0.099370 0.140750
v 0.030910 0.094530 0.140750
v -0.048950 0.110400 -0.557480
v -0.040430 0.106130 -0.557480
v -0.040430 0.110400 -0.557480
v -0.048950 0.106130 -0.557480
v -0.053940 0.107760 -0.557480
v -0.048950 0.092950 -0.557480
v -0.057600 0.104990 -0.557480
v -0.058950 0.100860 -0.557480
v -0.058950 0.092950 -0.557480
v -0.047900 0.088850 -0.557480
v -0.049440 0.075720 -0.557480
v -0.058950 0.068150 -0.557480
v -0.045230 0.086590 -0.557480
v -0.041780 0.086210 -0.557480
v -0.039430 0.084610 -0.557480
v -0.037660 0.082500 -0.557480
v -0.053940 0.107760 -0.557480
v -0.048950 0.110400 -0.536200
v -0.053940 0.107760 -0.536200
v -0.048950 0.110400 -0.557480
v -0.040430 0.110400 -0.536200
v -0.040430 0.110400 -0.557480
v -0.053940 0.107760 -0.528270
v -0.048950 0.110400 -0.528270
v -0.057610 0.104990 -0.532230
v -0.057600 0.104990 -0.536200
v -0.057600 0.104990 -0.557480
v -0.058950 0.100860 -0.536200
v -0.058950 0.100860 -0.557480
v -0.058950 0.092950 -0.557480
v -0.058950 0.092950 -0.536200
v -0.058950 0.068150 -0.536200
v -0.058950 0.068150 -0.557480
v -0.048950 0.110400 -0.528270
v -0.048950 0.106130 -0.536200
v -0.048950 0.092950 -0.528270
v -0.048950 0.110400 -0.536200
v -0.048950 0.106130 -0.557480
v -0.048950 0.092950 -0.557480
v -0.047900 0.088850 -0.557480
v -0.047900 0.088850 -0.528270
v -0.045230 0.086590 -0.528270
v -0.045230 0.086590 -0.557480
v -0.041780 0.086210 -0.528270
v -0.041780 0.086210 -0.557480
v -0.039430 0.084610 -0.557480
v -0.039430 0.084610 -0.528270
v -0.037660 0.082500 -0.528270
v -0.037660 0.082500 -0.557480
v -0.058950 0.100860 -0.536200
v -0.053940 0.092960 -0.528270
v -0.058950 0.092950 -0.536200
v -0.058950 0.068150 -0.536200
v -0.053940 0.072510 -0.528270
v -0.057610 0.104990 -0.532230
v -0.053940 0.107760 -0.528270
v -0.048950 0.106130 -0.536200
v -0.040430 0.106130 -0.557480
v -0.048950 0.106130 -0.557480
v -0.040430 0.106130 -0.536200
v -0.040430 0.110400 -0.536200
v -0.040430 0.106130 -0.557480
v -0.040430 0.106130 -0.536200
v -0.040430 0.110400 -0.557480
v -0.048950 0.110400 -0.536200
v -0.040430 0.106130 -0.536200
v -0.048950 0.106130 -0.536200
v -0.040430 0.110400 -0.536200
v -0.048950 0.092950 -0.528270
v -0.053940 0.107760 -0.528270
v -0.048950 0.110400 -0.528270
v -0.053940 0.092960 -0.528270
v -0.053940 0.072510 -0.528270
v -0.047900 0.088850 -0.528270
v -0.045230 0.086590 -0.528270
v -0.041780 0.086210 -0.528270
v -0.039430 0.084610 -0.528270
v -0.037660 0.082500 -0.528270
v -0.059680 0.064860 -0.559430
v -0.049440 0.075720 -0.557480
v -0.058950 0.068150 -0.557480
v -0.049440 0.072920 -0.559430
v -0.037660 0.082500 -0.557480
v -0.035000 0.081050 -0.559430
v -0.059680 0.064860 -0.536200
v -0.058950 0.068150 -0.557480
v -0.058950 0.068150 -0.536200
v -0.059680 0.064860 -0.559430
v -0.054320 0.069230 -0.526480
v -0.059680 0.064860 -0.536200
v -0.053940 0.072510 -0.528270
v -0.035000 0.081050 -0.526590
v -0.053940 0.072510 -0.528270
v -0.037660 0.082500 -0.528270
v -0.054320 0.069230 -0.526480
v -0.035000 0.081050 -0.526590
v -0.037660 0.082500 -0.557480
v -0.035000 0.081050 -0.559430
v -0.037660 0.082500 -0.528270
v 0.048950 0.110400 -0.557480
v 0.040430 0.106130 -0.557480
v 0.048950 0.106130 -0.557480
v 0.040430 0.110400 -0.557480
v 0.053940 0.107760 -0.557480
v 0.048950 0.092950 -0.557480
v 0.057600 0.104990 -0.557480
v 0.058950 0.100860 -0.557480
v 0.058950 0.092950 -0.557480
v 0.047900 0.088850 -0.557480
v 0.049440 0.075720 -0.557480
v 0.058950 0.068150 -0.557480
v 0.045230 0.086590 -0.557480
v 0.041780 0.086210 -0.557480
v 0.039430 0.084610 -0.557480
v 0.037660 0.082500 -0.557480
v 0.053940 0.107760 -0.557480
v 0.048950 0.110400 -0.536200
v 0.048950 0.110400 -0.557480
v 0.040430 0.110400 -0.536200
v 0.040430 0.110400 -0.557480
v 0.053940 0.107760 -0.536200
v 0.053940 0.107760 -0.528270
v 0.048950 0.110400 -0.528270
v 0.057610 0.104990 -0.532230
v 0.057600 0.104990 -0.536200
v 0.057600 0.104990 -0.557480
v 0.058950 0.100860 -0.536200
v 0.058950 0.100860 -0.557480
v 0.058950 0.092950 -0.557480
v 0.058950 0.092950 -0.536200
v 0.058950 0.068150 -0.536200
v 0.058950 0.068150 -0.557480
v 0.048950 0.110400 -0.528270
v 0.048950 0.092950 -0.528270
v 0.048950 0.106130 -0.536200
v 0.048950 0.110400 -0.536200
v 0.048950 0.106130 -0.557480
v 0.048950 0.092950 -0.557480
v 0.047900 0.088850 -0.557480
v 0.047900 0.088850 -0.528270
v 0.045230 0.086590 -0.528270
v 0.045230 0.086590 -0.557480
v 0.041780 0.086210 -0.528270
v 0.041780 0.086210 -0.557480
v 0.039430 0.084610 -0.557480
v 0.039430 0.084610 -0.528270
v 0.037660 0.082500 -0.528270
v 0.037660 0.082500 -0.557480
v 0.058950 0.100860 -0.536200
v 0.058950 0.092950 -0.536200
v 0.053940 0.092960 -0.528270
v 0.058950 0.068150 -0.536200
v 0.053940 0.072510 -0.528270
v 0.057610 0.104990 -0.532230
v 0.053940 0.107760 -0.528270
v 0.048950 0.106130 -0.536200
v 0.040430 0.106130 -0.557480
v 0.040430 0.106130 -0.536200
v 0.048950 0.106130 -0.557480
v 0.040430 0.110400 -0.536200
v 0.040430 0.106130 -0.557480
v 0.040430 0.110400 -0.557480
v 0.040430 0.106130 -0.536200
v 0.048950 0.110400 -0.536200
v 0.040430 0.106130 -0.536200
v 0.040430 0.110400 -0.536200
v 0.048950 0.106130 -0.536200
v 0.048950 0.092950 -0.528270
v 0.053940 0.107760 -0.528270
v 0.053940 0.092960 -0.528270
v 0.048950 0.110400 -0.528270
v 0.053940 0.072510 -0.528270
v 0.047900 0.088850 -0.528270
v 0.045230 0.086590 -0.528270
v 0.041780 0.086210 -0.528270
v 0.039430 0.084610 -0.528270
v 0.037660 0.082500 -0.528270
v 0.059680 0.064860 -0.559430
v 0.049440 0.075720 -0.557480
v 0.049440 0.072920 -0.559430
v 0.058950 0.068150 -0.557480
v 0.037660 0.082500 -0.557480
v 0.034990 0.081050 -0.559430
v 0.059680 0.064860 -0.536200
v 0.058950 0.068150 -0.557480
v 0.059680 0.064860 -0.559430
v 0.058950 0.068150 -0.536200
v 0.054320 0.069230 -0.526480
v 0.053940 0.072510 -0.528270
v 0.059680 0.064860 -0.536200
v 0.034990 0.081050 -0.526590
v 0.053940 0.072510 -0.528270
v 0.054320 0.069230 -0.526480
v 0.037660 0.082500 -0.528270
v 0.034990 0.081050 -0.526590
v 0.037660 0.082500 -0.557480
v 0.037660 0.082500 -0.528270
v 0.034990 0.081050 -0.559430
v -0.030910 0.099370 -1.361440
v -0.030910 0.094530 -1.441590
v -0.030910 0.099370 -1.441590
v -0.030910 0.094530 -1.361440
v -0.020240 0.094530 -1.361440
v -0.020240 0.088970 -1.441590
v -0.020240 0.094530 -1.441590
v -0.020240 0.088970 -1.361440
v -0.030910 0.099370 -1.441590
v -0.016720 0.099370 -1.361440
v -0.030910 0.099370 -1.361440
v -0.016720 0.099370 -1.441590
v -0.030910 0.094530 -1.441590
v -0.016720 0.099370 -1.441590
v -0.030910 0.099370 -1.441590
v -0.020240 0.094530 -1.441590
v -0.009230 0.091550 -1.441590
v -0.009230 0.090140 -1.441590
v -0.020240 0.088970 -1.441590
v -0.030910 0.094530 -1.361440
v -0.020240 0.094530 -1.441590
v -0.030910 0.094530 -1.441590
v -0.020240 0.094530 -1.361440
v -0.030910 0.099370 -1.361440
v -0.020240 0.094530 -1.361440
v -0.030910 0.094530 -1.361440
v -0.016720 0.099370 -1.361440
v -0.009230 0.091550 -1.361440
v -0.009230 0.090140 -1.361440
v -0.020240 0.088970 -1.361440
v -0.008040 0.087050 -1.360210
v -0.008040 0.090260 -1.442770
v -0.008040 0.087050 -1.442770
v -0.008040 0.090260 -1.360210
v -0.021440 0.085610 -1.442770
v -0.021440 0.088810 -1.360210
v -0.021440 0.085610 -1.360210
v -0.021440 0.088810 -1.442770
v -0.021440 0.085610 -1.360210
v -0.008040 0.090260 -1.360210
v -0.008040 0.087050 -1.360210
v -0.021440 0.088810 -1.360210
v -0.008040 0.087050 -1.442770
v -0.021440 0.088810 -1.442770
v -0.021440 0.085610 -1.442770
v -0.008040 0.090260 -1.442770
v -0.008040 0.090260 -1.360210
v -0.009230 0.090140 -1.441590
v -0.008040 0.090260 -1.442770
v -0.020240 0.088970 -1.441590
v -0.009230 0.090140 -1.361440
v -0.021440 0.088810 -1.442770
v -0.021440 0.088810 -1.360210
v -0.020240 0.088970 -1.361440
v -0.009230 0.091550 -1.441590
v -0.009230 0.090140 -1.361440
v -0.009230 0.091550 -1.361440
v -0.009230 0.090140 -1.441590
v -0.016720 0.099370 -1.441590
v -0.016720 0.099370 -1.361440
v 0.030910 0.099370 -1.361440
v 0.030910 0.094530 -1.441590
v 0.030910 0.094530 -1.361440
v 0.030910 0.099370 -1.441590
v 0.020240 0.094530 -1.361440
v 0.020240 0.088970 -1.441590
v 0.020240 0.088970 -1.361440
v 0.020240 0.094530 -1.441590
v 0.030910 0.099370 -1.441590
v 0.016720 0.099370 -1.361440
v 0.016720 0.099370 -1.441590
v 0.030910 0.099370 -1.361440
v 0.030910 0.094530 -1.441590
v 0.016720 0.099370 -1.441590
v 0.020240 0.094530 -1.441590
v 0.030910 0.099370 -1.441590
v 0.009230 0.091550 -1.441590
v 0.009230 0.090140 -1.441590
v 0.020240 0.088970 -1.441590
v 0.030910 0.094530 -1.361440
v 0.020240 0.094530 -1.441590
v 0.020240 0.094530 -1.361440
v 0.030910 0.094530 -1.441590
v 0.030910 0.099370 -1.361440
v 0.020240 0.094530 -1.361440
v 0.016720 0.099370 -1.361440
v 0.030910 0.094530 -1.361440
v 0.009230 0.091550 -1.361440
v 0.009230 0.090140 -1.361440
v 0.020240 0.088970 -1.361440
v 0.008040 0.087050 -1.360210
v 0.008040 0.090260 -1.442770
v 0.008040 0.090260 -1.360210
v 0.008040 0.087050 -1.442770
v 0.021440 0.085610 -1.442770
v 0.021440 0.088810 -1.360210
v 0.021440 0.088810 -1.442770
v 0.021440 0.085610 -1.360210
v 0.021440 0.085610 -1.360210
v 0.008040 0.090260 -1.360210
v 0.021440 0.088810 -1.360210
v 0.008040 0.087050 -1.360210
v 0.008040 0.087050 -1.442770
v 0.021440 0.088810 -1.442770
v 0.008040 0.090260 -1.442770
v 0.021440 0.085610 -1.442770
v 0.008040 0.090260 -1.360210
v 0.009230 0.090140 -1.441590
v 0.009230 0.090140 -1.361440
v 0.008040 0.090260 -1.442770
v 0.021440 0.088810 -1.360210
v 0.020240 0.088970 -1.441590
v 0.020240 0.088970 -1.361440
v 0.021440 0.088810 -1.442770
v 0.009230 0.091550 -1.441590
v 0.009230 0.090140 -1.361440
v 0.009230 0.090140 -1.441590
v 0.009230 0.091550 -1.361440
v 0.016720 0.099370 -1.441590
v 0.009230 0.091550 -1.361440
v 0.009230 0.091550 -1.441590
v 0.016720 0.099370 -1.361440
v -0.067080 -0.043110 -1.701200
v -0.076360 -0.045050 -1.693440
v -0.070750 -0.039440 -1.693440
v -0.073750 -0.049770 -1.701200
v -0.073870 -0.049610 -1.709690
v -0.067220 -0.042970 -1.709690
v -0.077240 -0.043350 -1.684220
v -0.072040 -0.038150 -1.684220
v -0.070750 -0.039440 -1.675060
v -0.076360 -0.045050 -1.675060
v -0.067080 -0.043110 -1.667300
v -0.073750 -0.049770 -1.667300
v -0.061580 -0.048610 -1.662110
v -0.068780 -0.055810 -1.662110
v -0.055100 -0.055090 -1.660260
v -0.062930 -0.062930 -1.660260
v -0.055800 -0.068770 -1.662110
v -0.048610 -0.061580 -1.662110
v -0.049770 -0.073740 -1.667300
v -0.043110 -0.067080 -1.667300
v -0.045030 -0.076330 -1.675060
v -0.039440 -0.070750 -1.675060
v -0.043350 -0.077240 -1.684220
v -0.038150 -0.072040 -1.684220
v -0.039440 -0.070750 -1.693440
v -0.045030 -0.076330 -1.693440
v -0.043110 -0.067080 -1.701200
v -0.049770 -0.073740 -1.701200
v -0.042970 -0.067220 -1.709690
v -0.049610 -0.073870 -1.709690
v -0.055100 -0.055090 -1.715220
v -0.055800 -0.068770 -1.713440
v -0.062930 -0.062930 -1.715220
v -0.048610 -0.061580 -1.713440
v -0.068780 -0.055810 -1.713440
v -0.061580 -0.048610 -1.713440
v -0.067220 -0.042970 -1.709690
v -0.073870 -0.049610 -1.709690
v -0.055100 -0.055090 -1.684220
v -0.048610 -0.061580 -1.713440
v -0.055100 -0.055090 -1.715220
v -0.042970 -0.067220 -1.709690
v -0.043110 -0.067080 -1.701200
v -0.039440 -0.070750 -1.693440
v -0.038150 -0.072040 -1.684220
v -0.055100 -0.055090 -1.660260
v -0.039440 -0.070750 -1.675060
v -0.043110 -0.067080 -1.667300
v -0.048610 -0.061580 -1.662110
v -0.072040 -0.038150 -1.684220
v -0.061580 -0.048610 -1.662110
v -0.067080 -0.043110 -1.667300
v -0.070750 -0.039440 -1.675060
v -0.070750 -0.039440 -1.693440
v -0.067080 -0.043110 -1.701200
v -0.067220 -0.042970 -1.709690
v -0.061580 -0.048610 -1.713440
v -0.049610 -0.073870 -1.709690
v -0.048610 -0.061580 -1.713440
v -0.042970 -0.067220 -1.709690
v -0.055800 -0.068770 -1.713440
v -0.043110 0.067080 -1.701200
v -0.045050 0.076360 -1.693440
v -0.039440 0.070750 -1.693440
v -0.049770 0.073750 -1.701200
v -0.049610 0.073870 -1.709690
v -0.042960 0.067220 -1.709690
v -0.043350 0.077240 -1.684220
v -0.038150 0.072040 -1.684220
v -0.039440 0.070750 -1.675060
v -0.045050 0.076360 -1.675060
v -0.043110 0.067080 -1.667300
v -0.049770 0.073750 -1.667300
v -0.048610 0.061580 -1.662110
v -0.055810 0.068780 -1.662110
v -0.055090 0.055100 -1.660260
v -0.062930 0.062930 -1.660260
v -0.068770 0.055800 -1.662110
v -0.061580 0.048610 -1.662110
v -0.073740 0.049770 -1.667300
v -0.067080 0.043110 -1.667300
v -0.076330 0.045030 -1.675060
v -0.070750 0.039440 -1.675060
v -0.077240 0.043350 -1.684220
v -0.072040 0.038150 -1.684220
v -0.070750 0.039440 -1.693440
v -0.076330 0.045030 -1.693440
v -0.067080 0.043110 -1.701200
v -0.073740 0.049770 -1.701200
v -0.067220 0.042970 -1.709690
v -0.073870 0.049610 -1.709690
v -0.055090 0.055100 -1.715220
v -0.068770 0.055800 -1.713440
v -0.062930 0.062930 -1.715220
v -0.061580 0.048610 -1.713440
v -0.055810 0.068780 -1.713440
v -0.048610 0.061580 -1.713440
v -0.042960 0.067220 -1.709690
v -0.049610 0.073870 -1.709690
v -0.055090 0.055100 -1.684220
v -0.061580 0.048610 -1.713440
v -0.055090 0.055100 -1.715220
v -0.067220 0.042970 -1.709690
v -0.067080 0.043110 -1.701200
v -0.070750 0.039440 -1.693440
v -0.072040 0.038150 -1.684220
v -0.055090 0.055100 -1.660260
v -0.070750 0.039440 -1.675060
v -0.067080 0.043110 -1.667300
v -0.061580 0.048610 -1.662110
v -0.038150 0.072040 -1.684220
v -0.048610 0.061580 -1.662110
v -0.043110 0.067080 -1.667300
v -0.039440 0.070750 -1.675060
v -0.039440 0.070750 -1.693440
v -0.043110 0.067080 -1.701200
v -0.042960 0.067220 -1.709690
v -0.048610 0.061580 -1.713440
v -0.073870 0.049610 -1.709690
v -0.061580 0.048610 -1.713440
v -0.067220 0.042970 -1.709690
v -0.068770 0.055800 -1.713440
v 0.067080 0.043110 -1.701200
v 0.076360 0.045050 -1.693440
v 0.070750 0.039440 -1.693440
v 0.073750 0.049770 -1.701200
v 0.073870 0.049610 -1.709690
v 0.067230 0.042970 -1.709690
v 0.077240 0.043350 -1.684220
v 0.072040 0.038150 -1.684220
v 0.070750 0.039440 -1.675060
v 0.076360 0.045050 -1.675060
v 0.067080 0.043110 -1.667300
v 0.073750 0.049770 -1.667300
v 0.061580 0.048610 -1.662110
v 0.068780 0.055810 -1.662110
v 0.055100 0.055090 -1.660260
v 0.062930 0.062930 -1.660260
v 0.055800 0.068770 -1.662110
v 0.048610 0.061580 -1.662110
v 0.049770 0.073740 -1.667300
v 0.043110 0.067080 -1.667300
v 0.045030 0.076330 -1.675060
v 0.039440 0.070750 -1.675060
v 0.043350 0.077240 -1.684220
v 0.038150 0.072040 -1.684220
v 0.039440 0.070750 -1.693440
v 0.045030 0.076330 -1.693440
v 0.043110 0.067080 -1.701200
v 0.049770 0.073740 -1.701200
v 0.042970 0.067220 -1.709690
v 0.049610 0.073870 -1.709690
v 0.055100 0.055090 -1.715220
v 0.055800 0.068770 -1.713440
v 0.062930 0.062930 -1.715220
v 0.048610 0.061580 -1.713440
v 0.068780 0.055810 -1.713440
v 0.061580 0.048610 -1.713440
v 0.067230 0.042970 -1.709690
v 0.073870 0.049610 -1.709690
v 0.055100 0.055090 -1.684220
v 0.048610 0.061580 -1.713440
v 0.055100 0.055090 -1.715220
v 0.042970 0.067220 -1.709690
v 0.043110 0.067080 -1.701200
v 0.039440 0.070750 -1.693440
v 0.038150 0.072040 -1.684220
v 0.055100 0.055090 -1.660260
v 0.039440 0.070750 -1.675060
v 0.043110 0.067080 -1.667300
v 0.048610 0.061580 -1.662110
v 0.072040 0.038150 -1.684220
v 0.061580 0.048610 -1.662110
v 0.067080 0.043110 -1.667300
v 0.070750 0.039440 -1.675060
v 0.070750 0.039440 -1.693440
v 0.067080 0.043110 -1.701200
v 0.067230 0.042970 -1.709690
v 0.061580 0.048610 -1.713440
v 0.049610 0.073870 -1.709690
v 0.048610 0.061580 -1.713440
v 0.042970 0.067220 -1.709690
v 0.055800 0.068770 -1.713440
v 0.043110 -0.067080 -1.701200
v 0.045050 -0.076360 -1.693440
v 0.039440 -0.070750 -1.693440
v 0.049770 -0.073750 -1.701200
v 0.049610 -0.073870 -1.709690
v 0.042970 -0.067220 -1.709690
v 0.043350 -0.077240 -1.684220
v 0.038150 -0.072040 -1.684220
v 0.039440 -0.070750 -1.675060
v 0.045050 -0.076360 -1.675060
v 0.043110 -0.067080 -1.667300
v 0.049770 -0.073750 -1.667300
v 0.048610 -0.061580 -1.662110
v 0.055810 -0.068780 -1.662110
v 0.055090 -0.055100 -1.660260
v 0.062930 -0.062930 -1.660260
v 0.068770 -0.055800 -1.662110
v 0.061580 -0.048610 -1.662110
v 0.073740 -0.049770 -1.667300
v 0.067080 -0.043110 -1.667300
v 0.076330 -0.045030 -1.675060
v 0.070750 -0.039440 -1.675060
v 0.077240 -0.043350 -1.684220
v 0.072040 -0.038150 -1.684220
v 0.070750 -0.039440 -1.693440
v 0.076330 -0.045030 -1.693440
v 0.067080 -0.043110 -1.701200
v 0.073740 -0.049770 -1.701200
v 0.067220 -0.042970 -1.709690
v 0.073870 -0.049610 -1.709690
v 0.055090 -0.055100 -1.715220
v 0.068770 -0.055800 -1.713440
v 0.062930 -0.062930 -1.715220
v 0.061580 -0.048610 -1.713440
v 0.055810 -0.068780 -1.713440
v 0.048610 -0.061580 -1.713440
v 0.042970 -0.067220 -1.709690
v 0.049610 -0.073870 -1.709690
v 0.055090 -0.055100 -1.684220
v 0.061580 -0.048610 -1.713440
v 0.055090 -0.055100 -1.715220
v 0.067220 -0.042970 -1.709690
v 0.067080 -0.043110 -1.701200
v 0.070750 -0.039440 -1.693440
v 0.072040 -0.038150 -1.684220
v 0.055090 -0.055100 -1.660260
v 0.070750 -0.039440 -1.675060
v 0.067080 -0.043110 -1.667300
v 0.061580 -0.048610 -1.662110
v 0.038150 -0.072040 -1.684220
v 0.048610 -0.061580 -1.662110
v 0.043110 -0.067080 -1.667300
v 0.039440 -0.070750 -1.675060
v 0.039440 -0.070750 -1.693440
v 0.043110 -0.067080 -1.701200
v 0.042970 -0.067220 -1.709690
v 0.048610 -0.061580 -1.713440
v 0.073870 -0.049610 -1.709690
v 0.061580 -0.048610 -1.713440
v 0.067220 -0.042970 -1.709690
v 0.068770 -0.055800 -1.713440
v -0.082230 0.041920 -0.124550
v -0.079440 0.037040 -0.123210
v -0.083600 0.038990 -0.123210
v -0.080810 0.034110 -0.124550
v -0.078070 0.039980 -0.124550
v -0.081660 0.043130 -0.127790
v -0.077500 0.041190 -0.127790
v -0.084970 0.036050 -0.124550
v -0.081370 0.032890 -0.127790
v -0.085530 0.034830 -0.127790
v -0.080810 0.034110 -0.131030
v -0.084970 0.036050 -0.131030
v -0.079440 0.037040 -0.132370
v -0.083600 0.038990 -0.132370
v -0.078070 0.039980 -0.131030
v -0.082230 0.041920 -0.131030
v -0.077500 0.041190 -0.127790
v -0.081660 0.043130 -0.127790
v -0.083600 0.038990 -0.123210
v -0.084480 0.039400 -0.127790
v -0.082230 0.041920 -0.124550
v -0.081660 0.043130 -0.127790
v -0.084970 0.036050 -0.124550
v -0.082230 0.041920 -0.131030
v -0.085530 0.034830 -0.127790
v -0.083600 0.038990 -0.132370
v -0.084970 0.036050 -0.131030
v 0.084970 0.036050 -0.124550
v 0.079440 0.037040 -0.123210
v 0.083600 0.038990 -0.123210
v 0.078070 0.039980 -0.124550
v 0.080810 0.034110 -0.124550
v 0.085530 0.034830 -0.127790
v 0.081370 0.032890 -0.127790
v 0.082230 0.041920 -0.124550
v 0.077500 0.041190 -0.127790
v 0.081660 0.043130 -0.127790
v 0.078070 0.039980 -0.131030
v 0.082230 0.041920 -0.131030
v 0.079440 0.037040 -0.132370
v 0.083600 0.038990 -0.132370
v 0.080810 0.034110 -0.131030
v 0.084970 0.036050 -0.131030
v 0.081370 0.032890 -0.127790
v 0.085530 0.034830 -0.127790
v 0.083600 0.038990 -0.123210
v 0.084480 0.039390 -0.127790
v 0.084970 0.036050 -0.124550
v 0.085530 0.034830 -0.127790
v 0.082230 0.041920 -0.124550
v 0.084970 0.036050 -0.131030
v 0.081660 0.043130 -0.127790
v 0.083600 0.038990 -0.132370
v 0.082230 0.041920 -0.131030
v 0.092170 0.004810 -1.438300
v 0.087310 0.007640 -1.436960
v 0.091890 0.008040 -1.436960
v 0.087030 0.010860 -1.438300
v 0.087600 0.004410 -1.438300
v 0.092290 0.003470 -1.441540
v 0.087710 0.003080 -1.441540
v 0.091610 0.011260 -1.438300
v 0.086920 0.012200 -1.441540
v 0.091490 0.012610 -1.441540
v 0.087030 0.010860 -1.444780
v 0.091610 0.011260 -1.444780
v 0.087310 0.007640 -1.446120
v 0.091890 0.008040 -1.446120
v 0.087600 0.004410 -1.444780
v 0.092170 0.004810 -1.444780
v 0.087710 0.003080 -1.441540
v 0.092290 0.003470 -1.441540
v 0.091890 0.008040 -1.436960
v 0.092860 0.008130 -1.441540
v 0.092170 0.004810 -1.438300
v 0.092290 0.003470 -1.441540
v 0.091610 0.011260 -1.438300
v 0.092170 0.004810 -1.444780
v 0.091490 0.012610 -1.441540
v 0.091890 0.008040 -1.446120
v 0.091610 0.011260 -1.444780
v 0.081500 0.043310 -1.386190
v 0.075910 0.043820 -1.384850
v 0.079880 0.046120 -1.384850
v 0.074280 0.046630 -1.386190
v 0.077520 0.041020 -1.386190
v 0.082180 0.042150 -1.389430
v 0.078190 0.039860 -1.389430
v 0.078260 0.048930 -1.386190
v 0.073620 0.047790 -1.389430
v 0.077590 0.050080 -1.389430
v 0.074280 0.046630 -1.392670
v 0.078260 0.048930 -1.392670
v 0.075910 0.043820 -1.394010
v 0.079880 0.046120 -1.394010
v 0.077520 0.041020 -1.392670
v 0.081500 0.043310 -1.392670
v 0.078190 0.039860 -1.389430
v 0.082180 0.042150 -1.389430
v 0.079880 0.046120 -1.384850
v 0.080730 0.046610 -1.389430
v 0.081500 0.043310 -1.386190
v 0.082180 0.042150 -1.389430
v 0.078260 0.048930 -1.386190
v 0.081500 0.043310 -1.392670
v 0.077590 0.050080 -1.389430
v 0.079880 0.046120 -1.394010
v 0.078260 0.048930 -1.392670
v 0.067510 0.062930 -1.438300
v 0.061970 0.061970 -1.436960
v 0.065220 0.065220 -1.436960
v 0.059680 0.064260 -1.438300
v 0.064260 0.059680 -1.438300
v 0.068460 0.061990 -1.441540
v 0.065210 0.058730 -1.441540
v 0.062930 0.067510 -1.438300
v 0.058740 0.065210 -1.441540
v 0.061990 0.068460 -1.441540
v 0.059680 0.064260 -1.444780
v 0.062930 0.067510 -1.444780
v 0.061970 0.061970 -1.446120
v 0.065220 0.065220 -1.446120
v 0.064260 0.059680 -1.444780
v 0.067510 0.062930 -1.444780
v 0.065210 0.058730 -1.441540
v 0.068460 0.061990 -1.441540
v 0.065220 0.065220 -1.436960
v 0.065920 0.065920 -1.441540
v 0.067510 0.062930 -1.438300
v 0.068460 0.061990 -1.441540
v 0.062930 0.067510 -1.438300
v 0.067510 0.062930 -1.444780
v 0.061990 0.068460 -1.441540
v 0.065220 0.065220 -1.446120
v 0.062930 0.067510 -1.444780
v 0.084970 0.036050 -1.647080
v 0.079440 0.037040 -1.645740
v 0.083600 0.038990 -1.645740
v 0.078070 0.039980 -1.647080
v 0.080810 0.034110 -1.647080
v 0.085530 0.034830 -1.650320
v 0.081370 0.032890 -1.650320
v 0.082230 0.041920 -1.647080
v 0.077500 0.041190 -1.650320
v 0.081660 0.043130 -1.650320
v 0.078070 0.039980 -1.653560
v 0.082230 0.041920 -1.653560
v 0.079440 0.037040 -1.654900
v 0.083600 0.038990 -1.654900
v 0.080810 0.034110 -1.653560
v 0.084970 0.036050 -1.653560
v 0.081370 0.032890 -1.650320
v 0.085530 0.034830 -1.650320
v 0.083600 0.038990 -1.645740
v 0.084480 0.039390 -1.650320
v 0.084970 0.036050 -1.647080
v 0.085530 0.034830 -1.650320
v 0.082230 0.041920 -1.647080
v 0.084970 0.036050 -1.653560
v 0.081660 0.043130 -1.650320
v 0.083600 0.038990 -1.654900
v 0.082230 0.041920 -1.653560
v -0.062930 0.067510 -1.438300
v -0.061970 0.061970 -1.436960
v -0.065220 0.065220 -1.436960
v -0.064270 0.059680 -1.438300
v -0.059680 0.064260 -1.438300
v -0.061990 0.068460 -1.441540
v -0.058730 0.065210 -1.441540
v -0.067510 0.062930 -1.438300
v -0.065210 0.058740 -1.441540
v -0.068460 0.061990 -1.441540
v -0.064270 0.059680 -1.444780
v -0.067510 0.062930 -1.444780
v -0.061970 0.061970 -1.446120
v -0.065220 0.065220 -1.446120
v -0.059680 0.064260 -1.444780
v -0.062930 0.067510 -1.444780
v -0.058730 0.065210 -1.441540
v -0.061990 0.068460 -1.441540
v -0.065220 0.065220 -1.436960
v -0.065920 0.065920 -1.441540
v -0.062930 0.067510 -1.438300
v -0.061990 0.068460 -1.441540
v -0.067510 0.062930 -1.438300
v -0.062930 0.067510 -1.444780
v -0.068460 0.061990 -1.441540
v -0.065220 0.065220 -1.446120
v -0.067510 0.062930 -1.444780
v 0.089940 0.020740 -1.726390
v 0.084660 0.022690 -1.725050
v 0.089100 0.023880 -1.725050
v 0.083820 0.025820 -1.726390
v 0.085500 0.019550 -1.726390
v 0.090280 0.019450 -1.729630
v 0.085840 0.018260 -1.729630
v 0.088260 0.027000 -1.726390
v 0.083480 0.027110 -1.729630
v 0.087910 0.028300 -1.729630
v 0.083820 0.025820 -1.732870
v 0.088260 0.027000 -1.732870
v 0.084660 0.022690 -1.734210
v 0.089100 0.023880 -1.734210
v 0.085500 0.019550 -1.732870
v 0.089940 0.020740 -1.732870
v 0.085840 0.018260 -1.729630
v 0.090280 0.019450 -1.729630
v 0.089100 0.023880 -1.725050
v 0.090040 0.024120 -1.729630
v 0.089940 0.020740 -1.726390
v 0.090280 0.019450 -1.729630
v 0.088260 0.027000 -1.726390
v 0.089940 0.020740 -1.732870
v 0.087910 0.028300 -1.729630
v 0.089100 0.023880 -1.734210
v 0.088260 0.027000 -1.732870
v 0.088260 -0.027000 -1.726390
v 0.084660 -0.022690 -1.725050
v 0.089100 -0.023880 -1.725050
v 0.085500 -0.019550 -1.726390
v 0.083820 -0.025820 -1.726390
v 0.087910 -0.028300 -1.729630
v 0.083480 -0.027110 -1.729630
v 0.089940 -0.020750 -1.726390
v 0.085840 -0.018260 -1.729630
v 0.090280 -0.019450 -1.729630
v 0.085500 -0.019550 -1.732870
v 0.089940 -0.020750 -1.732870
v 0.084660 -0.022690 -1.734210
v 0.089100 -0.023880 -1.734210
v 0.083820 -0.025820 -1.732870
v 0.088260 -0.027000 -1.732870
v 0.083480 -0.027110 -1.729630
v 0.087910 -0.028300 -1.729630
v 0.089100 -0.023880 -1.725050
v 0.090040 -0.024120 -1.729630
v 0.088260 -0.027000 -1.726390
v 0.087910 -0.028300 -1.729630
v 0.089940 -0.020750 -1.726390
v 0.088260 -0.027000 -1.732870
v 0.090280 -0.019450 -1.729630
v 0.089100 -0.023880 -1.734210
v 0.089940 -0.020750 -1.732870
v -0.078260 0.048930 -1.386190
v -0.075910 0.043820 -1.384850
v -0.079880 0.046120 -1.384850
v -0.077520 0.041020 -1.386190
v -0.074280 0.046630 -1.386190
v -0.077590 0.050080 -1.389430
v -0.073620 0.047790 -1.389430
v -0.081500 0.043310 -1.386190
v -0.078190 0.039860 -1.389430
v -0.082180 0.042150 -1.389430
v -0.077520 0.041020 -1.392670
v -0.081500 0.043310 -1.392670
v -0.075910 0.043820 -1.394010
v -0.079880 0.046120 -1.394010
v -0.074280 0.046630 -1.392670
v -0.078260 0.048930 -1.392670
v -0.073620 0.047790 -1.389430
v -0.077590 0.050080 -1.389430
v -0.079880 0.046120 -1.384850
v -0.080730 0.046610 -1.389430
v -0.078260 0.048930 -1.386190
v -0.077590 0.050080 -1.389430
v -0.081500 0.043310 -1.386190
v -0.078260 0.048930 -1.392670
v -0.082180 0.042150 -1.389430
v -0.079880 0.046120 -1.394010
v -0.081500 0.043310 -1.392670
v 0.073700 -0.055560 -1.438300
v 0.071800 -0.050270 -1.436960
v 0.075560 -0.052910 -1.436960
v 0.073660 -0.047620 -1.438300
v 0.069940 -0.052930 -1.438300
v 0.072930 -0.056660 -1.441540
v 0.069170 -0.054030 -1.441540
v 0.077410 -0.050260 -1.438300
v 0.074420 -0.046520 -1.441540
v 0.078180 -0.049160 -1.441540
v 0.073660 -0.047620 -1.444780
v 0.077410 -0.050260 -1.444780
v 0.071800 -0.050270 -1.446120
v 0.075560 -0.052910 -1.446120
v 0.069940 -0.052930 -1.444780
v 0.073700 -0.055560 -1.444780
v 0.069170 -0.054030 -1.441540
v 0.072930 -0.056660 -1.441540
v 0.075560 -0.052910 -1.436960
v 0.076360 -0.053470 -1.441540
v 0.073700 -0.055560 -1.438300
v 0.072930 -0.056660 -1.441540
v 0.077410 -0.050260 -1.438300
v 0.073700 -0.055560 -1.444780
v 0.078180 -0.049160 -1.441540
v 0.075560 -0.052910 -1.446120
v 0.077410 -0.050260 -1.444780
v 0.043310 -0.081500 -1.386190
v 0.043820 -0.075910 -1.384850
v 0.046120 -0.079880 -1.384850
v 0.046630 -0.074280 -1.386190
v 0.041020 -0.077520 -1.386190
v 0.042150 -0.082180 -1.389430
v 0.039860 -0.078190 -1.389430
v 0.048930 -0.078260 -1.386190
v 0.047790 -0.073620 -1.389430
v 0.050080 -0.077590 -1.389430
v 0.046630 -0.074280 -1.392670
v 0.048930 -0.078260 -1.392670
v 0.043820 -0.075910 -1.394010
v 0.046120 -0.079880 -1.394010
v 0.041020 -0.077520 -1.392670
v 0.043310 -0.081500 -1.392670
v 0.039860 -0.078190 -1.389430
v 0.042150 -0.082180 -1.389430
v 0.046120 -0.079880 -1.384850
v 0.046610 -0.080730 -1.389430
v 0.043310 -0.081500 -1.386190
v 0.042150 -0.082180 -1.389430
v 0.048930 -0.078260 -1.386190
v 0.043310 -0.081500 -1.392670
v 0.050080 -0.077590 -1.389430
v 0.046120 -0.079880 -1.394010
v 0.048930 -0.078260 -1.392670
v -0.048930 -0.078260 -1.386190
v -0.043820 -0.075910 -1.384850
v -0.046120 -0.079880 -1.384850
v -0.041020 -0.077520 -1.386190
v -0.046630 -0.074280 -1.386190
v -0.050080 -0.077590 -1.389430
v -0.047790 -0.073620 -1.389430
v -0.043310 -0.081500 -1.386190
v -0.039860 -0.078190 -1.389430
v -0.042150 -0.082180 -1.389430
v -0.041020 -0.077520 -1.392670
v -0.043310 -0.081500 -1.392670
v -0.043820 -0.075910 -1.394010
v -0.046120 -0.079880 -1.394010
v -0.046630 -0.074280 -1.392670
v -0.048930 -0.078260 -1.392670
v -0.047790 -0.073620 -1.389430
v -0.050080 -0.077590 -1.389430
v -0.046120 -0.079880 -1.384850
v -0.046610 -0.080730 -1.389430
v -0.048930 -0.078260 -1.386190
v -0.050080 -0.077590 -1.389430
v -0.043310 -0.081500 -1.386190
v -0.048930 -0.078260 -1.392670
v -0.042150 -0.082180 -1.389430
v -0.046120 -0.079880 -1.394010
v -0.043310 -0.081500 -1.392670
v -0.077410 -0.050260 -1.438300
v -0.071790 -0.050270 -1.436960
v -0.075560 -0.052910 -1.436960
v -0.069930 -0.052930 -1.438300
v -0.073650 -0.047620 -1.438300
v -0.078180 -0.049160 -1.441540
v -0.074420 -0.046520 -1.441540
v -0.073700 -0.055560 -1.438300
v -0.069170 -0.054030 -1.441540
v -0.072930 -0.056660 -1.441540
v -0.069930 -0.052930 -1.444780
v -0.073700 -0.055560 -1.444780
v -0.071790 -0.050270 -1.446120
v -0.075560 -0.052910 -1.446120
v -0.073650 -0.047620 -1.444780
v -0.077410 -0.050260 -1.444780
v -0.074420 -0.046520 -1.441540
v -0.078180 -0.049160 -1.441540
v -0.075560 -0.052910 -1.436960
v -0.076360 -0.053470 -1.441540
v -0.077410 -0.050260 -1.438300
v -0.078180 -0.049160 -1.441540
v -0.073700 -0.055560 -1.438300
v -0.077410 -0.050260 -1.444780
v -0.072930 -0.056660 -1.441540
v -0.075560 -0.052910 -1.446120
v -0.073700 -0.055560 -1.444780
v 0.043310 -0.081500 -1.647080
v 0.043820 -0.075910 -1.645740
v 0.046120 -0.079880 -1.645740
v 0.046630 -0.074280 -1.647080
v 0.041020 -0.077520 -1.647080
v 0.042150 -0.082180 -1.650320
v 0.039860 -0.078190 -1.650320
v 0.048930 -0.078260 -1.647080
v 0.047790 -0.073620 -1.650320
v 0.050080 -0.077590 -1.650320
v 0.046630 -0.074280 -1.653560
v 0.048930 -0.078260 -1.653560
v 0.043820 -0.075910 -1.654900
v 0.046120 -0.079880 -1.654900
v 0.041020 -0.077520 -1.653560
v 0.043310 -0.081500 -1.653560
v 0.039860 -0.078190 -1.650320
v 0.042150 -0.082180 -1.650320
v 0.046120 -0.079880 -1.645740
v 0.046610 -0.080730 -1.650320
v 0.043310 -0.081500 -1.647080
v 0.042150 -0.082180 -1.650320
v 0.048930 -0.078260 -1.647080
v 0.043310 -0.081500 -1.653560
v 0.050080 -0.077590 -1.650320
v 0.046120 -0.079880 -1.654900
v 0.048930 -0.078260 -1.653560
v 0.082230 -0.041920 -1.647080
v 0.079440 -0.037040 -1.645740
v 0.083600 -0.038990 -1.645740
v 0.080810 -0.034110 -1.647080
v 0.078070 -0.039980 -1.647080
v 0.081660 -0.043130 -1.650320
v 0.077500 -0.041190 -1.650320
v 0.084970 -0.036050 -1.647080
v 0.081370 -0.032890 -1.650320
v 0.085530 -0.034830 -1.650320
v 0.080810 -0.034110 -1.653560
v 0.084970 -0.036050 -1.653560
v 0.079440 -0.037040 -1.654900
v 0.083600 -0.038990 -1.654900
v 0.078070 -0.039980 -1.653560
v 0.082230 -0.041920 -1.653560
v 0.077500 -0.041190 -1.650320
v 0.081660 -0.043130 -1.650320
v 0.083600 -0.038990 -1.645740
v 0.084480 -0.039400 -1.650320
v 0.082230 -0.041920 -1.647080
v 0.081660 -0.043130 -1.650320
v 0.084970 -0.036050 -1.647080
v 0.082230 -0.041920 -1.653560
v 0.085530 -0.034830 -1.650320
v 0.083600 -0.038990 -1.654900
v 0.084970 -0.036050 -1.653560
v 0.082230 -0.041920 -1.702270
v 0.079440 -0.037040 -1.700920
v 0.083600 -0.038990 -1.700920
v 0.080810 -0.034110 -1.702270
v 0.078070 -0.039980 -1.702270
v 0.081660 -0.043130 -1.705500
v 0.077500 -0.041190 -1.705500
v 0.084970 -0.036050 -1.702270
v 0.081370 -0.032890 -1.705500
v 0.085530 -0.034830 -1.705500
v 0.080810 -0.034110 -1.708740
v 0.084970 -0.036050 -1.708740
v 0.079440 -0.037040 -1.710080
v 0.083600 -0.038990 -1.710080
v 0.078070 -0.039980 -1.708740
v 0.082230 -0.041920 -1.708740
v 0.077500 -0.041190 -1.705500
v 0.081660 -0.043130 -1.705500
v 0.083600 -0.038990 -1.700920
v 0.084480 -0.039400 -1.705500
v 0.082230 -0.041920 -1.702270
v 0.081660 -0.043130 -1.705500
v 0.084970 -0.036050 -1.702270
v 0.082230 -0.041920 -1.708740
v 0.085530 -0.034830 -1.705500
v 0.083600 -0.038990 -1.710080
v 0.084970 -0.036050 -1.708740
v -0.091610 0.011260 -1.438300
v -0.087320 0.007640 -1.436960
v -0.091890 0.008040 -1.436960
v -0.087600 0.004410 -1.438300
v -0.087030 0.010860 -1.438300
v -0.091490 0.012610 -1.441540
v -0.086920 0.012200 -1.441540
v -0.092170 0.004810 -1.438300
v -0.087710 0.003080 -1.441540
v -0.092290 0.003470 -1.441540
v -0.087600 0.004410 -1.444780
v -0.092170 0.004810 -1.444780
v -0.087320 0.007640 -1.446120
v -0.091890 0.008040 -1.446120
v -0.087030 0.010860 -1.444780
v -0.091610 0.011260 -1.444780
v -0.086920 0.012200 -1.441540
v -0.091490 0.012610 -1.441540
v -0.091890 0.008040 -1.436960
v -0.092860 0.008130 -1.441540
v -0.091610 0.011260 -1.438300
v -0.091490 0.012610 -1.441540
v -0.092170 0.004810 -1.438300
v -0.091610 0.011260 -1.444780
v -0.092290 0.003470 -1.441540
v -0.091890 0.008040 -1.446120
v -0.092170 0.004810 -1.444780
v 0.043310 -0.081500 -1.727180
v 0.043820 -0.075910 -1.725840
v 0.046120 -0.079880 -1.725840
v 0.046630 -0.074280 -1.727180
v 0.041020 -0.077520 -1.727180
v 0.042150 -0.082180 -1.730420
v 0.039860 -0.078190 -1.730420
v 0.048930 -0.078260 -1.727180
v 0.047790 -0.073620 -1.730420
v 0.050080 -0.077590 -1.730420
v 0.046630 -0.074280 -1.733660
v 0.048930 -0.078260 -1.733660
v 0.043820 -0.075910 -1.735000
v 0.046120 -0.079880 -1.735000
v 0.041020 -0.077520 -1.733660
v 0.043310 -0.081500 -1.733660
v 0.039860 -0.078190 -1.730420
v 0.042150 -0.082180 -1.730420
v 0.046120 -0.079880 -1.725840
v 0.046610 -0.080730 -1.730420
v 0.043310 -0.081500 -1.727180
v 0.042150 -0.082180 -1.730420
v 0.048930 -0.078260 -1.727180
v 0.043310 -0.081500 -1.733660
v 0.050080 -0.077590 -1.730420
v 0.046120 -0.079880 -1.735000
v 0.048930 -0.078260 -1.733660
v 0.043310 -0.081500 -1.702270
v 0.043820 -0.075910 -1.700920
v 0.046120 -0.079880 -1.700920
v 0.046630 -0.074280 -1.702270
v 0.041020 -0.077520 -1.702270
v 0.042150 -0.082180 -1.705500
v 0.039860 -0.078190 -1.705500
v 0.048930 -0.078260 -1.702270
v 0.047790 -0.073620 -1.705500
v 0.050080 -0.077590 -1.705500
v 0.046630 -0.074280 -1.708740
v 0.048930 -0.078260 -1.708740
v 0.043820 -0.075910 -1.710080
v 0.046120 -0.079880 -1.710080
v 0.041020 -0.077520 -1.708740
v 0.043310 -0.081500 -1.708740
v 0.039860 -0.078190 -1.705500
v 0.042150 -0.082180 -1.705500
v 0.046120 -0.079880 -1.700920
v 0.046610 -0.080730 -1.705500
v 0.043310 -0.081500 -1.702270
v 0.042150 -0.082180 -1.705500
v 0.048930 -0.078260 -1.702270
v 0.043310 -0.081500 -1.708740
v 0.050080 -0.077590 -1.705500
v 0.046120 -0.079880 -1.710080
v 0.048930 -0.078260 -1.708740
v -0.048930 -0.078260 -1.726390
v -0.043820 -0.075910 -1.725050
v -0.046120 -0.079880 -1.725050
v -0.041020 -0.077520 -1.726390
v -0.046630 -0.074280 -1.726390
v -0.050080 -0.077590 -1.729630
v -0.047790 -0.073620 -1.729630
v -0.043310 -0.081500 -1.726390
v -0.039860 -0.078190 -1.729630
v -0.042150 -0.082180 -1.729630
v -0.041020 -0.077520 -1.732870
v -0.043310 -0.081500 -1.732870
v -0.043820 -0.075910 -1.734210
v -0.046120 -0.079880 -1.734210
v -0.046630 -0.074280 -1.732870
v -0.048930 -0.078260 -1.732870
v -0.047790 -0.073620 -1.729630
v -0.050080 -0.077590 -1.729630
v -0.046120 -0.079880 -1.725050
v -0.046610 -0.080730 -1.729630
v -0.048930 -0.078260 -1.726390
v -0.050080 -0.077590 -1.729630
v -0.043310 -0.081500 -1.726390
v -0.048930 -0.078260 -1.732870
v -0.042150 -0.082180 -1.729630
v -0.046120 -0.079880 -1.734210
v -0.043310 -0.081500 -1.732870
v -0.084970 -0.036050 -1.702540
v -0.079440 -0.037040 -1.701200
v -0.083600 -0.038990 -1.701200
v -0.078070 -0.039980 -1.702540
v -0.080810 -0.034110 -1.702540
v -0.085530 -0.034830 -1.705780
v -0.081370 -0.032890 -1.705780
v -0.082230 -0.041920 -1.702540
v -0.077500 -0.041190 -1.705780
v -0.081660 -0.043130 -1.705780
v -0.078070 -0.039980 -1.709020
v -0.082230 -0.041920 -1.709020
v -0.079440 -0.037040 -1.710360
v -0.083600 -0.038990 -1.710360
v -0.080810 -0.034110 -1.709020
v -0.084970 -0.036050 -1.709020
v -0.081370 -0.032890 -1.705780
v -0.085530 -0.034830 -1.705780
v -0.083600 -0.038990 -1.701200
v -0.084480 -0.039390 -1.705780
v -0.084970 -0.036050 -1.702540
v -0.085530 -0.034830 -1.705780
v -0.082230 -0.041920 -1.702540
v -0.084970 -0.036050 -1.709020
v -0.081660 -0.043130 -1.705780
v -0.083600 -0.038990 -1.710360
v -0.082230 -0.041920 -1.709020
v -0.089940 -0.020750 -1.726390
v -0.084660 -0.022690 -1.725050
v -0.089100 -0.023880 -1.725050
v -0.083820 -0.025820 -1.726390
v -0.085500 -0.019550 -1.726390
v -0.090280 -0.019450 -1.729630
v -0.085840 -0.018260 -1.729630
v -0.088260 -0.027000 -1.726390
v -0.083480 -0.027110 -1.729630
v -0.087910 -0.028300 -1.729630
v -0.083820 -0.025820 -1.732870
v -0.088260 -0.027000 -1.732870
v -0.084660 -0.022690 -1.734210
v -0.089100 -0.023880 -1.734210
v -0.085500 -0.019550 -1.732870
v -0.089940 -0.020750 -1.732870
v -0.085840 -0.018260 -1.729630
v -0.090280 -0.019450 -1.729630
v -0.089100 -0.023880 -1.725050
v -0.090040 -0.024120 -1.729630
v -0.089940 -0.020750 -1.726390
v -0.090280 -0.019450 -1.729630
v -0.088260 -0.027000 -1.726390
v -0.089940 -0.020750 -1.732870
v -0.087910 -0.028300 -1.729630
v -0.089100 -0.023880 -1.734210
v -0.088260 -0.027000 -1.732870
v -0.088260 0.027000 -1.726390
v -0.084660 0.022690 -1.725050
v -0.089100 0.023880 -1.725050
v -0.085500 0.019550 -1.726390
v -0.083820 0.025820 -1.726390
v -0.087910 0.028300 -1.729630
v -0.083480 0.027110 -1.729630
v -0.089940 0.020740 -1.726390
v -0.085840 0.018260 -1.729630
v -0.090280 0.019450 -1.729630
v -0.085500 0.019550 -1.732870
v -0.089940 0.020740 -1.732870
v -0.084660 0.022690 -1.734210
v -0.089100 0.023880 -1.734210
v -0.083820 0.025820 -1.732870
v -0.088260 0.027000 -1.732870
v -0.083480 0.027110 -1.729630
v -0.087910 0.028300 -1.729630
v -0.089100 0.023880 -1.725050
v -0.090040 0.024120 -1.729630
v -0.088260 0.027000 -1.726390
v -0.087910 0.028300 -1.729630
v -0.089940 0.020740 -1.726390
v -0.088260 0.027000 -1.732870
v -0.090280 0.019450 -1.729630
v -0.089100 0.023880 -1.734210
v -0.089940 0.020740 -1.732870
v -0.082230 0.041920 -1.702540
v -0.079440 0.037040 -1.701200
v -0.083600 0.038990 -1.701200
v -0.080810 0.034110 -1.702540
v -0.078070 0.039980 -1.702540
v -0.081660 0.043130 -1.705780
v -0.077500 0.041190 -1.705780
v -0.084970 0.036050 -1.702540
v -0.081370 0.032890 -1.705780
v -0.085530 0.034830 -1.705780
v -0.080810 0.034110 -1.709020
v -0.084970 0.036050 -1.709020
v -0.079440 0.037040 -1.710360
v -0.083600 0.038990 -1.710360
v -0.078070 0.039980 -1.709020
v -0.082230 0.041920 -1.709020
v -0.077500 0.041190 -1.705780
v -0.081660 0.043130 -1.705780
v -0.083600 0.038990 -1.701200
v -0.084480 0.039390 -1.705780
v -0.082230 0.041920 -1.702540
v -0.081660 0.043130 -1.705780
v -0.084970 0.036050 -1.702540
v -0.082230 0.041920 -1.709020
v -0.085530 0.034830 -1.705780
v -0.083600 0.038990 -1.710360
v -0.084970 0.036050 -1.709020
v -0.082230 0.041920 -1.647080
v -0.079440 0.037040 -1.645740
v -0.083600 0.038990 -1.645740
v -0.080810 0.034110 -1.647080
v -0.078070 0.039980 -1.647080
v -0.081660 0.043130 -1.650320
v -0.077500 0.041190 -1.650320
v -0.084970 0.036050 -1.647080
v -0.081370 0.032890 -1.650320
v -0.085530 0.034830 -1.650320
v -0.080810 0.034110 -1.653560
v -0.084970 0.036050 -1.653560
v -0.079440 0.037040 -1.654900
v -0.083600 0.038990 -1.654900
v -0.078070 0.039980 -1.653560
v -0.082230 0.041920 -1.653560
v -0.077500 0.041190 -1.650320
v -0.081660 0.043130 -1.650320
v -0.083600 0.038990 -1.645740
v -0.084480 0.039390 -1.650320
v -0.082230 0.041920 -1.647080
v -0.081660 0.043130 -1.650320
v -0.084970 0.036050 -1.647080
v -0.082230 0.041920 -1.653560
v -0.085530 0.034830 -1.650320
v -0.083600 0.038990 -1.654900
v -0.084970 0.036050 -1.653560
v -0.084970 -0.036050 -1.647080
v -0.079440 -0.037040 -1.645740
v -0.083600 -0.038990 -1.645740
v -0.078070 -0.039980 -1.647080
v -0.080810 -0.034110 -1.647080
v -0.085530 -0.034830 -1.650320
v -0.081370 -0.032890 -1.650320
v -0.082230 -0.041920 -1.647080
v -0.077500 -0.041190 -1.650320
v -0.081660 -0.043130 -1.650320
v -0.078070 -0.039980 -1.653560
v -0.082230 -0.041920 -1.653560
v -0.079440 -0.037040 -1.654900
v -0.083600 -0.038990 -1.654900
v -0.080810 -0.034110 -1.653560
v -0.084970 -0.036050 -1.653560
v -0.081370 -0.032890 -1.650320
v -0.085530 -0.034830 -1.650320
v -0.083600 -0.038990 -1.645740
v -0.084480 -0.039390 -1.650320
v -0.084970 -0.036050 -1.647080
v -0.085530 -0.034830 -1.650320
v -0.082230 -0.041920 -1.647080
v -0.084970 -0.036050 -1.653560
v -0.081660 -0.043130 -1.650320
v -0.083600 -0.038990 -1.654900
v -0.082230 -0.041920 -1.653560
v -0.036050 0.084970 -1.647080
v -0.037040 0.079440 -1.645740
v -0.038980 0.083600 -1.645740
v -0.039980 0.078070 -1.647080
v -0.034110 0.080810 -1.647080
v -0.034830 0.085530 -1.650320
v -0.032890 0.081370 -1.650320
v -0.041920 0.082230 -1.647080
v -0.041190 0.077500 -1.650320
v -0.043130 0.081660 -1.650320
v -0.039980 0.078070 -1.653560
v -0.041920 0.082230 -1.653560
v -0.037040 0.079440 -1.654900
v -0.038980 0.083600 -1.654900
v -0.034110 0.080810 -1.653560
v -0.036050 0.084970 -1.653560
v -0.032890 0.081370 -1.650320
v -0.034830 0.085530 -1.650320
v -0.038980 0.083600 -1.645740
v -0.039390 0.084480 -1.650320
v -0.036050 0.084970 -1.647080
v -0.034830 0.085530 -1.650320
v -0.041920 0.082230 -1.647080
v -0.036050 0.084970 -1.653560
v -0.043130 0.081660 -1.650320
v -0.038980 0.083600 -1.654900
v -0.041920 0.082230 -1.653560
v -0.036050 0.084970 -1.702540
v -0.037040 0.079440 -1.701200
v -0.038980 0.083600 -1.701200
v -0.039980 0.078070 -1.702540
v -0.034110 0.080810 -1.702540
v -0.034830 0.085530 -1.705780
v -0.032890 0.081370 -1.705780
v -0.041920 0.082230 -1.702540
v -0.041190 0.077500 -1.705780
v -0.043130 0.081660 -1.705780
v -0.039980 0.078070 -1.709020
v -0.041920 0.082230 -1.709020
v -0.037040 0.079440 -1.710360
v -0.038980 0.083600 -1.710360
v -0.034110 0.080810 -1.709020
v -0.036050 0.084970 -1.709020
v -0.032890 0.081370 -1.705780
v -0.034830 0.085530 -1.705780
v -0.038980 0.083600 -1.701200
v -0.039390 0.084480 -1.705780
v -0.036050 0.084970 -1.702540
v -0.034830 0.085530 -1.705780
v -0.041920 0.082230 -1.702540
v -0.036050 0.084970 -1.709020
v -0.043130 0.081660 -1.705780
v -0.038980 0.083600 -1.710360
v -0.041920 0.082230 -1.709020
v -0.020750 0.089940 -1.726390
v -0.022690 0.084660 -1.725050
v -0.023880 0.089100 -1.725050
v -0.025820 0.083820 -1.726390
v -0.019550 0.085500 -1.726390
v -0.019450 0.090280 -1.729630
v -0.018260 0.085840 -1.729630
v -0.027000 0.088260 -1.726390
v -0.027110 0.083480 -1.729630
v -0.028300 0.087910 -1.729630
v -0.025820 0.083820 -1.732870
v -0.027000 0.088260 -1.732870
v -0.022690 0.084660 -1.734210
v -0.023880 0.089100 -1.734210
v -0.019550 0.085500 -1.732870
v -0.020750 0.089940 -1.732870
v -0.018260 0.085840 -1.729630
v -0.019450 0.090280 -1.729630
v -0.023880 0.089100 -1.725050
v -0.024120 0.090040 -1.729630
v -0.020750 0.089940 -1.726390
v -0.019450 0.090280 -1.729630
v -0.027000 0.088260 -1.726390
v -0.020750 0.089940 -1.732870
v -0.028300 0.087910 -1.729630
v -0.023880 0.089100 -1.734210
v -0.027000 0.088260 -1.732870
v 0.027000 0.088260 -1.726390
v 0.022690 0.084660 -1.725050
v 0.023880 0.089100 -1.725050
v 0.019550 0.085500 -1.726390
v 0.025820 0.083820 -1.726390
v 0.028300 0.087910 -1.729630
v 0.027110 0.083480 -1.729630
v 0.020740 0.089940 -1.726390
v 0.018260 0.085840 -1.729630
v 0.019450 0.090280 -1.729630
v 0.019550 0.085500 -1.732870
v 0.020740 0.089940 -1.732870
v 0.022690 0.084660 -1.734210
v 0.023880 0.089100 -1.734210
v 0.025820 0.083820 -1.732870
v 0.027000 0.088260 -1.732870
v 0.027110 0.083480 -1.729630
v 0.028300 0.087910 -1.729630
v 0.023880 0.089100 -1.725050
v 0.024120 0.090040 -1.729630
v 0.027000 0.088260 -1.726390
v 0.028300 0.087910 -1.729630
v 0.020740 0.089940 -1.726390
v 0.027000 0.088260 -1.732870
v 0.019450 0.090280 -1.729630
v 0.023880 0.089100 -1.734210
v 0.020740 0.089940 -1.732870
v 0.041920 0.082230 -1.702540
v 0.037040 0.079440 -1.701200
v 0.038990 0.083600 -1.701200
v 0.034110 0.080810 -1.702540
v 0.039980 0.078070 -1.702540
v 0.043130 0.081660 -1.705780
v 0.041190 0.077500 -1.705780
v 0.036050 0.084970 -1.702540
v 0.032890 0.081370 -1.705780
v 0.034830 0.085530 -1.705780
v 0.034110 0.080810 -1.709020
v 0.036050 0.084970 -1.709020
v 0.037040 0.079440 -1.710360
v 0.038990 0.083600 -1.710360
v 0.039980 0.078070 -1.709020
v 0.041920 0.082230 -1.709020
v 0.041190 0.077500 -1.705780
v 0.043130 0.081660 -1.705780
v 0.038990 0.083600 -1.701200
v 0.039400 0.084480 -1.705780
v 0.041920 0.082230 -1.702540
v 0.043130 0.081660 -1.705780
v 0.036050 0.084970 -1.702540
v 0.041920 0.082230 -1.709020
v 0.034830 0.085530 -1.705780
v 0.038990 0.083600 -1.710360
v 0.036050 0.084970 -1.709020
v 0.041920 0.082230 -1.647080
v 0.037040 0.079440 -1.645740
v 0.038990 0.083600 -1.645740
v 0.034110 0.080810 -1.647080
v 0.039980 0.078070 -1.647080
v 0.043130 0.081660 -1.650320
v 0.041190 0.077500 -1.650320
v 0.036050 0.084970 -1.647080
v 0.032890 0.081370 -1.650320
v 0.034830 0.085530 -1.650320
v 0.034110 0.080810 -1.653560
v 0.036050 0.084970 -1.653560
v 0.037040 0.079440 -1.654900
v 0.038990 0.083600 -1.654900
v 0.039980 0.078070 -1.653560
v 0.041920 0.082230 -1.653560
v 0.041190 0.077500 -1.650320
v 0.043130 0.081660 -1.650320
v 0.038990 0.083600 -1.645740
v 0.039400 0.084480 -1.650320
v 0.041920 0.082230 -1.647080
v 0.043130 0.081660 -1.650320
v 0.036050 0.084970 -1.647080
v 0.041920 0.082230 -1.653560
v 0.034830 0.085530 -1.650320
v 0.038990 0.083600 -1.654900
v 0.036050 0.084970 -1.653560
v 0.084970 0.036050 -1.702540
v 0.079440 0.037040 -1.701200
v 0.083600 0.038990 -1.701200
v 0.078070 0.039980 -1.702540
v 0.080810 0.034110 -1.702540
v 0.085530 0.034830 -1.705780
v 0.081370 0.032890 -1.705780
v 0.082230 0.041920 -1.702540
v 0.077500 0.041190 -1.705780
v 0.081660 0.043130 -1.705780
v 0.078070 0.039980 -1.709020
v 0.082230 0.041920 -1.709020
v 0.079440 0.037040 -1.710360
v 0.083600 0.038990 -1.710360
v 0.080810 0.034110 -1.709020
v 0.084970 0.036050 -1.709020
v 0.081370 0.032890 -1.705780
v 0.085530 0.034830 -1.705780
v 0.083600 0.038990 -1.701200
v 0.084480 0.039390 -1.705780
v 0.084970 0.036050 -1.702540
v 0.085530 0.034830 -1.705780
v 0.082230 0.041920 -1.702540
v 0.084970 0.036050 -1.709020
v 0.081660 0.043130 -1.705780
v 0.083600 0.038990 -1.710360
v 0.082230 0.041920 -1.709020
v -0.048930 -0.078260 -1.647080
v -0.043820 -0.075910 -1.645740
v -0.046120 -0.079880 -1.645740
v -0.041020 -0.077520 -1.647080
v -0.046630 -0.074280 -1.647080
v -0.050080 -0.077590 -1.650320
v -0.047790 -0.073620 -1.650320
v -0.043310 -0.081500 -1.647080
v -0.039860 -0.078190 -1.650320
v -0.042150 -0.082180 -1.650320
v -0.041020 -0.077520 -1.653560
v -0.043310 -0.081500 -1.653560
v -0.043820 -0.075910 -1.654900
v -0.046120 -0.079880 -1.654900
v -0.046630 -0.074280 -1.653560
v -0.048930 -0.078260 -1.653560
v -0.047790 -0.073620 -1.650320
v -0.050080 -0.077590 -1.650320
v -0.046120 -0.079880 -1.645740
v -0.046610 -0.080730 -1.650320
v -0.048930 -0.078260 -1.647080
v -0.050080 -0.077590 -1.650320
v -0.043310 -0.081500 -1.647080
v -0.048930 -0.078260 -1.653560
v -0.042150 -0.082180 -1.650320
v -0.046120 -0.079880 -1.654900
v -0.043310 -0.081500 -1.653560
v -0.048930 -0.078260 -1.702540
v -0.043820 -0.075910 -1.701200
v -0.046120 -0.079880 -1.701200
v -0.041020 -0.077520 -1.702540
v -0.046630 -0.074280 -1.702540
v -0.050080 -0.077590 -1.705780
v -0.047790 -0.073620 -1.705780
v -0.043310 -0.081500 -1.702540
v -0.039860 -0.078190 -1.705780
v -0.042150 -0.082180 -1.705780
v -0.041020 -0.077520 -1.709020
v -0.043310 -0.081500 -1.709020
v -0.043820 -0.075910 -1.710360
v -0.046120 -0.079880 -1.710360
v -0.046630 -0.074280 -1.709020
v -0.048930 -0.078260 -1.709020
v -0.047790 -0.073620 -1.705780
v -0.050080 -0.077590 -1.705780
v -0.046120 -0.079880 -1.701200
v -0.046610 -0.080730 -1.705780
v -0.048930 -0.078260 -1.702540
v -0.050080 -0.077590 -1.705780
v -0.043310 -0.081500 -1.702540
v -0.048930 -0.078260 -1.709020
v -0.042150 -0.082180 -1.705780
v -0.046120 -0.079880 -1.710360
v -0.043310 -0.081500 -1.709020
v 0.000000 -0.087960 0.474870
v -0.007180 -0.091260 0.472810
v -0.007180 -0.087630 0.472810
v 0.000000 -0.091550 0.474260
v 0.007180 -0.091260 0.472810
v 0.007180 -0.087630 0.472810
v -0.035180 -0.086050 -1.630100
v -0.035180 -0.081230 -1.638870
v -0.035180 -0.081230 -1.630100
v -0.035180 -0.081230 0.084510
v -0.035180 -0.086050 0.084510
v -0.032060 -0.086950 0.084510
v -0.032060 -0.086940 -1.630100
v -0.032060 -0.086940 -1.638870
v -0.035180 -0.086050 -1.638870
v -0.032060 -0.086940 -1.648810
v -0.035180 -0.086050 -1.648810
v -0.035180 -0.081230 -1.648810
v -0.032060 -0.086940 -1.681040
v -0.035180 -0.086050 -1.681040
v -0.035180 -0.081230 -1.681040
v -0.032060 -0.086940 -1.712820
v -0.035180 -0.086050 -1.712820
v -0.035180 -0.081230 -1.712820
v -0.032060 -0.086940 -1.741360
v -0.035180 -0.081230 -1.741360
v -0.035180 -0.086050 -1.741360
v -0.012710 -0.102780 -1.638870
v -0.022030 -0.101250 -1.630100
v -0.013030 -0.102750 -1.630100
v -0.022040 -0.101230 0.084510
v -0.013340 -0.102680 0.084510
v -0.026060 -0.100570 0.084510
v 0.000010 -0.103710 -1.630100
v 0.000010 -0.103640 0.084510
v 0.013330 -0.102970 0.084510
v 0.013020 -0.103060 -1.630100
v 0.022040 -0.101300 0.084510
v 0.012700 -0.103080 -1.638870
v 0.022040 -0.101340 -1.630100
v 0.026060 -0.100570 0.084510
v 0.026060 -0.100570 -1.630100
v 0.029730 -0.098270 0.084510
v 0.022030 -0.101350 -1.638810
v 0.000010 -0.103710 -1.638870
v 0.029680 -0.098230 -1.630100
v 0.032060 -0.094570 0.084510
v 0.032060 -0.094570 -1.630100
v 0.029680 -0.098230 -1.638870
v 0.032060 -0.090760 0.084510
v 0.026060 -0.100570 -1.638810
v 0.032060 -0.094570 -1.638870
v 0.022030 -0.101980 -1.648810
v 0.029380 -0.099030 -1.648760
v 0.032010 -0.094570 -1.648810
v 0.032060 -0.090760 -1.638870
v 0.032060 -0.090760 -1.630100
v 0.032060 -0.086950 0.084510
v 0.032060 -0.086940 -1.630100
v 0.032060 -0.086940 -1.638870
v 0.032030 -0.090760 -1.648810
v 0.032060 -0.086940 -1.648810
v 0.032060 -0.086940 -1.681040
v 0.031880 -0.094570 -1.681040
v 0.031970 -0.090760 -1.681040
v 0.032060 -0.086940 -1.712820
v 0.028510 -0.100920 -1.681040
v 0.031780 -0.094570 -1.712820
v 0.031920 -0.090760 -1.712820
v 0.032060 -0.086940 -1.741360
v 0.031880 -0.090760 -1.741360
v 0.031710 -0.094570 -1.741360
v 0.027680 -0.102690 -1.712820
v 0.026640 -0.103850 -1.741360
v 0.021050 -0.105010 -1.681040
v 0.020110 -0.107850 -1.712820
v 0.018900 -0.109000 -1.741360
v 0.012260 -0.103930 -1.648810
v 0.010990 -0.107440 -1.681040
v -0.000000 -0.104630 -1.648810
v 0.010000 -0.110540 -1.712820
v 0.009430 -0.112030 -1.741360
v -0.000000 -0.108380 -1.681040
v -0.012270 -0.103700 -1.648810
v -0.000000 -0.111410 -1.712820
v -0.000000 -0.113080 -1.741360
v -0.009430 -0.112030 -1.741360
v -0.010000 -0.110540 -1.712820
v -0.018900 -0.109000 -1.741360
v -0.011000 -0.107380 -1.681040
v -0.020110 -0.107850 -1.712820
v -0.026640 -0.103850 -1.741360
v -0.021050 -0.105030 -1.681040
v -0.027680 -0.102690 -1.712820
v -0.031710 -0.094570 -1.741360
v -0.022030 -0.101960 -1.648810
v -0.028500 -0.100920 -1.681040
v -0.022030 -0.101230 -1.638810
v -0.026060 -0.100570 -1.638810
v -0.029380 -0.099030 -1.648760
v -0.026060 -0.100570 -1.630100
v -0.029680 -0.098230 -1.638870
v -0.029680 -0.098230 -1.630100
v -0.029730 -0.098270 0.084510
v -0.032060 -0.094570 0.084510
v -0.032060 -0.094570 -1.630100
v -0.032060 -0.090760 0.084510
v -0.032010 -0.094570 -1.648810
v -0.032060 -0.094570 -1.638870
v -0.031880 -0.094570 -1.681040
v -0.032030 -0.090760 -1.648810
v -0.032060 -0.090760 -1.638870
v -0.032060 -0.090760 -1.630100
v -0.032060 -0.086940 -1.630100
v -0.032060 -0.086950 0.084510
v -0.032060 -0.086940 -1.638870
v -0.032060 -0.086940 -1.648810
v -0.031970 -0.090760 -1.681040
v -0.032060 -0.086940 -1.681040
v -0.031780 -0.094570 -1.712820
v -0.031920 -0.090760 -1.712820
v -0.032060 -0.086940 -1.712820
v -0.031880 -0.090760 -1.741360
v -0.032060 -0.086940 -1.741360
v -0.032060 -0.090760 0.425720
v -0.032060 -0.086950 0.420360
v -0.032060 -0.086950 0.425720
v -0.032060 -0.090760 0.420360
v -0.032060 -0.086950 0.197840
v -0.031290 -0.090770 0.431530
v -0.031290 -0.087070 0.431530
v -0.028970 -0.090820 0.436670
v -0.028980 -0.087470 0.436670
v -0.023530 -0.088420 0.445720
v -0.023530 -0.090930 0.445720
v -0.018070 -0.089370 0.454770
v -0.028970 -0.094150 0.436670
v -0.031290 -0.094460 0.431530
v -0.032060 -0.094570 0.425720
v -0.018070 -0.091240 0.454770
v -0.012610 -0.090320 0.463810
v -0.029800 -0.098310 0.425720
v -0.012610 -0.091560 0.463810
v -0.007180 -0.091260 0.472810
v -0.012100 -0.092790 0.463810
v -0.017050 -0.094330 0.454770
v -0.018060 -0.092500 0.454770
v -0.022000 -0.095870 0.445720
v -0.023530 -0.093430 0.445720
v -0.026950 -0.097420 0.436670
v -0.029080 -0.098090 0.431530
v -0.032060 -0.094570 0.420360
v -0.031660 -0.095210 0.280450
v -0.031880 -0.093690 0.279050
v -0.029740 -0.098280 0.282400
v -0.031620 -0.095260 0.277650
v -0.032060 -0.090760 0.197840
v -0.032060 -0.086950 0.084510
v -0.032060 -0.090760 0.084510
v -0.029740 -0.098280 0.420360
v -0.026060 -0.100570 0.420360
v -0.026980 -0.100000 0.282460
v -0.025000 -0.100750 0.280500
v -0.032060 -0.093690 0.102940
v -0.032060 -0.094570 0.084510
v -0.032060 -0.094570 0.197840
v -0.029650 -0.098330 0.275750
v -0.031620 -0.095260 0.101600
v -0.029650 -0.098330 0.099650
v -0.031660 -0.095210 0.104340
v -0.029730 -0.098270 0.084510
v -0.026890 -0.100050 0.099700
v -0.026060 -0.100570 0.084510
v -0.024970 -0.100750 0.101660
v -0.022040 -0.101230 0.084510
v -0.029740 -0.098280 0.197840
v -0.029730 -0.098280 0.106290
v -0.026890 -0.100050 0.275810
v -0.026980 -0.100000 0.106350
v -0.026060 -0.100570 0.197840
v -0.024970 -0.100750 0.277760
v -0.025000 -0.100750 0.104450
v -0.022040 -0.101230 0.197840
v -0.022040 -0.101230 0.420360
v -0.013370 -0.102670 0.197840
v -0.013370 -0.102670 0.420360
v -0.013340 -0.102680 0.084510
v -0.022040 -0.101230 0.425720
v 0.000010 -0.103640 0.197840
v 0.000010 -0.103640 0.084510
v 0.000010 -0.103640 0.420360
v 0.000010 -0.103590 0.425720
v 0.013360 -0.102960 0.197840
v 0.013330 -0.102970 0.084510
v 0.013360 -0.102960 0.420360
v 0.022040 -0.101280 0.197840
v 0.022040 -0.101300 0.084510
v 0.013350 -0.102930 0.425720
v 0.024970 -0.100750 0.101660
v 0.026060 -0.100570 0.084510
v 0.026890 -0.100050 0.099700
v 0.029730 -0.098270 0.084510
v 0.029650 -0.098330 0.099650
v 0.032060 -0.094570 0.084510
v 0.031620 -0.095260 0.101600
v 0.025000 -0.100750 0.104450
v 0.032060 -0.093690 0.102940
v 0.032060 -0.090760 0.084510
v 0.031660 -0.095210 0.104340
v 0.032060 -0.086950 0.197840
v 0.032060 -0.086950 0.084510
v 0.032060 -0.090760 0.197840
v 0.032060 -0.086950 0.420360
v 0.032060 -0.094570 0.197840
v 0.029740 -0.098280 0.197840
v 0.029730 -0.098280 0.106290
v 0.031620 -0.095260 0.277650
v 0.029650 -0.098330 0.275750
v 0.031880 -0.093690 0.279050
v 0.026890 -0.100050 0.275810
v 0.031660 -0.095210 0.280450
v 0.026980 -0.100000 0.106350
v 0.026060 -0.100570 0.197840
v 0.024970 -0.100750 0.277760
v 0.025000 -0.100750 0.280500
v 0.022040 -0.101280 0.420360
v 0.026060 -0.100570 0.420360
v 0.026980 -0.100000 0.282460
v 0.022040 -0.101300 0.425720
v 0.029740 -0.098280 0.282400
v 0.029740 -0.098280 0.420360
v 0.026060 -0.100570 0.425720
v 0.013030 -0.102600 0.431590
v 0.032060 -0.094570 0.420360
v 0.032060 -0.090760 0.420360
v 0.032060 -0.090760 0.425720
v 0.032060 -0.086950 0.425720
v 0.032060 -0.094570 0.425720
v 0.031290 -0.087070 0.431530
v 0.029800 -0.098310 0.425720
v 0.031290 -0.094460 0.431530
v 0.031290 -0.090770 0.431530
v 0.028980 -0.087470 0.436670
v 0.029080 -0.098090 0.431530
v 0.028970 -0.094150 0.436670
v 0.026950 -0.097420 0.436670
v 0.022000 -0.095870 0.445720
v 0.028970 -0.090820 0.436670
v 0.023520 -0.093430 0.445720
v 0.017050 -0.094330 0.454770
v 0.023520 -0.090930 0.445720
v 0.023520 -0.088420 0.445720
v 0.018070 -0.091240 0.454770
v 0.018070 -0.089370 0.454770
v 0.018060 -0.092500 0.454770
v 0.012100 -0.092790 0.463810
v 0.012610 -0.091560 0.463810
v 0.012610 -0.090320 0.463810
v 0.007180 -0.091260 0.472810
v -0.032060 -0.086950 0.420360
v -0.035180 -0.086050 0.425720
v -0.032060 -0.086950 0.425720
v -0.031290 -0.087070 0.431530
v -0.034310 -0.086210 0.431480
v -0.028980 -0.087470 0.436670
v -0.035180 -0.086050 0.420360
v -0.035180 -0.081230 0.420360
v -0.035180 -0.081230 0.425720
v -0.035180 -0.081230 0.197840
v -0.034310 -0.081420 0.431480
v -0.031690 -0.081980 0.436610
v -0.035180 -0.086050 0.197840
v -0.035180 -0.081230 0.084510
v -0.032060 -0.086950 0.197840
v -0.035180 -0.086050 0.084510
v -0.032060 -0.086950 0.084510
v -0.031690 -0.086670 0.436610
v -0.025570 -0.083390 0.445720
v -0.025560 -0.087810 0.445720
v -0.023530 -0.088420 0.445720
v -0.019440 -0.084800 0.454770
v -0.019420 -0.088970 0.454770
v -0.018070 -0.089370 0.454770
v -0.013310 -0.086220 0.463810
v -0.013280 -0.090120 0.463810
v -0.012610 -0.090320 0.463810
v -0.007180 -0.091260 0.472810
v -0.007180 -0.087630 0.472810
v -0.012230 -0.101300 0.436670
v -0.021680 -0.100890 0.431590
v -0.020290 -0.099930 0.436670
v -0.016380 -0.100310 0.437560
v -0.013940 -0.100290 0.439020
v -0.019070 -0.099670 0.438180
v -0.013180 -0.099620 0.441700
v -0.023620 -0.099360 0.436670
v -0.020440 -0.098740 0.440470
v -0.025440 -0.100260 0.431590
v -0.029080 -0.098090 0.431530
v -0.026950 -0.097420 0.436670
v -0.022000 -0.095870 0.445720
v -0.026060 -0.100570 0.425720
v -0.019510 -0.097330 0.445720
v -0.019690 -0.098080 0.443150
v -0.017050 -0.094330 0.454770
v -0.017250 -0.098060 0.444600
v -0.015190 -0.095340 0.454770
v -0.012100 -0.092790 0.463810
v -0.017020 -0.097760 0.445720
v -0.010860 -0.093340 0.463810
v -0.007180 -0.091260 0.472810
v -0.013940 -0.095550 0.454770
v -0.010860 -0.098810 0.445720
v -0.014560 -0.098700 0.443990
v -0.009630 -0.096290 0.454770
v -0.008400 -0.093760 0.463810
v 0.000000 -0.099700 0.445720
v 0.000000 -0.094550 0.463810
v 0.000000 -0.097130 0.454770
v 0.000000 -0.091550 0.474260
v 0.000000 -0.102210 0.436670
v 0.008400 -0.093830 0.463810
v 0.007180 -0.091260 0.472810
v 0.009630 -0.096370 0.454770
v 0.010860 -0.098900 0.445720
v 0.010860 -0.093360 0.463810
v 0.012100 -0.092790 0.463810
v 0.017050 -0.094330 0.454770
v 0.013930 -0.095570 0.454770
v 0.015190 -0.095340 0.454770
v 0.022000 -0.095870 0.445720
v 0.017020 -0.097790 0.445720
v 0.019510 -0.097330 0.445720
v 0.026950 -0.097420 0.436670
v 0.017250 -0.098060 0.444600
v 0.014560 -0.098700 0.443990
v 0.019690 -0.098080 0.443150
v 0.013180 -0.099620 0.441700
v 0.020440 -0.098740 0.440470
v 0.012230 -0.101430 0.436670
v 0.013940 -0.100290 0.439020
v 0.016380 -0.100310 0.437560
v 0.023620 -0.099360 0.436670
v 0.019070 -0.099670 0.438180
v 0.020290 -0.099960 0.436670
v 0.029080 -0.098090 0.431530
v 0.021680 -0.100970 0.431590
v 0.025440 -0.100260 0.431590
v 0.000010 -0.103250 0.431590
v -0.013040 -0.102310 0.431590
v -0.013360 -0.102650 0.425720
v -0.035180 -0.081230 -1.741360
v -0.032060 -0.086940 -1.741360
v -0.032060 -0.082330 -1.741360
v -0.035180 -0.086050 -1.741360
v 0.035180 -0.086050 -1.630100
v 0.035180 -0.081230 -1.638870
v 0.035180 -0.086050 -1.638870
v 0.035180 -0.081230 -1.630100
v 0.035180 -0.081230 0.084510
v 0.035180 -0.086050 0.084510
v 0.032060 -0.086940 -1.630100
v 0.032060 -0.086950 0.084510
v 0.032060 -0.086940 -1.638870
v 0.032060 -0.086940 -1.648810
v 0.035180 -0.086050 -1.648810
v 0.035180 -0.081230 -1.648810
v 0.032060 -0.086940 -1.681040
v 0.035180 -0.086050 -1.681040
v 0.035180 -0.081230 -1.681040
v 0.032060 -0.086940 -1.712820
v 0.035180 -0.086050 -1.712820
v 0.035180 -0.081230 -1.712820
v 0.032060 -0.086940 -1.741360
v 0.035180 -0.081230 -1.741360
v 0.035180 -0.086050 -1.741360
v 0.035180 -0.086050 0.425720
v 0.032060 -0.086950 0.420360
v 0.032060 -0.086950 0.425720
v 0.031290 -0.087070 0.431530
v 0.035180 -0.086050 0.420360
v 0.034310 -0.086210 0.431480
v 0.032060 -0.086950 0.197840
v 0.035180 -0.081230 0.425720
v 0.035180 -0.081230 0.420360
v 0.034310 -0.081420 0.431480
v 0.028980 -0.087470 0.436670
v 0.031690 -0.081980 0.436610
v 0.035180 -0.086050 0.197840
v 0.032060 -0.086950 0.084510
v 0.035180 -0.081230 0.197840
v 0.035180 -0.086050 0.084510
v 0.035180 -0.081230 0.084510
v 0.031690 -0.086670 0.436610
v 0.025570 -0.083390 0.445720
v 0.025560 -0.087810 0.445720
v 0.023520 -0.088420 0.445720
v 0.018070 -0.089370 0.454770
v 0.019420 -0.088970 0.454770
v 0.019440 -0.084800 0.454770
v 0.012610 -0.090320 0.463810
v 0.013280 -0.090120 0.463810
v 0.013310 -0.086220 0.463810
v 0.007180 -0.091260 0.472810
v 0.007180 -0.087630 0.472810
v 0.035180 -0.081230 -1.741360
v 0.032060 -0.086940 -1.741360
v 0.035180 -0.086050 -1.741360
v 0.032060 -0.082330 -1.741360
v -0.026890 -0.100050 0.275810
v -0.024970 -0.091860 0.277760
v -0.024970 -0.100750 0.277760
v -0.025000 -0.100750 0.280500
v -0.026890 -0.091860 0.275810
v -0.025000 -0.091860 0.280500
v -0.029650 -0.098330 0.275750
v -0.026980 -0.100000 0.282460
v -0.029650 -0.091860 0.275750
v -0.031620 -0.091860 0.277650
v -0.031620 -0.095260 0.277650
v -0.026980 -0.091860 0.282460
v -0.029740 -0.098280 0.282400
v -0.029730 -0.091850 0.282400
v -0.031660 -0.095210 0.280450
v -0.031660 -0.091850 0.280450
v -0.031620 -0.091860 0.277650
v -0.031620 -0.095260 0.277650
v -0.026890 -0.100050 0.099700
v -0.024970 -0.091860 0.101660
v -0.024970 -0.100750 0.101660
v -0.025000 -0.100750 0.104450
v -0.026890 -0.091860 0.099700
v -0.025000 -0.091860 0.104450
v -0.029650 -0.098330 0.099650
v -0.026980 -0.100000 0.106350
v -0.029650 -0.091860 0.099650
v -0.026980 -0.091860 0.106350
v -0.031620 -0.095260 0.101600
v -0.029730 -0.098280 0.106290
v -0.031620 -0.091860 0.101600
v -0.031660 -0.095210 0.104340
v -0.031660 -0.091850 0.104340
v -0.029730 -0.091850 0.106290
v -0.031660 -0.095210 0.104340
v -0.031660 -0.091850 0.104340
v -0.031620 -0.091860 0.277650
v -0.026890 -0.091860 0.275810
v -0.029650 -0.091860 0.275750
v -0.029730 -0.091850 0.282400
v -0.031660 -0.091850 0.280450
v -0.025000 -0.091860 0.280500
v -0.026980 -0.091860 0.282460
v -0.024970 -0.091860 0.277760
v -0.031620 -0.091860 0.101600
v -0.026890 -0.091860 0.099700
v -0.029650 -0.091860 0.099650
v -0.029730 -0.091850 0.106290
v -0.031660 -0.091850 0.104340
v -0.025000 -0.091860 0.104450
v -0.026980 -0.091860 0.106350
v -0.024970 -0.091860 0.101660
v -0.025860 -0.091580 0.280220
v -0.027320 -0.094120 0.281620
v -0.027320 -0.091570 0.281620
v -0.025860 -0.094130 0.280220
v -0.025830 -0.091580 0.278160
v -0.025830 -0.094130 0.278160
v -0.027260 -0.091580 0.276700
v -0.027260 -0.094130 0.276700
v -0.029300 -0.091580 0.276650
v -0.029300 -0.094130 0.276650
v -0.030760 -0.091570 0.278100
v -0.030760 -0.094120 0.278100
v -0.030790 -0.091570 0.280110
v -0.030790 -0.094120 0.280110
v -0.029370 -0.091570 0.281620
v -0.029370 -0.094120 0.281620
v -0.027320 -0.091570 0.281620
v -0.027320 -0.094120 0.281620
v -0.025860 -0.094130 0.280220
v -0.028310 -0.094860 0.279160
v -0.027320 -0.094120 0.281620
v -0.029370 -0.094120 0.281620
v -0.025830 -0.094130 0.278160
v -0.030790 -0.094120 0.280110
v -0.027260 -0.094130 0.276700
v -0.030760 -0.094120 0.278100
v -0.029300 -0.094130 0.276650
v -0.014560 -0.096030 0.443990
v -0.019070 -0.096050 0.438230
v -0.017250 -0.096030 0.444600
v -0.019690 -0.096030 0.443150
v -0.020440 -0.096030 0.440520
v -0.016380 -0.096050 0.437620
v -0.013940 -0.096050 0.439070
v -0.013180 -0.096050 0.441700
v -0.019070 -0.096050 0.438230
v -0.020440 -0.098740 0.440470
v -0.020440 -0.096030 0.440520
v -0.019690 -0.098080 0.443150
v -0.019070 -0.099670 0.438180
v -0.019690 -0.096030 0.443150
v -0.017250 -0.098060 0.444600
v -0.017250 -0.096030 0.444600
v -0.016380 -0.096050 0.437620
v -0.016380 -0.100310 0.437560
v -0.013940 -0.096050 0.439070
v -0.013940 -0.100290 0.439020
v -0.013180 -0.096050 0.441700
v -0.013180 -0.099620 0.441700
v -0.014560 -0.096030 0.443990
v -0.014560 -0.098700 0.443990
v -0.017250 -0.096030 0.444600
v -0.017250 -0.098060 0.444600
v 0.026890 -0.100050 0.275810
v 0.024970 -0.091860 0.277760
v 0.026890 -0.091860 0.275810
v 0.024970 -0.100750 0.277760
v 0.029650 -0.098330 0.275750
v 0.025000 -0.100750 0.280500
v 0.029650 -0.091860 0.275750
v 0.031620 -0.091860 0.277650
v 0.031620 -0.095260 0.277650
v 0.025000 -0.091860 0.280500
v 0.026980 -0.100000 0.282460
v 0.026980 -0.091860 0.282460
v 0.029740 -0.098280 0.282400
v 0.029730 -0.091850 0.282400
v 0.031660 -0.095210 0.280450
v 0.031660 -0.091850 0.280450
v 0.031620 -0.091860 0.277650
v 0.031620 -0.095260 0.277650
v 0.026890 -0.100050 0.099700
v 0.024970 -0.091860 0.101660
v 0.026890 -0.091860 0.099700
v 0.024970 -0.100750 0.101660
v 0.029650 -0.098330 0.099650
v 0.025000 -0.100750 0.104450
v 0.029650 -0.091860 0.099650
v 0.025000 -0.091860 0.104450
v 0.031620 -0.095260 0.101600
v 0.026980 -0.100000 0.106350
v 0.031620 -0.091860 0.101600
v 0.031660 -0.095210 0.104340
v 0.031660 -0.091850 0.104340
v 0.026980 -0.091860 0.106350
v 0.029730 -0.098280 0.106290
v 0.029730 -0.091850 0.106290
v 0.031660 -0.095210 0.104340
v 0.031660 -0.091850 0.104340
v 0.031620 -0.091860 0.277650
v 0.029730 -0.091850 0.282400
v 0.031660 -0.091850 0.280450
v 0.026890 -0.091860 0.275810
v 0.029650 -0.091860 0.275750
v 0.025000 -0.091860 0.280500
v 0.024970 -0.091860 0.277760
v 0.026980 -0.091860 0.282460
v 0.031620 -0.091860 0.101600
v 0.029730 -0.091850 0.106290
v 0.031660 -0.091850 0.104340
v 0.026890 -0.091860 0.099700
v 0.029650 -0.091860 0.099650
v 0.025000 -0.091860 0.104450
v 0.024970 -0.091860 0.101660
v 0.026980 -0.091860 0.106350
v 0.014560 -0.096030 0.443990
v 0.013940 -0.096050 0.439070
v 0.013180 -0.096050 0.441700
v 0.016380 -0.096050 0.437620
v 0.019070 -0.096050 0.438230
v 0.017250 -0.096030 0.444600
v 0.019690 -0.096030 0.443150
v 0.020440 -0.096030 0.440520
v 0.019070 -0.096050 0.438230
v 0.020440 -0.098740 0.440470
v 0.019070 -0.099670 0.438180
v 0.020440 -0.096030 0.440520
v 0.016380 -0.096050 0.437620
v 0.019690 -0.098080 0.443150
v 0.016380 -0.100310 0.437560
v 0.019690 -0.096030 0.443150
v 0.017250 -0.098060 0.444600
v 0.017250 -0.096030 0.444600
v 0.013940 -0.096050 0.439070
v 0.013940 -0.100290 0.439020
v 0.013180 -0.096050 0.441700
v 0.013180 -0.099620 0.441700
v 0.014560 -0.096030 0.443990
v 0.014560 -0.098700 0.443990
v 0.017250 -0.096030 0.444600
v 0.017250 -0.098060 0.444600
v -0.025860 -0.091580 0.104110
v -0.027320 -0.094120 0.105510
v -0.027320 -0.091570 0.105510
v -0.025860 -0.094130 0.104110
v -0.025830 -0.091580 0.102050
v -0.025830 -0.094130 0.102050
v -0.027260 -0.091580 0.100600
v -0.027260 -0.094130 0.100600
v -0.029300 -0.091580 0.100540
v -0.029300 -0.094130 0.100540
v -0.030760 -0.091570 0.101990
v -0.030760 -0.094120 0.101990
v -0.030790 -0.091570 0.104060
v -0.030790 -0.094120 0.104060
v -0.029370 -0.091570 0.105510
v -0.029370 -0.094120 0.105510
v -0.027320 -0.091570 0.105510
v -0.027320 -0.094120 0.105510
v -0.025860 -0.094130 0.104110
v -0.028310 -0.094860 0.103050
v -0.027320 -0.094120 0.105510
v -0.029370 -0.094120 0.105510
v -0.025830 -0.094130 0.102050
v -0.030790 -0.094120 0.104060
v -0.027260 -0.094130 0.100600
v -0.030760 -0.094120 0.101990
v -0.029300 -0.094130 0.100540
v 0.030720 -0.091580 0.104110
v 0.029260 -0.094120 0.105510
v 0.029260 -0.091570 0.105510
v 0.030720 -0.094130 0.104110
v 0.030750 -0.091580 0.102050
v 0.030750 -0.094130 0.102050
v 0.029330 -0.091580 0.100600
v 0.029330 -0.094130 0.100600
v 0.027280 -0.091580 0.100540
v 0.027280 -0.094130 0.100540
v 0.025820 -0.091570 0.101990
v 0.025820 -0.094120 0.101990
v 0.025790 -0.091570 0.104060
v 0.025790 -0.094120 0.104060
v 0.027210 -0.091570 0.105510
v 0.027210 -0.094120 0.105510
v 0.029260 -0.091570 0.105510
v 0.029260 -0.094120 0.105510
v 0.030720 -0.094130 0.104110
v 0.028270 -0.094860 0.103050
v 0.029260 -0.094120 0.105510
v 0.027210 -0.094120 0.105510
v 0.030750 -0.094130 0.102050
v 0.025790 -0.094120 0.104060
v 0.029330 -0.094130 0.100600
v 0.025820 -0.094120 0.101990
v 0.027280 -0.094130 0.100540
v 0.030720 -0.091580 0.280220
v 0.029260 -0.094120 0.281620
v 0.029260 -0.091570 0.281620
v 0.030720 -0.094130 0.280220
v 0.030750 -0.091580 0.278160
v 0.030750 -0.094130 0.278160
v 0.029330 -0.091580 0.276700
v 0.029330 -0.094130 0.276700
v 0.027280 -0.091580 0.276650
v 0.027280 -0.094130 0.276650
v 0.025820 -0.091570 0.278100
v 0.025820 -0.094120 0.278100
v 0.025790 -0.091570 0.280110
v 0.025790 -0.094120 0.280110
v 0.027210 -0.091570 0.281620
v 0.027210 -0.094120 0.281620
v 0.029260 -0.091570 0.281620
v 0.029260 -0.094120 0.281620
v 0.030720 -0.094130 0.280220
v 0.028270 -0.094860 0.279160
v 0.029260 -0.094120 0.281620
v 0.027210 -0.094120 0.281620
v 0.030750 -0.094130 0.278160
v 0.025790 -0.094120 0.280110
v 0.029330 -0.094130 0.276700
v 0.025820 -0.094120 0.278100
v 0.027280 -0.094130 0.276650
v 0.019240 -0.094510 0.442090
v 0.017780 -0.097050 0.443540
v 0.017780 -0.094510 0.443540
v 0.019240 -0.097060 0.442090
v 0.019270 -0.094510 0.440080
v 0.019270 -0.097060 0.440080
v 0.017840 -0.094510 0.438620
v 0.017840 -0.097060 0.438620
v 0.015800 -0.094510 0.438570
v 0.015800 -0.097060 0.438570
v 0.014340 -0.094510 0.440020
v 0.014340 -0.097050 0.440020
v 0.014310 -0.094500 0.442030
v 0.014310 -0.097040 0.442030
v 0.015740 -0.094500 0.443480
v 0.015740 -0.097040 0.443480
v 0.017780 -0.094510 0.443540
v 0.017780 -0.097050 0.443540
v 0.019240 -0.097060 0.442090
v 0.016790 -0.097790 0.441080
v 0.017780 -0.097050 0.443540
v 0.015740 -0.097040 0.443480
v 0.019270 -0.097060 0.440080
v 0.014310 -0.097040 0.442030
v 0.017840 -0.097060 0.438620
v 0.014340 -0.097050 0.440020
v 0.015800 -0.097060 0.438570
v -0.014370 -0.094510 0.442090
v -0.015840 -0.097050 0.443540
v -0.015840 -0.094510 0.443540
v -0.014370 -0.097060 0.442090
v -0.014350 -0.094510 0.440080
v -0.014350 -0.097060 0.440080
v -0.015780 -0.094510 0.438620
v -0.015780 -0.097060 0.438620
v -0.017810 -0.094510 0.438570
v -0.017810 -0.097060 0.438570
v -0.019280 -0.094510 0.440020
v -0.019280 -0.097050 0.440020
v -0.019310 -0.094500 0.442030
v -0.019310 -0.097040 0.442030
v -0.017880 -0.094500 0.443480
v -0.017880 -0.097040 0.443480
v -0.015840 -0.094510 0.443540
v -0.015840 -0.097050 0.443540
v -0.014370 -0.097060 0.442090
v -0.016830 -0.097790 0.441080
v -0.015840 -0.097050 0.443540
v -0.017880 -0.097040 0.443480
v -0.014350 -0.097060 0.440080
v -0.019310 -0.097040 0.442030
v -0.015780 -0.097060 0.438620
v -0.019280 -0.097050 0.440020
v -0.017810 -0.097060 0.438570
v 0.024490 -0.100220 -0.113100
v 0.023030 -0.102760 -0.111650
v 0.023030 -0.100220 -0.111650
v 0.024490 -0.102770 -0.113100
v 0.024520 -0.100220 -0.115110
v 0.024520 -0.102780 -0.115110
v 0.023090 -0.100220 -0.116620
v 0.023090 -0.102780 -0.116620
v 0.021050 -0.100220 -0.116620
v 0.021050 -0.102770 -0.116620
v 0.019580 -0.100220 -0.115170
v 0.019580 -0.102760 -0.115170
v 0.019560 -0.100210 -0.113160
v 0.019560 -0.102760 -0.113160
v 0.020990 -0.100210 -0.111710
v 0.020990 -0.102760 -0.111710
v 0.023030 -0.100220 -0.111650
v 0.023030 -0.102760 -0.111650
v 0.024490 -0.102770 -0.113100
v 0.022040 -0.103500 -0.114160
v 0.023030 -0.102760 -0.111650
v 0.020990 -0.102760 -0.111710
v 0.024520 -0.102780 -0.115110
v 0.019560 -0.102760 -0.113160
v 0.023090 -0.102780 -0.116620
v 0.019580 -0.102760 -0.115170
v 0.021050 -0.102770 -0.116620
v 0.024490 -0.100220 -0.297090
v 0.023030 -0.102760 -0.295690
v 0.023030 -0.100220 -0.295690
v 0.024490 -0.102770 -0.297090
v 0.024520 -0.100220 -0.299150
v 0.024520 -0.102780 -0.299150
v 0.023090 -0.100220 -0.300610
v 0.023090 -0.102780 -0.300610
v 0.021050 -0.100220 -0.300660
v 0.021050 -0.102770 -0.300660
v 0.019580 -0.100220 -0.299210
v 0.019580 -0.102760 -0.299210
v 0.019560 -0.100210 -0.297140
v 0.019560 -0.102760 -0.297140
v 0.020990 -0.100210 -0.295690
v 0.020990 -0.102760 -0.295690
v 0.023030 -0.100220 -0.295690
v 0.023030 -0.102760 -0.295690
v 0.024490 -0.102770 -0.297090
v 0.022040 -0.103500 -0.298150
v 0.023030 -0.102760 -0.295690
v 0.020990 -0.102760 -0.295690
v 0.024520 -0.102780 -0.299150
v 0.019560 -0.102760 -0.297140
v 0.023090 -0.102780 -0.300610
v 0.019580 -0.102760 -0.299210
v 0.021050 -0.102770 -0.300660
v 0.024490 -0.100220 -0.482300
v 0.023030 -0.102760 -0.480900
v 0.023030 -0.100220 -0.480900
v 0.024490 -0.102770 -0.482300
v 0.024520 -0.100220 -0.484370
v 0.024520 -0.102780 -0.484370
v 0.023090 -0.100220 -0.485820
v 0.023090 -0.102780 -0.485820
v 0.021050 -0.100220 -0.485870
v 0.021050 -0.102770 -0.485870
v 0.019580 -0.100220 -0.484420
v 0.019580 -0.102760 -0.484420
v 0.019560 -0.100210 -0.482350
v 0.019560 -0.102760 -0.482350
v 0.020990 -0.100210 -0.480900
v 0.020990 -0.102760 -0.480900
v 0.023030 -0.100220 -0.480900
v 0.023030 -0.102760 -0.480900
v 0.024490 -0.102770 -0.482300
v 0.022040 -0.103500 -0.483360
v 0.023030 -0.102760 -0.480900
v 0.020990 -0.102760 -0.480900
v 0.024520 -0.102780 -0.484370
v 0.019560 -0.102760 -0.482350
v 0.023090 -0.102780 -0.485820
v 0.019580 -0.102760 -0.484420
v 0.021050 -0.102770 -0.485870
v 0.024490 -0.100220 -0.673770
v 0.023030 -0.102760 -0.672370
v 0.023030 -0.100220 -0.672370
v 0.024490 -0.102770 -0.673770
v 0.024520 -0.100220 -0.675830
v 0.024520 -0.102780 -0.675830
v 0.023090 -0.100220 -0.677290
v 0.023090 -0.102780 -0.677290
v 0.021050 -0.100220 -0.677290
v 0.021050 -0.102770 -0.677290
v 0.019580 -0.100220 -0.675890
v 0.019580 -0.102760 -0.675890
v 0.019560 -0.100210 -0.673820
v 0.019560 -0.102760 -0.673820
v 0.020990 -0.100210 -0.672370
v 0.020990 -0.102760 -0.672370
v 0.023030 -0.100220 -0.672370
v 0.023030 -0.102760 -0.672370
v 0.024490 -0.102770 -0.673770
v 0.022040 -0.103500 -0.674830
v 0.023030 -0.102760 -0.672370
v 0.020990 -0.102760 -0.672370
v 0.024520 -0.102780 -0.675830
v 0.019560 -0.102760 -0.673820
v 0.023090 -0.102780 -0.677290
v 0.019580 -0.102760 -0.675890
v 0.021050 -0.102770 -0.677290
v 0.024490 -0.100220 -0.865290
v 0.023030 -0.102760 -0.863890
v 0.023030 -0.100220 -0.863890
v 0.024490 -0.102770 -0.865290
v 0.024520 -0.100220 -0.867360
v 0.024520 -0.102780 -0.867360
v 0.023090 -0.100220 -0.868810
v 0.023090 -0.102780 -0.868810
v 0.021050 -0.100220 -0.868870
v 0.021050 -0.102770 -0.868870
v 0.019580 -0.100220 -0.867410
v 0.019580 -0.102760 -0.867410
v 0.019560 -0.100210 -0.865400
v 0.019560 -0.102760 -0.865400
v 0.020990 -0.100210 -0.863890
v 0.020990 -0.102760 -0.863890
v 0.023030 -0.100220 -0.863890
v 0.023030 -0.102760 -0.863890
v 0.024490 -0.102770 -0.865290
v 0.022040 -0.103500 -0.866350
v 0.023030 -0.102760 -0.863890
v 0.020990 -0.102760 -0.863890
v 0.024520 -0.102780 -0.867360
v 0.019560 -0.102760 -0.865400
v 0.023090 -0.102780 -0.868810
v 0.019580 -0.102760 -0.867410
v 0.021050 -0.102770 -0.868870
v 0.024490 -0.100220 -1.059330
v 0.023030 -0.102760 -1.057880
v 0.023030 -0.100220 -1.057880
v 0.024490 -0.102770 -1.059330
v 0.024520 -0.100220 -1.061340
v 0.024520 -0.102780 -1.061340
v 0.023090 -0.100220 -1.062850
v 0.023090 -0.102780 -1.062850
v 0.021050 -0.100220 -1.062850
v 0.021050 -0.102770 -1.062850
v 0.019580 -0.100220 -1.061450
v 0.019580 -0.102760 -1.061450
v 0.019560 -0.100210 -1.059380
v 0.019560 -0.102760 -1.059380
v 0.020990 -0.100210 -1.057930
v 0.020990 -0.102760 -1.057930
v 0.023030 -0.100220 -1.057880
v 0.023030 -0.102760 -1.057880
v 0.024490 -0.102770 -1.059330
v 0.022040 -0.103500 -1.060390
v 0.023030 -0.102760 -1.057880
v 0.020990 -0.102760 -1.057930
v 0.024520 -0.102780 -1.061340
v 0.019560 -0.102760 -1.059380
v 0.023090 -0.102780 -1.062850
v 0.019580 -0.102760 -1.061450
v 0.021050 -0.102770 -1.062850
v 0.024490 -0.100220 -1.252020
v 0.023030 -0.102760 -1.250570
v 0.023030 -0.100220 -1.250570
v 0.024490 -0.102770 -1.252020
v 0.024520 -0.100220 -1.254040
v 0.024520 -0.102780 -1.254040
v 0.023090 -0.100220 -1.255490
v 0.023090 -0.102780 -1.255490
v 0.021050 -0.100220 -1.255540
v 0.021050 -0.102770 -1.255540
v 0.019580 -0.100220 -1.254090
v 0.019580 -0.102760 -1.254090
v 0.019560 -0.100210 -1.252080
v 0.019560 -0.102760 -1.252080
v 0.020990 -0.100210 -1.250570
v 0.020990 -0.102760 -1.250570
v 0.023030 -0.100220 -1.250570
v 0.023030 -0.102760 -1.250570
v 0.024490 -0.102770 -1.252020
v 0.022040 -0.103500 -1.253030
v 0.023030 -0.102760 -1.250570
v 0.020990 -0.102760 -1.250570
v 0.024520 -0.102780 -1.254040
v 0.019560 -0.102760 -1.252080
v 0.023090 -0.102780 -1.255490
v 0.019580 -0.102760 -1.254090
v 0.021050 -0.102770 -1.255540
v 0.024490 -0.100220 -1.451310
v 0.023030 -0.102760 -1.449860
v 0.023030 -0.100220 -1.449860
v 0.024490 -0.102770 -1.451310
v 0.024520 -0.100220 -1.453320
v 0.024520 -0.102780 -1.453320
v 0.023090 -0.100220 -1.454780
v 0.023090 -0.102780 -1.454780
v 0.021050 -0.100220 -1.454830
v 0.021050 -0.102770 -1.454830
v 0.019580 -0.100220 -1.453380
v 0.019580 -0.102760 -1.453380
v 0.019560 -0.100210 -1.451370
v 0.019560 -0.102760 -1.451370
v 0.020990 -0.100210 -1.449860
v 0.020990 -0.102760 -1.449860
v 0.023030 -0.100220 -1.449860
v 0.023030 -0.102760 -1.449860
v 0.024490 -0.102770 -1.451310
v 0.022040 -0.103500 -1.452320
v 0.023030 -0.102760 -1.449860
v 0.020990 -0.102760 -1.449860
v 0.024520 -0.102780 -1.453320
v 0.019560 -0.102760 -1.451370
v 0.023090 -0.102780 -1.454780
v 0.019580 -0.102760 -1.453380
v 0.021050 -0.102770 -1.454830
v 0.024490 -0.100220 -1.620440
v 0.023030 -0.102760 -1.619040
v 0.023030 -0.100220 -1.619040
v 0.024490 -0.102770 -1.620440
v 0.024520 -0.100220 -1.622510
v 0.024520 -0.102780 -1.622510
v 0.023090 -0.100220 -1.623960
v 0.023090 -0.102780 -1.623960
v 0.021050 -0.100220 -1.623960
v 0.021050 -0.102770 -1.623960
v 0.019580 -0.100220 -1.622560
v 0.019580 -0.102760 -1.622560
v 0.019560 -0.100210 -1.620490
v 0.019560 -0.102760 -1.620490
v 0.020990 -0.100210 -1.619040
v 0.020990 -0.102760 -1.619040
v 0.023030 -0.100220 -1.619040
v 0.023030 -0.102760 -1.619040
v 0.024490 -0.102770 -1.620440
v 0.022040 -0.103500 -1.621500
v 0.023030 -0.102760 -1.619040
v 0.020990 -0.102760 -1.619040
v 0.024520 -0.102780 -1.622510
v 0.019560 -0.102760 -1.620490
v 0.023090 -0.102780 -1.623960
v 0.019580 -0.102760 -1.622560
v 0.021050 -0.102770 -1.623960
v -0.019580 -0.100220 -0.113100
v -0.021050 -0.102760 -0.111650
v -0.021050 -0.100220 -0.111650
v -0.019580 -0.102770 -0.113100
v -0.019550 -0.100220 -0.115110
v -0.019550 -0.102780 -0.115110
v -0.020990 -0.100220 -0.116620
v -0.020990 -0.102780 -0.116620
v -0.023020 -0.100220 -0.116620
v -0.023020 -0.102770 -0.116620
v -0.024490 -0.100220 -0.115170
v -0.024490 -0.102760 -0.115170
v -0.024520 -0.100210 -0.113160
v -0.024520 -0.102760 -0.113160
v -0.023090 -0.100210 -0.111710
v -0.023090 -0.102760 -0.111710
v -0.021050 -0.100220 -0.111650
v -0.021050 -0.102760 -0.111650
v -0.019580 -0.102770 -0.113100
v -0.022040 -0.103500 -0.114160
v -0.021050 -0.102760 -0.111650
v -0.023090 -0.102760 -0.111710
v -0.019550 -0.102780 -0.115110
v -0.024520 -0.102760 -0.113160
v -0.020990 -0.102780 -0.116620
v -0.024490 -0.102760 -0.115170
v -0.023020 -0.102770 -0.116620
v -0.019580 -0.100220 -0.297090
v -0.021050 -0.102760 -0.295690
v -0.021050 -0.100220 -0.295690
v -0.019580 -0.102770 -0.297090
v -0.019550 -0.100220 -0.299150
v -0.019550 -0.102780 -0.299150
v -0.020990 -0.100220 -0.300610
v -0.020990 -0.102780 -0.300610
v -0.023030 -0.100220 -0.300660
v -0.023030 -0.102770 -0.300660
v -0.024490 -0.100220 -0.299210
v -0.024490 -0.102760 -0.299210
v -0.024520 -0.100210 -0.297140
v -0.024520 -0.102760 -0.297140
v -0.023090 -0.100210 -0.295690
v -0.023090 -0.102760 -0.295690
v -0.021050 -0.100220 -0.295690
v -0.021050 -0.102760 -0.295690
v -0.019580 -0.102770 -0.297090
v -0.022040 -0.103500 -0.298150
v -0.021050 -0.102760 -0.295690
v -0.023090 -0.102760 -0.295690
v -0.019550 -0.102780 -0.299150
v -0.024520 -0.102760 -0.297140
v -0.020990 -0.102780 -0.300610
v -0.024490 -0.102760 -0.299210
v -0.023030 -0.102770 -0.300660
v -0.019580 -0.100220 -0.482300
v -0.021050 -0.102760 -0.480900
v -0.021050 -0.100220 -0.480900
v -0.019580 -0.102770 -0.482300
v -0.019550 -0.100220 -0.484370
v -0.019550 -0.102780 -0.484370
v -0.020990 -0.100220 -0.485820
v -0.020990 -0.102780 -0.485820
v -0.023020 -0.100220 -0.485870
v -0.023020 -0.102770 -0.485870
v -0.024490 -0.100220 -0.484420
v -0.024490 -0.102760 -0.484420
v -0.024520 -0.100210 -0.482350
v -0.024520 -0.102760 -0.482350
v -0.023090 -0.100210 -0.480900
v -0.023090 -0.102760 -0.480900
v -0.021050 -0.100220 -0.480900
v -0.021050 -0.102760 -0.480900
v -0.019580 -0.102770 -0.482300
v -0.022040 -0.103500 -0.483360
v -0.021050 -0.102760 -0.480900
v -0.023090 -0.102760 -0.480900
v -0.019550 -0.102780 -0.484370
v -0.024520 -0.102760 -0.482350
v -0.020990 -0.102780 -0.485820
v -0.024490 -0.102760 -0.484420
v -0.023020 -0.102770 -0.485870
v -0.019580 -0.100220 -0.673770
v -0.021050 -0.102760 -0.672370
v -0.021050 -0.100220 -0.672370
v -0.019580 -0.102770 -0.673770
v -0.019550 -0.100220 -0.675830
v -0.019550 -0.102780 -0.675830
v -0.020990 -0.100220 -0.677290
v -0.020990 -0.102780 -0.677290
v -0.023030 -0.100220 -0.677290
v -0.023030 -0.102770 -0.677290
v -0.024490 -0.100220 -0.675890
v -0.024490 -0.102760 -0.675890
v -0.024520 -0.100210 -0.673820
v -0.024520 -0.102760 -0.673820
v -0.023090 -0.100210 -0.672370
v -0.023090 -0.102760 -0.672370
v -0.021050 -0.100220 -0.672370
v -0.021050 -0.102760 -0.672370
v -0.019580 -0.102770 -0.673770
v -0.022040 -0.103500 -0.674830
v -0.021050 -0.102760 -0.672370
v -0.023090 -0.102760 -0.672370
v -0.019550 -0.102780 -0.675830
v -0.024520 -0.102760 -0.673820
v -0.020990 -0.102780 -0.677290
v -0.024490 -0.102760 -0.675890
v -0.023030 -0.102770 -0.677290
v -0.019580 -0.100220 -0.865290
v -0.021050 -0.102760 -0.863890
v -0.021050 -0.100220 -0.863890
v -0.019580 -0.102770 -0.865290
v -0.019550 -0.100220 -0.867360
v -0.019550 -0.102780 -0.867360
v -0.020990 -0.100220 -0.868810
v -0.020990 -0.102780 -0.868810
v -0.023030 -0.100220 -0.868870
v -0.023030 -0.102770 -0.868870
v -0.024490 -0.100220 -0.867410
v -0.024490 -0.102760 -0.867410
v -0.024520 -0.100210 -0.865400
v -0.024520 -0.102760 -0.865400
v -0.023090 -0.100210 -0.863890
v -0.023090 -0.102760 -0.863890
v -0.021050 -0.100220 -0.863890
v -0.021050 -0.102760 -0.863890
v -0.019580 -0.102770 -0.865290
v -0.022040 -0.103500 -0.866350
v -0.021050 -0.102760 -0.863890
v -0.023090 -0.102760 -0.863890
v -0.019550 -0.102780 -0.867360
v -0.024520 -0.102760 -0.865400
v -0.020990 -0.102780 -0.868810
v -0.024490 -0.102760 -0.867410
v -0.023030 -0.102770 -0.868870
v -0.019580 -0.100220 -1.059330
v -0.021050 -0.102760 -1.057880
v -0.021050 -0.100220 -1.057880
v -0.019580 -0.102770 -1.059330
v -0.019550 -0.100220 -1.061340
v -0.019550 -0.102780 -1.061340
v -0.020990 -0.100220 -1.062850
v -0.020990 -0.102780 -1.062850
v -0.023030 -0.100220 -1.062850
v -0.023030 -0.102770 -1.062850
v -0.024490 -0.100220 -1.061450
v -0.024490 -0.102760 -1.061450
v -0.024520 -0.100210 -1.059380
v -0.024520 -0.102760 -1.059380
v -0.023090 -0.100210 -1.057930
v -0.023090 -0.102760 -1.057930
v -0.021050 -0.100220 -1.057880
v -0.021050 -0.102760 -1.057880
v -0.019580 -0.102770 -1.059330
v -0.022040 -0.103500 -1.060390
v -0.021050 -0.102760 -1.057880
v -0.023090 -0.102760 -1.057930
v -0.019550 -0.102780 -1.061340
v -0.024520 -0.102760 -1.059380
v -0.020990 -0.102780 -1.062850
v -0.024490 -0.102760 -1.061450
v -0.023030 -0.102770 -1.062850
v -0.019580 -0.100220 -1.252020
v -0.021050 -0.102760 -1.250570
v -0.021050 -0.100220 -1.250570
v -0.019580 -0.102770 -1.252020
v -0.019550 -0.100220 -1.254040
v -0.019550 -0.102780 -1.254040
v -0.020990 -0.100220 -1.255490
v -0.020990 -0.102780 -1.255490
v -0.023030 -0.100220 -1.255540
v -0.023030 -0.102770 -1.255540
v -0.024490 -0.100220 -1.254090
v -0.024490 -0.102760 -1.254090
v -0.024520 -0.100210 -1.252080
v -0.024520 -0.102760 -1.252080
v -0.023090 -0.100210 -1.250570
v -0.023090 -0.102760 -1.250570
v -0.021050 -0.100220 -1.250570
v -0.021050 -0.102760 -1.250570
v -0.019580 -0.102770 -1.252020
v -0.022040 -0.103500 -1.253030
v -0.021050 -0.102760 -1.250570
v -0.023090 -0.102760 -1.250570
v -0.019550 -0.102780 -1.254040
v -0.024520 -0.102760 -1.252080
v -0.020990 -0.102780 -1.255490
v -0.024490 -0.102760 -1.254090
v -0.023030 -0.102770 -1.255540
v -0.019580 -0.100220 -1.451310
v -0.021050 -0.102760 -1.449860
v -0.021050 -0.100220 -1.449860
v -0.019580 -0.102770 -1.451310
v -0.019550 -0.100220 -1.453320
v -0.019550 -0.102780 -1.453320
v -0.020990 -0.100220 -1.454780
v -0.020990 -0.102780 -1.454780
v -0.023030 -0.100220 -1.454830
v -0.023030 -0.102770 -1.454830
v -0.024490 -0.100220 -1.453380
v -0.024490 -0.102760 -1.453380
v -0.024520 -0.100210 -1.451370
v -0.024520 -0.102760 -1.451370
v -0.023090 -0.100210 -1.449860
v -0.023090 -0.102760 -1.449860
v -0.021050 -0.100220 -1.449860
v -0.021050 -0.102760 -1.449860
v -0.019580 -0.102770 -1.451310
v -0.022040 -0.103500 -1.452320
v -0.021050 -0.102760 -1.449860
v -0.023090 -0.102760 -1.449860
v -0.019550 -0.102780 -1.453320
v -0.024520 -0.102760 -1.451370
v -0.020990 -0.102780 -1.454780
v -0.024490 -0.102760 -1.453380
v -0.023030 -0.102770 -1.454830
v -0.019580 -0.100220 -1.620440
v -0.021050 -0.102760 -1.619040
v -0.021050 -0.100220 -1.619040
v -0.019580 -0.102770 -1.620440
v -0.019550 -0.100220 -1.622510
v -0.019550 -0.102780 -1.622510
v -0.020990 -0.100220 -1.623960
v -0.020990 -0.102780 -1.623960
v -0.023030 -0.100220 -1.623960
v -0.023030 -0.102770 -1.623960
v -0.024490 -0.100220 -1.622560
v -0.024490 -0.102760 -1.622560
v -0.024520 -0.100210 -1.620490
v -0.024520 -0.102760 -1.620490
v -0.023090 -0.100210 -1.619040
v -0.023090 -0.102760 -1.619040
v -0.021050 -0.100220 -1.619040
v -0.021050 -0.102760 -1.619040
v -0.019580 -0.102770 -1.620440
v -0.022040 -0.103500 -1.621500
v -0.021050 -0.102760 -1.619040
v -0.023090 -0.102760 -1.619040
v -0.019550 -0.102780 -1.622510
v -0.024520 -0.102760 -1.620490
v -0.020990 -0.102780 -1.623960
v -0.024490 -0.102760 -1.622560
v -0.023030 -0.102770 -1.623960
v 0.017710 -0.089040 0.875850
v 0.000000 -0.090780 0.402540
v 0.000000 -0.090780 0.875850
v 0.017370 -0.087290 0.888920
v 0.000000 -0.089000 0.888920
v 0.034060 -0.082220 0.888920
v 0.017710 -0.089040 0.402540
v 0.000000 -0.089000 0.386570
v 0.017370 -0.087290 0.386570
v 0.034740 -0.083870 0.875850
v 0.049440 -0.074000 0.888920
v 0.034740 -0.083870 0.402540
v 0.034060 -0.082220 0.386570
v 0.050430 -0.075480 0.875850
v 0.062930 -0.062930 0.888920
v 0.050430 -0.075480 0.402540
v 0.049440 -0.074000 0.386570
v 0.064190 -0.064190 0.875850
v 0.074000 -0.049440 0.888920
v 0.064190 -0.064190 0.402540
v 0.062930 -0.062930 0.386570
v 0.075480 -0.050440 0.875850
v 0.082220 -0.034060 0.888920
v 0.075480 -0.050440 0.402540
v 0.074000 -0.049440 0.386570
v 0.083870 -0.034740 0.875850
v 0.087290 -0.017360 0.888920
v 0.083870 -0.034740 0.402540
v 0.082220 -0.034060 0.386570
v 0.089040 -0.017710 0.875850
v 0.089000 0.000000 0.888920
v 0.089040 -0.017710 0.402540
v 0.087290 -0.017360 0.386570
v 0.090780 0.000000 0.875850
v 0.087290 0.017370 0.888920
v 0.090780 0.000000 0.402540
v 0.089000 0.000000 0.386570
v 0.089040 0.017710 0.875850
v 0.082220 0.034060 0.888920
v 0.089040 0.017710 0.402540
v 0.087290 0.017370 0.386570
v 0.083870 0.034740 0.875850
v 0.074000 0.049440 0.888920
v 0.083870 0.034740 0.402540
v 0.082220 0.034060 0.386570
v 0.075480 0.050430 0.875850
v 0.062930 0.062930 0.888920
v 0.075480 0.050430 0.402540
v 0.074000 0.049440 0.386570
v 0.064190 0.064190 0.875850
v 0.049440 0.074000 0.888920
v 0.064190 0.064190 0.402540
v 0.062930 0.062930 0.386570
v 0.050430 0.075480 0.875850
v 0.034060 0.082220 0.888920
v 0.050430 0.075480 0.402540
v 0.049440 0.074000 0.386570
v 0.034740 0.083870 0.875850
v 0.017370 0.087290 0.888920
v 0.034740 0.083870 0.402540
v 0.034060 0.082220 0.386570
v 0.017710 0.089040 0.875850
v 0.000000 0.089000 0.888920
v 0.017710 0.089040 0.402540
v 0.017370 0.087290 0.386570
v 0.000000 0.090780 0.875850
v -0.017360 0.087290 0.888920
v 0.000000 0.090780 0.402540
v 0.000000 0.089000 0.386570
v -0.017710 0.089040 0.875850
v -0.034060 0.082220 0.888920
v -0.017710 0.089040 0.402540
v -0.017360 0.087290 0.386570
v -0.034740 0.083870 0.875850
v -0.049440 0.074000 0.888920
v -0.034740 0.083870 0.402540
v -0.034060 0.082220 0.386570
v -0.050440 0.075480 0.875850
v -0.062930 0.062930 0.888920
v -0.050440 0.075480 0.402540
v -0.049440 0.074000 0.386570
v -0.064190 0.064190 0.875850
v -0.074000 0.049440 0.888920
v -0.064190 0.064190 0.402540
v -0.062930 0.062930 0.386570
v -0.075480 0.050430 0.875850
v -0.082220 0.034060 0.888920
v -0.075480 0.050430 0.402540
v -0.074000 0.049440 0.386570
v -0.083870 0.034740 0.875850
v -0.087290 0.017360 0.888920
v -0.083870 0.034740 0.402540
v -0.082220 0.034060 0.386570
v -0.089040 0.017710 0.875850
v -0.089000 0.000000 0.888920
v -0.089040 0.017710 0.402540
v -0.087290 0.017360 0.386570
v -0.090780 0.000000 0.875850
v -0.087290 -0.017360 0.888920
v -0.090780 0.000000 0.402540
v -0.089000 0.000000 0.386570
v -0.089040 -0.017710 0.875850
v -0.082220 -0.034060 0.888920
v -0.089040 -0.017710 0.402540
v -0.087290 -0.017360 0.386570
v -0.083870 -0.034740 0.875850
v -0.074000 -0.049440 0.888920
v -0.083870 -0.034740 0.402540
v -0.082220 -0.034060 0.386570
v -0.075480 -0.050440 0.875850
v -0.062930 -0.062930 0.888920
v -0.075480 -0.050440 0.402540
v -0.074000 -0.049440 0.386570
v -0.064190 -0.064190 0.875850
v -0.049440 -0.074000 0.888920
v -0.064190 -0.064190 0.402540
v -0.062930 -0.062930 0.386570
v -0.050440 -0.075480 0.875850
v -0.034060 -0.082220 0.888920
v -0.050440 -0.075480 0.402540
v -0.049440 -0.074000 0.386570
v -0.034740 -0.083870 0.875850
v -0.017360 -0.087290 0.888920
v -0.034740 -0.083870 0.402540
v -0.034060 -0.082220 0.386570
v -0.017710 -0.089040 0.875850
v 0.000000 -0.089000 0.888920
v 0.000000 -0.090780 0.875850
v -0.017710 -0.089040 0.402540
v -0.017360 -0.087290 0.386570
v 0.000000 -0.090780 0.402540
v 0.000000 -0.089000 0.386570
vt 0.18440 -0.21560
vt 0.19070 -0.21810
vt 0.18440 -0.21810
vt 0.18440 -0.22080
vt 0.19070 -0.21560
vt 0.19070 -0.22080
vt 0.18440 -0.21320
vt 0.18440 -0.22320
vt 0.19070 -0.21320
vt 0.19070 -0.22320
vt 0.18440 -0.21050
vt 0.18440 -0.22590
vt 0.19070 -0.21050
vt 0.19070 -0.22590
vt 0.18440 -0.20810
vt 0.18440 -0.22830
vt 0.19070 -0.20810
vt 0.19070 -0.22830
vt 0.18440 -0.20560
vt 0.18440 -0.23080
vt 0.19070 -0.20560
vt 0.19070 -0.23080
vt 0.18440 -0.20290
vt 0.18440 -0.23350
vt 0.19070 -0.20290
vt 0.19070 -0.23350
vt 0.18440 -0.20050
vt 0.18440 -0.23590
vt 0.19070 -0.20050
vt 0.18440 -0.19780
vt 0.19070 -0.19780
vt 0.19070 -0.23590
vt 0.18440 -0.23830
vt 0.19070 -0.23830
vt 0.17560 -0.18410
vt 0.17750 -0.18880
vt 0.17610 -0.18660
vt 0.17750 -0.17950
vt 0.17610 -0.18170
vt 0.17970 -0.19020
vt 0.18220 -0.17780
vt 0.17970 -0.17830
vt 0.18220 -0.19070
vt 0.18460 -0.19020
vt 0.18680 -0.17950
vt 0.18460 -0.17830
vt 0.18680 -0.18880
vt 0.18880 -0.18410
vt 0.18830 -0.18660
vt 0.18830 -0.18170
vt 0.28060 -0.99630
vt 0.30670 -0.98710
vt 0.30670 -0.99630
vt 0.53110 -0.99630
vt 0.53110 -0.98710
vt 0.28060 -0.98710
vt 0.25350 -0.99560
vt 0.30670 -0.97780
vt 0.53110 -0.97780
vt 0.25350 -0.98660
vt 0.22610 -0.99490
vt 0.28060 -0.97780
vt 0.30670 -0.96850
vt 0.53110 -0.96850
vt 0.22610 -0.98580
vt 0.20050 -0.99370
vt 0.25350 -0.97750
vt 0.28060 -0.96850
vt 0.30670 -0.95850
vt 0.53110 -0.95850
vt 0.20050 -0.98510
vt 0.17560 -0.99220
vt 0.22610 -0.97700
vt 0.25350 -0.96830
vt 0.28060 -0.95850
vt 0.30670 -0.94990
vt 0.53110 -0.94990
vt 0.30670 -0.94070
vt 0.53110 -0.94070
vt 0.28060 -0.94990
vt 0.25350 -0.95850
vt 0.30670 -0.93140
vt 0.22610 -0.96800
vt 0.53110 -0.93140
vt 0.28060 -0.94070
vt 0.25350 -0.94990
vt 0.30670 -0.92210
vt 0.22610 -0.95850
vt 0.53110 -0.92210
vt 0.28060 -0.93140
vt 0.25350 -0.94090
vt 0.30670 -0.91280
vt 0.22610 -0.95020
vt 0.53110 -0.91280
vt 0.28060 -0.92210
vt 0.25350 -0.93190
vt 0.30670 -0.90350
vt 0.22610 -0.94140
vt 0.53110 -0.90350
vt 0.28060 -0.91280
vt 0.25350 -0.92210
vt 0.30670 -0.89430
vt 0.22610 -0.93240
vt 0.53110 -0.89430
vt 0.22610 -0.92360
vt 0.28060 -0.90350
vt 0.25350 -0.91230
vt 0.22610 -0.92060
vt 0.20050 -0.93330
vt 0.20050 -0.92450
vt 0.20050 -0.94190
vt 0.17560 -0.93460
vt 0.17560 -0.92630
vt 0.17560 -0.94260
vt 0.20050 -0.95040
vt 0.17560 -0.95090
vt 0.15140 -0.93600
vt 0.15140 -0.92840
vt 0.15140 -0.94380
vt 0.15140 -0.95140
vt 0.12770 -0.93850
vt 0.12770 -0.93160
vt 0.12770 -0.94530
vt 0.12770 -0.95240
vt 0.10530 -0.94140
vt 0.10530 -0.93580
vt 0.10530 -0.94730
vt 0.10530 -0.95340
vt 0.08450 -0.94480
vt 0.08450 -0.94020
vt 0.08450 -0.94970
vt 0.08450 -0.95430
vt 0.06720 -0.94820
vt 0.06720 -0.94460
vt 0.06720 -0.95160
vt 0.06720 -0.95530
vt 0.05270 -0.95120
vt 0.05270 -0.94850
vt 0.05270 -0.95360
vt 0.05270 -0.95630
vt 0.04180 -0.95340
vt 0.04180 -0.95160
vt 0.03270 -0.95430
vt 0.04180 -0.95510
vt 0.03270 -0.95650
vt 0.02610 -0.95750
vt 0.02610 -0.95630
vt 0.02610 -0.95850
vt 0.04180 -0.95700
vt 0.03270 -0.95850
vt 0.02610 -0.95970
vt 0.04180 -0.95850
vt 0.05270 -0.95850
vt 0.03270 -0.96090
vt 0.02610 -0.96090
vt 0.04180 -0.96070
vt 0.03270 -0.96310
vt 0.06720 -0.95850
vt 0.05270 -0.96140
vt 0.04180 -0.96240
vt 0.04180 -0.96410
vt 0.04180 -0.96580
vt 0.08450 -0.95850
vt 0.06720 -0.96260
vt 0.05270 -0.96410
vt 0.05270 -0.96680
vt 0.05270 -0.96920
vt 0.06720 -0.96630
vt 0.06720 -0.96970
vt 0.06720 -0.97340
vt 0.08450 -0.96390
vt 0.08450 -0.96850
vt 0.08450 -0.97310
vt 0.08450 -0.97780
vt 0.10530 -0.95850
vt 0.10530 -0.96510
vt 0.12770 -0.95850
vt 0.10530 -0.97090
vt 0.12770 -0.96610
vt 0.15140 -0.95850
vt 0.10530 -0.97680
vt 0.10530 -0.98270
vt 0.12770 -0.97290
vt 0.12770 -0.98000
vt 0.12770 -0.98680
vt 0.15140 -0.96680
vt 0.15140 -0.97460
vt 0.15140 -0.98220
vt 0.15140 -0.99000
vt 0.17560 -0.95850
vt 0.17560 -0.96750
vt 0.20050 -0.95850
vt 0.20050 -0.96780
vt 0.17560 -0.97560
vt 0.20050 -0.97660
vt 0.17560 -0.98390
vt 0.81220 -0.99630
vt 0.88350 -0.98710
vt 0.88350 -0.99630
vt 0.79850 -0.98710
vt 0.79850 -0.99630
vt 0.81220 -0.98710
vt 0.79850 -0.97780
vt 0.91010 -0.98710
vt 0.91010 -0.99630
vt 0.81220 -0.97780
vt 0.79850 -0.96850
vt 0.88350 -0.97780
vt 0.91010 -0.97780
vt 0.95920 -0.98710
vt 0.95920 -0.99630
vt 0.99580 -0.99630
vt 0.99580 -0.98710
vt 0.95920 -0.97780
vt 0.99580 -0.97780
vt 0.95920 -0.96850
vt 0.99580 -0.96850
vt 0.91010 -0.96850
vt 0.95920 -0.95850
vt 0.99580 -0.95850
vt 0.88350 -0.96850
vt 0.91010 -0.95850
vt 0.95920 -0.94990
vt 0.99580 -0.94990
vt 0.81220 -0.96850
vt 0.79850 -0.95850
vt 0.88350 -0.95850
vt 0.81220 -0.95850
vt 0.79850 -0.94990
vt 0.91010 -0.94990
vt 0.88350 -0.94990
vt 0.81220 -0.94990
vt 0.79850 -0.94070
vt 0.95920 -0.94070
vt 0.99580 -0.94070
vt 0.91010 -0.94070
vt 0.95920 -0.93140
vt 0.99580 -0.93140
vt 0.88350 -0.94070
vt 0.91010 -0.93140
vt 0.95920 -0.92210
vt 0.99580 -0.92210
vt 0.81220 -0.94070
vt 0.79850 -0.93140
vt 0.88350 -0.93140
vt 0.81220 -0.93140
vt 0.79850 -0.92210
vt 0.91010 -0.92210
vt 0.88350 -0.92210
vt 0.81220 -0.92210
vt 0.79850 -0.91280
vt 0.95920 -0.91280
vt 0.99580 -0.91280
vt 0.91010 -0.91280
vt 0.95920 -0.90350
vt 0.99580 -0.90350
vt 0.88350 -0.91280
vt 0.91010 -0.90350
vt 0.95920 -0.89430
vt 0.99580 -0.89430
vt 0.81220 -0.91280
vt 0.79850 -0.90350
vt 0.88350 -0.90350
vt 0.81220 -0.90350
vt 0.79850 -0.89430
vt 0.91010 -0.89430
vt 0.88350 -0.89430
vt 0.81220 -0.89430
vt 0.79850 -0.88420
vt 0.95920 -0.88420
vt 0.99580 -0.88420
vt 0.91010 -0.88420
vt 0.95920 -0.87570
vt 0.99580 -0.87570
vt 0.88350 -0.88420
vt 0.91010 -0.87570
vt 0.95920 -0.86640
vt 0.99610 -0.86640
vt 0.81220 -0.88420
vt 0.79850 -0.87570
vt 0.88350 -0.87570
vt 0.81220 -0.87570
vt 0.79850 -0.86640
vt 0.91010 -0.86640
vt 0.88350 -0.86640
vt 0.81220 -0.86640
vt 0.79850 -0.85710
vt 0.81220 -0.85710
vt 0.79850 -0.84790
vt 0.88350 -0.85710
vt 0.91010 -0.85710
vt 0.95920 -0.85710
vt 0.81220 -0.84790
vt 0.79850 -0.83860
vt 0.88350 -0.84790
vt 0.91010 -0.84790
vt 0.95920 -0.84790
vt 0.81220 -0.83860
vt 0.79850 -0.82930
vt 0.88350 -0.83860
vt 0.91010 -0.83860
vt 0.95920 -0.83860
vt 0.81220 -0.82930
vt 0.79850 -0.82000
vt 0.88350 -0.82930
vt 0.91010 -0.82930
vt 0.95920 -0.82930
vt 0.81220 -0.82000
vt 0.79850 -0.81000
vt 0.88350 -0.82000
vt 0.91010 -0.82000
vt 0.95920 -0.82000
vt 0.81220 -0.81000
vt 0.79850 -0.80150
vt 0.88350 -0.81000
vt 0.91010 -0.81000
vt 0.95920 -0.81000
vt 0.99580 -0.82000
vt 0.99580 -0.81000
vt 0.99610 -0.82910
vt 0.95920 -0.80150
vt 0.99580 -0.80150
vt 0.91010 -0.80150
vt 0.95920 -0.79220
vt 0.99580 -0.79220
vt 0.88350 -0.80150
vt 0.91010 -0.79220
vt 0.95920 -0.78290
vt 0.99580 -0.78290
vt 0.81220 -0.80150
vt 0.79850 -0.79220
vt 0.88350 -0.79220
vt 0.81220 -0.79220
vt 0.79850 -0.78290
vt 0.91010 -0.78290
vt 0.88350 -0.78290
vt 0.81220 -0.78290
vt 0.79850 -0.77360
vt 0.95920 -0.77360
vt 0.99580 -0.77360
vt 0.91010 -0.77360
vt 0.95920 -0.76430
vt 0.99580 -0.76430
vt 0.88350 -0.77360
vt 0.91010 -0.76430
vt 0.95920 -0.75510
vt 0.99580 -0.75510
vt 0.81220 -0.77360
vt 0.79850 -0.76430
vt 0.88350 -0.76430
vt 0.81220 -0.76430
vt 0.79850 -0.75510
vt 0.91010 -0.75510
vt 0.88350 -0.75510
vt 0.81220 -0.75510
vt 0.79850 -0.74580
vt 0.95920 -0.74580
vt 0.99580 -0.74580
vt 0.91010 -0.74580
vt 0.95920 -0.73580
vt 0.99580 -0.73580
vt 0.88350 -0.74580
vt 0.91010 -0.73580
vt 0.95920 -0.72720
vt 0.99580 -0.72720
vt 0.81220 -0.74580
vt 0.79850 -0.73580
vt 0.88350 -0.73580
vt 0.81220 -0.73580
vt 0.79850 -0.72720
vt 0.91010 -0.72720
vt 0.88350 -0.72720
vt 0.81220 -0.72720
vt 0.79850 -0.71790
vt 0.95920 -0.71790
vt 0.99580 -0.71790
vt 0.91010 -0.71790
vt 0.95920 -0.70870
vt 0.99580 -0.70870
vt 0.95920 -0.69940
vt 0.99580 -0.69940
vt 0.91010 -0.70870
vt 0.91010 -0.69940
vt 0.88350 -0.71790
vt 0.88350 -0.70870
vt 0.88350 -0.69940
vt 0.81220 -0.71790
vt 0.79850 -0.70870
vt 0.81220 -0.70870
vt 0.79850 -0.69940
vt 0.81220 -0.69940
vt 0.20370 -0.69160
vt 0.23100 -0.68230
vt 0.23100 -0.69160
vt 0.00780 -0.68230
vt 0.00780 -0.69160
vt 0.20370 -0.68230
vt 0.00780 -0.67300
vt 0.27110 -0.68230
vt 0.27110 -0.69160
vt 0.20370 -0.67300
vt 0.00780 -0.66370
vt 0.23100 -0.67300
vt 0.27110 -0.67300
vt 0.34090 -0.68230
vt 0.34090 -0.69160
vt 0.34090 -0.67300
vt 0.27110 -0.66370
vt 0.62200 -0.68230
vt 0.62200 -0.69160
vt 0.62200 -0.67300
vt 0.34090 -0.66370
vt 0.62200 -0.66370
vt 0.64930 -0.68230
vt 0.64930 -0.69160
vt 0.78900 -0.69160
vt 0.64930 -0.67300
vt 0.78900 -0.68230
vt 0.89770 -0.69160
vt 0.64930 -0.66370
vt 0.78900 -0.67300
vt 0.89770 -0.68230
vt 0.93380 -0.69160
vt 0.89770 -0.67300
vt 0.94510 -0.68230
vt 0.94510 -0.69160
vt 0.93380 -0.68230
vt 0.94510 -0.67500
vt 0.94510 -0.67230
vt 0.91580 -0.67300
vt 0.93380 -0.67300
vt 0.94510 -0.66960
vt 0.94510 -0.67230
vt 0.94510 -0.67500
vt 0.91090 -0.66620
vt 0.91580 -0.66720
vt 0.92060 -0.66620
vt 0.92450 -0.66320
vt 0.92920 -0.66350
vt 0.90670 -0.66320
vt 0.93380 -0.66370
vt 0.93140 -0.65910
vt 0.94510 -0.66960
vt 0.93380 -0.65370
vt 0.93240 -0.65370
vt 0.93110 -0.64910
vt 0.93380 -0.64520
vt 0.92920 -0.64520
vt 0.94510 -0.65370
vt 0.93380 -0.63590
vt 0.92480 -0.64540
vt 0.92060 -0.64250
vt 0.94510 -0.64520
vt 0.94510 -0.63590
vt 0.91580 -0.63590
vt 0.91580 -0.64150
vt 0.91060 -0.64250
vt 0.89770 -0.63590
vt 0.90670 -0.64540
vt 0.93380 -0.62660
vt 0.94510 -0.62660
vt 0.95580 -0.62660
vt 0.95580 -0.63590
vt 0.95580 -0.64520
vt 0.96480 -0.62660
vt 0.96480 -0.63590
vt 0.96480 -0.64520
vt 0.95580 -0.65370
vt 0.94510 -0.66370
vt 0.95580 -0.66960
vt 0.94510 -0.67230
vt 0.95580 -0.67230
vt 0.95580 -0.66370
vt 0.96480 -0.66940
vt 0.96480 -0.67200
vt 0.96480 -0.65370
vt 0.96480 -0.66370
vt 0.97390 -0.66840
vt 0.97390 -0.67130
vt 0.98240 -0.66670
vt 0.98270 -0.66980
vt 0.97390 -0.66370
vt 0.97390 -0.65370
vt 0.98830 -0.66470
vt 0.98830 -0.66810
vt 0.99020 -0.66740
vt 0.99000 -0.66370
vt 0.97390 -0.64520
vt 0.98830 -0.66370
vt 0.98240 -0.66370
vt 0.99000 -0.65370
vt 0.97390 -0.63590
vt 0.98240 -0.65370
vt 0.98830 -0.65370
vt 0.97390 -0.62660
vt 0.98240 -0.64520
vt 0.98830 -0.64520
vt 0.99000 -0.64520
vt 0.99070 -0.65370
vt 0.99070 -0.66370
vt 0.99000 -0.66370
vt 0.99070 -0.64520
vt 0.99070 -0.66840
vt 0.99020 -0.66740
vt 0.99000 -0.66960
vt 0.99000 -0.67300
vt 0.99070 -0.67300
vt 0.99070 -0.68230
vt 0.99000 -0.68230
vt 0.99070 -0.69160
vt 0.99000 -0.69160
vt 0.99000 -0.63590
vt 0.99070 -0.63590
vt 0.99000 -0.62660
vt 0.98830 -0.63590
vt 0.99070 -0.62660
vt 0.98240 -0.63590
vt 0.98830 -0.62660
vt 0.98240 -0.62660
vt 0.99000 -0.61730
vt 0.99070 -0.61730
vt 0.98830 -0.61730
vt 0.99000 -0.60810
vt 0.99070 -0.60810
vt 0.98240 -0.61730
vt 0.98830 -0.60810
vt 0.99000 -0.59880
vt 0.99070 -0.59880
vt 0.97390 -0.61730
vt 0.98240 -0.60810
vt 0.98830 -0.59880
vt 0.99000 -0.58950
vt 0.99070 -0.58950
vt 0.96480 -0.61730
vt 0.97390 -0.60810
vt 0.98240 -0.59880
vt 0.98830 -0.58950
vt 0.99000 -0.57950
vt 0.99070 -0.57950
vt 0.99000 -0.57090
vt 0.99070 -0.57090
vt 0.98830 -0.57950
vt 0.98240 -0.58950
vt 0.99000 -0.56170
vt 0.97390 -0.59880
vt 0.99070 -0.56170
vt 0.98830 -0.57090
vt 0.98240 -0.57950
vt 0.99000 -0.55240
vt 0.97390 -0.58950
vt 0.99070 -0.55240
vt 0.98830 -0.56170
vt 0.98240 -0.57090
vt 0.99000 -0.54310
vt 0.99070 -0.54310
vt 0.99070 -0.53380
vt 0.98830 -0.55240
vt 0.98240 -0.56170
vt 0.99000 -0.53380
vt 0.99070 -0.52450
vt 0.98830 -0.54310
vt 0.99000 -0.52450
vt 0.99070 -0.51530
vt 0.98830 -0.53380
vt 0.98830 -0.52450
vt 0.99000 -0.51530
vt 0.99070 -0.50530
vt 0.98830 -0.51530
vt 0.99000 -0.50550
vt 0.99070 -0.49670
vt 0.98830 -0.50550
vt 0.99000 -0.49670
vt 0.99070 -0.48740
vt 0.98830 -0.49670
vt 0.99000 -0.48740
vt 0.99070 -0.47810
vt 0.98830 -0.48740
vt 0.99000 -0.47810
vt 0.99070 -0.46890
vt 0.98830 -0.47810
vt 0.99000 -0.46890
vt 0.99070 -0.45960
vt 0.98830 -0.46890
vt 0.99000 -0.45960
vt 0.99070 -0.45030
vt 0.98830 -0.45960
vt 0.99000 -0.45030
vt 0.99070 -0.44100
vt 0.98830 -0.45030
vt 0.99000 -0.44100
vt 0.99070 -0.43100
vt 0.98830 -0.44100
vt 0.99000 -0.43100
vt 0.99070 -0.42250
vt 0.99000 -0.42250
vt 0.99070 -0.41780
vt 0.99020 -0.41880
vt 0.99000 -0.41660
vt 0.99000 -0.41320
vt 0.99070 -0.41320
vt 0.99070 -0.40390
vt 0.99000 -0.40390
vt 0.99070 -0.39460
vt 0.99000 -0.39460
vt 0.98830 -0.43130
vt 0.98830 -0.42250
vt 0.99000 -0.42250
vt 0.98830 -0.42120
vt 0.99020 -0.41880
vt 0.98830 -0.41810
vt 0.98270 -0.41640
vt 0.98240 -0.42250
vt 0.98240 -0.41930
vt 0.97390 -0.41470
vt 0.98240 -0.43100
vt 0.97390 -0.42250
vt 0.97390 -0.41760
vt 0.96480 -0.41390
vt 0.98240 -0.44100
vt 0.97390 -0.43100
vt 0.96480 -0.42250
vt 0.96480 -0.41680
vt 0.95580 -0.41390
vt 0.98240 -0.45030
vt 0.97390 -0.44100
vt 0.98240 -0.45960
vt 0.96480 -0.43100
vt 0.97390 -0.45030
vt 0.96480 -0.44100
vt 0.98240 -0.46890
vt 0.97390 -0.45960
vt 0.96480 -0.45030
vt 0.98240 -0.47810
vt 0.97390 -0.46890
vt 0.96480 -0.45960
vt 0.98240 -0.48740
vt 0.97390 -0.47810
vt 0.96480 -0.46890
vt 0.98240 -0.49670
vt 0.97390 -0.48740
vt 0.96480 -0.47810
vt 0.98240 -0.50530
vt 0.97390 -0.49670
vt 0.96480 -0.48740
vt 0.98240 -0.51530
vt 0.97390 -0.50530
vt 0.96480 -0.49670
vt 0.98240 -0.52450
vt 0.97390 -0.51530
vt 0.96480 -0.50530
vt 0.98240 -0.53380
vt 0.97390 -0.52450
vt 0.96480 -0.51530
vt 0.95580 -0.49670
vt 0.95580 -0.50530
vt 0.95580 -0.48740
vt 0.95580 -0.47810
vt 0.94510 -0.48740
vt 0.94510 -0.49670
vt 0.95580 -0.46890
vt 0.94510 -0.47810
vt 0.94510 -0.46890
vt 0.95580 -0.45960
vt 0.94510 -0.45960
vt 0.93380 -0.46890
vt 0.93380 -0.47810
vt 0.95580 -0.45030
vt 0.94510 -0.45030
vt 0.93380 -0.45960
vt 0.93380 -0.45030
vt 0.95580 -0.44100
vt 0.94510 -0.44100
vt 0.93380 -0.44100
vt 0.95580 -0.43100
vt 0.94510 -0.43100
vt 0.93380 -0.43100
vt 0.95580 -0.42250
vt 0.94510 -0.42250
vt 0.95580 -0.41660
vt 0.94510 -0.41390
vt 0.94510 -0.41660
vt 0.93380 -0.42250
vt 0.94510 -0.41390
vt 0.94510 -0.41390
vt 0.94510 -0.41120
vt 0.93110 -0.42660
vt 0.93240 -0.43100
vt 0.93140 -0.43640
vt 0.92920 -0.42270
vt 0.92920 -0.44080
vt 0.92450 -0.44080
vt 0.92060 -0.44350
vt 0.93380 -0.41320
vt 0.92480 -0.42270
vt 0.92060 -0.41980
vt 0.91580 -0.45030
vt 0.91580 -0.44440
vt 0.91090 -0.44350
vt 0.91580 -0.41320
vt 0.91580 -0.41880
vt 0.91060 -0.41980
vt 0.89770 -0.45960
vt 0.89770 -0.45030
vt 0.90670 -0.44080
vt 0.89770 -0.41320
vt 0.90670 -0.42270
vt 0.89770 -0.46890
vt 0.89770 -0.44100
vt 0.90400 -0.43640
vt 0.78900 -0.45030
vt 0.89770 -0.43100
vt 0.90310 -0.43100
vt 0.90400 -0.42640
vt 0.78900 -0.44100
vt 0.78900 -0.43100
vt 0.89770 -0.42250
vt 0.78900 -0.42250
vt 0.78900 -0.41320
vt 0.78900 -0.40390
vt 0.64930 -0.42250
vt 0.64930 -0.41320
vt 0.64930 -0.43100
vt 0.62200 -0.42250
vt 0.64930 -0.44100
vt 0.62200 -0.43100
vt 0.62200 -0.44100
vt 0.64930 -0.45030
vt 0.62200 -0.45030
vt 0.78900 -0.45960
vt 0.64930 -0.45960
vt 0.78900 -0.46890
vt 0.62200 -0.45960
vt 0.64930 -0.46890
vt 0.62200 -0.46890
vt 0.34090 -0.45960
vt 0.34090 -0.46890
vt 0.34090 -0.45030
vt 0.34090 -0.44100
vt 0.27110 -0.45960
vt 0.34090 -0.43100
vt 0.27110 -0.45030
vt 0.27110 -0.44100
vt 0.34090 -0.42250
vt 0.27110 -0.46890
vt 0.23100 -0.45960
vt 0.23100 -0.46890
vt 0.23100 -0.45030
vt 0.27110 -0.43100
vt 0.23100 -0.44100
vt 0.20370 -0.45960
vt 0.20370 -0.45030
vt 0.00780 -0.45030
vt 0.00780 -0.44100
vt 0.00780 -0.45960
vt 0.20370 -0.44100
vt 0.00780 -0.43100
vt 0.20370 -0.46890
vt 0.00780 -0.46890
vt 0.20370 -0.47810
vt 0.00780 -0.47810
vt 0.23100 -0.47810
vt 0.20370 -0.48740
vt 0.00780 -0.48740
vt 0.27110 -0.47810
vt 0.23100 -0.48740
vt 0.20370 -0.49670
vt 0.00780 -0.49670
vt 0.34090 -0.47810
vt 0.27110 -0.48740
vt 0.23100 -0.49670
vt 0.20370 -0.50530
vt 0.00780 -0.50530
vt 0.62200 -0.47810
vt 0.34090 -0.48740
vt 0.27110 -0.49670
vt 0.23100 -0.50530
vt 0.20370 -0.51530
vt 0.00780 -0.51530
vt 0.20370 -0.52450
vt 0.00780 -0.52450
vt 0.23100 -0.51530
vt 0.27110 -0.50530
vt 0.20370 -0.53380
vt 0.34090 -0.49670
vt 0.00780 -0.53380
vt 0.23100 -0.52450
vt 0.27110 -0.51530
vt 0.20370 -0.54310
vt 0.34090 -0.50530
vt 0.00780 -0.54310
vt 0.23100 -0.53380
vt 0.27110 -0.52450
vt 0.20370 -0.55240
vt 0.34090 -0.51530
vt 0.00780 -0.55240
vt 0.23100 -0.54310
vt 0.27110 -0.53380
vt 0.20370 -0.56170
vt 0.34090 -0.52450
vt 0.00780 -0.56170
vt 0.23100 -0.55240
vt 0.27110 -0.54310
vt 0.20370 -0.57090
vt 0.34090 -0.53380
vt 0.00780 -0.57090
vt 0.23100 -0.56170
vt 0.27110 -0.55240
vt 0.20370 -0.57950
vt 0.34090 -0.54310
vt 0.00780 -0.57950
vt 0.23100 -0.57090
vt 0.27110 -0.56170
vt 0.20370 -0.58950
vt 0.34090 -0.55240
vt 0.00780 -0.58950
vt 0.23100 -0.57950
vt 0.27110 -0.57090
vt 0.20370 -0.59880
vt 0.34090 -0.56170
vt 0.00780 -0.59880
vt 0.23100 -0.58950
vt 0.27110 -0.57950
vt 0.20370 -0.60810
vt 0.34090 -0.57090
vt 0.00780 -0.60810
vt 0.23100 -0.59880
vt 0.27110 -0.58950
vt 0.20370 -0.61730
vt 0.34090 -0.57950
vt 0.00780 -0.61730
vt 0.23100 -0.60810
vt 0.27110 -0.59880
vt 0.20370 -0.62660
vt 0.34090 -0.58950
vt 0.00780 -0.62660
vt 0.23100 -0.61730
vt 0.27110 -0.60810
vt 0.20370 -0.63590
vt 0.34090 -0.59880
vt 0.00780 -0.63590
vt 0.23100 -0.62660
vt 0.27110 -0.61730
vt 0.20370 -0.64520
vt 0.34090 -0.60810
vt 0.00780 -0.64520
vt 0.23100 -0.63590
vt 0.27110 -0.62660
vt 0.20370 -0.65370
vt 0.34090 -0.61730
vt 0.00780 -0.65370
vt 0.23100 -0.64520
vt 0.27110 -0.63590
vt 0.20370 -0.66370
vt 0.23100 -0.65370
vt 0.23100 -0.66370
vt 0.27110 -0.64520
vt 0.27110 -0.65370
vt 0.34090 -0.65370
vt 0.34090 -0.64520
vt 0.34090 -0.63590
vt 0.34090 -0.62660
vt 0.62200 -0.65370
vt 0.62200 -0.64520
vt 0.62200 -0.63590
vt 0.64930 -0.65370
vt 0.64930 -0.64520
vt 0.64930 -0.63590
vt 0.62200 -0.62660
vt 0.64930 -0.62660
vt 0.78900 -0.64520
vt 0.78900 -0.63590
vt 0.62200 -0.61730
vt 0.64930 -0.61730
vt 0.78900 -0.62660
vt 0.62200 -0.60810
vt 0.64930 -0.60810
vt 0.78900 -0.61730
vt 0.62200 -0.59880
vt 0.64930 -0.59880
vt 0.78900 -0.60810
vt 0.62200 -0.58950
vt 0.64930 -0.58950
vt 0.78900 -0.59880
vt 0.62200 -0.57950
vt 0.64930 -0.57950
vt 0.78900 -0.58950
vt 0.89770 -0.60810
vt 0.62200 -0.57090
vt 0.89770 -0.59880
vt 0.64930 -0.57090
vt 0.78900 -0.57950
vt 0.89770 -0.58950
vt 0.62200 -0.56170
vt 0.64930 -0.56170
vt 0.90670 -0.58900
vt 0.90400 -0.58490
vt 0.91090 -0.59190
vt 0.89770 -0.57950
vt 0.90310 -0.57950
vt 0.90400 -0.57480
vt 0.91580 -0.59880
vt 0.91580 -0.59290
vt 0.92060 -0.59190
vt 0.89770 -0.57090
vt 0.90670 -0.57120
vt 0.78900 -0.57090
vt 0.89770 -0.56170
vt 0.78900 -0.56170
vt 0.91060 -0.56830
vt 0.64930 -0.55240
vt 0.91580 -0.56170
vt 0.91580 -0.56730
vt 0.92060 -0.56830
vt 0.62200 -0.55240
vt 0.62200 -0.54310
vt 0.64930 -0.54310
vt 0.78900 -0.55240
vt 0.62200 -0.53380
vt 0.64930 -0.53380
vt 0.78900 -0.54310
vt 0.89770 -0.55240
vt 0.62200 -0.52450
vt 0.64930 -0.52450
vt 0.78900 -0.53380
vt 0.89770 -0.54310
vt 0.93380 -0.55240
vt 0.89770 -0.53380
vt 0.78900 -0.52450
vt 0.64930 -0.51530
vt 0.62200 -0.51530
vt 0.62200 -0.50530
vt 0.64930 -0.50530
vt 0.78900 -0.51530
vt 0.89770 -0.52450
vt 0.62200 -0.49670
vt 0.64930 -0.49670
vt 0.78900 -0.50530
vt 0.89770 -0.51530
vt 0.62200 -0.48740
vt 0.64930 -0.48740
vt 0.64930 -0.47810
vt 0.78900 -0.49670
vt 0.78900 -0.48740
vt 0.78900 -0.47810
vt 0.89770 -0.50530
vt 0.89770 -0.48740
vt 0.89770 -0.49670
vt 0.89770 -0.47810
vt 0.90670 -0.49690
vt 0.90400 -0.50060
vt 0.91060 -0.49400
vt 0.90310 -0.50530
vt 0.90400 -0.51060
vt 0.90670 -0.51480
vt 0.91090 -0.51770
vt 0.91580 -0.48740
vt 0.91580 -0.49300
vt 0.92060 -0.49400
vt 0.91580 -0.52450
vt 0.91580 -0.51870
vt 0.92060 -0.51770
vt 0.93380 -0.48740
vt 0.92480 -0.49690
vt 0.92920 -0.49670
vt 0.93380 -0.49670
vt 0.93110 -0.50060
vt 0.93380 -0.50530
vt 0.93240 -0.50530
vt 0.94510 -0.50530
vt 0.93140 -0.51060
vt 0.95580 -0.51530
vt 0.94510 -0.51530
vt 0.93380 -0.51530
vt 0.92920 -0.51500
vt 0.96480 -0.52450
vt 0.95580 -0.52450
vt 0.94510 -0.52450
vt 0.93380 -0.52450
vt 0.92450 -0.51480
vt 0.93380 -0.53380
vt 0.94510 -0.53380
vt 0.95580 -0.53380
vt 0.93380 -0.54310
vt 0.94510 -0.54310
vt 0.96480 -0.53380
vt 0.95580 -0.54310
vt 0.96480 -0.54310
vt 0.97390 -0.53380
vt 0.97390 -0.54310
vt 0.98240 -0.54310
vt 0.98240 -0.55240
vt 0.97390 -0.55240
vt 0.97390 -0.56170
vt 0.97390 -0.57090
vt 0.96480 -0.55240
vt 0.96480 -0.56170
vt 0.96480 -0.57090
vt 0.97390 -0.57950
vt 0.96480 -0.57950
vt 0.96480 -0.58950
vt 0.96480 -0.59880
vt 0.95580 -0.58950
vt 0.96480 -0.60810
vt 0.95580 -0.59880
vt 0.95580 -0.60810
vt 0.95580 -0.61730
vt 0.94510 -0.61730
vt 0.94510 -0.60810
vt 0.93380 -0.61730
vt 0.94510 -0.59880
vt 0.93380 -0.60810
vt 0.89770 -0.61730
vt 0.89770 -0.62660
vt 0.89770 -0.64520
vt 0.90400 -0.64910
vt 0.89770 -0.65370
vt 0.90310 -0.65370
vt 0.90400 -0.65910
vt 0.78900 -0.65370
vt 0.89770 -0.66370
vt 0.78900 -0.66370
vt 0.28060 -0.89430
vt 0.25350 -0.90330
vt 0.30670 -0.88420
vt 0.53110 -0.88420
vt 0.22610 -0.91160
vt 0.20050 -0.91940
vt 0.30670 -0.87570
vt 0.53110 -0.87570
vt 0.28060 -0.88420
vt 0.30670 -0.86640
vt 0.53110 -0.86640
vt 0.28060 -0.87570
vt 0.25350 -0.89400
vt 0.25350 -0.88420
vt 0.30670 -0.85710
vt 0.53110 -0.85710
vt 0.28060 -0.86640
vt 0.25350 -0.87570
vt 0.30670 -0.84790
vt 0.53110 -0.84790
vt 0.28060 -0.85710
vt 0.25350 -0.86670
vt 0.30670 -0.83860
vt 0.53110 -0.83860
vt 0.28060 -0.84790
vt 0.25350 -0.85760
vt 0.30670 -0.82930
vt 0.53110 -0.82930
vt 0.28060 -0.83860
vt 0.25350 -0.84790
vt 0.30670 -0.82000
vt 0.53110 -0.82000
vt 0.28060 -0.82930
vt 0.25350 -0.83810
vt 0.22610 -0.84640
vt 0.30670 -0.81000
vt 0.53110 -0.81000
vt 0.28060 -0.82000
vt 0.25350 -0.82910
vt 0.22610 -0.83740
vt 0.20050 -0.84520
vt 0.30670 -0.80150
vt 0.53110 -0.80150
vt 0.28060 -0.81000
vt 0.25350 -0.81980
vt 0.22610 -0.82860
vt 0.20050 -0.83660
vt 0.17560 -0.84370
vt 0.17560 -0.83540
vt 0.15140 -0.84150
vt 0.20050 -0.82810
vt 0.22610 -0.81950
vt 0.25350 -0.81000
vt 0.15140 -0.83370
vt 0.12770 -0.83830
vt 0.17560 -0.82740
vt 0.20050 -0.81930
vt 0.22610 -0.81000
vt 0.12770 -0.83150
vt 0.10530 -0.83420
vt 0.15140 -0.82610
vt 0.17560 -0.81900
vt 0.20050 -0.81000
vt 0.10530 -0.82830
vt 0.08450 -0.82930
vt 0.12770 -0.82440
vt 0.15140 -0.81830
vt 0.17560 -0.81000
vt 0.08450 -0.82470
vt 0.06720 -0.82490
vt 0.10530 -0.82250
vt 0.12770 -0.81760
vt 0.15140 -0.81000
vt 0.06720 -0.82120
vt 0.05270 -0.82080
vt 0.08450 -0.82000
vt 0.10530 -0.81660
vt 0.12770 -0.81000
vt 0.05270 -0.81830
vt 0.04180 -0.81730
vt 0.06720 -0.81780
vt 0.08450 -0.81540
vt 0.10530 -0.81000
vt 0.04180 -0.81560
vt 0.03270 -0.81470
vt 0.05270 -0.81560
vt 0.03270 -0.81250
vt 0.02610 -0.81250
vt 0.04180 -0.81390
vt 0.02610 -0.81120
vt 0.03270 -0.81000
vt 0.02610 -0.81000
vt 0.04180 -0.81220
vt 0.05270 -0.81290
vt 0.06720 -0.81420
vt 0.03270 -0.80810
vt 0.02610 -0.80900
vt 0.03270 -0.80590
vt 0.02610 -0.80780
vt 0.08450 -0.81000
vt 0.06720 -0.81000
vt 0.04180 -0.80490
vt 0.04180 -0.80320
vt 0.05270 -0.80000
vt 0.05270 -0.80270
vt 0.06720 -0.79610
vt 0.04180 -0.80660
vt 0.04180 -0.80850
vt 0.05270 -0.80510
vt 0.06720 -0.79980
vt 0.08450 -0.79170
vt 0.04180 -0.81000
vt 0.05270 -0.80780
vt 0.05270 -0.81000
vt 0.06720 -0.80320
vt 0.06720 -0.80680
vt 0.08450 -0.79630
vt 0.10530 -0.78730
vt 0.08450 -0.80120
vt 0.08450 -0.80590
vt 0.10530 -0.79290
vt 0.12770 -0.78320
vt 0.10530 -0.79880
vt 0.10530 -0.80490
vt 0.12770 -0.79000
vt 0.15140 -0.78000
vt 0.12770 -0.79680
vt 0.12770 -0.80390
vt 0.15140 -0.78750
vt 0.17560 -0.77780
vt 0.15140 -0.79540
vt 0.15140 -0.80290
vt 0.17560 -0.78610
vt 0.20050 -0.77610
vt 0.17560 -0.79410
vt 0.17560 -0.80240
vt 0.20050 -0.78490
vt 0.22610 -0.77510
vt 0.20050 -0.79340
vt 0.20050 -0.80220
vt 0.22610 -0.78390
vt 0.25350 -0.77360
vt 0.22610 -0.79290
vt 0.22610 -0.80170
vt 0.25350 -0.78340
vt 0.25350 -0.79240
vt 0.25350 -0.80150
vt 0.28060 -0.80150
vt 0.28060 -0.79220
vt 0.30670 -0.79220
vt 0.53110 -0.79220
vt 0.30670 -0.78290
vt 0.53110 -0.78290
vt 0.28060 -0.78290
vt 0.30670 -0.77360
vt 0.53110 -0.77360
vt 0.28060 -0.77360
vt 0.30670 -0.76430
vt 0.53110 -0.76430
vt 0.28060 -0.76430
vt 0.30670 -0.75510
vt 0.53110 -0.75510
vt 0.25350 -0.76390
vt 0.22610 -0.77220
vt 0.28060 -0.75510
vt 0.30670 -0.74580
vt 0.53110 -0.74580
vt 0.22610 -0.76310
vt 0.20050 -0.77090
vt 0.25350 -0.75480
vt 0.28060 -0.74580
vt 0.30670 -0.73580
vt 0.53110 -0.73580
vt 0.20050 -0.76240
vt 0.17560 -0.76950
vt 0.22610 -0.75430
vt 0.25350 -0.74550
vt 0.28060 -0.73580
vt 0.30670 -0.72720
vt 0.53110 -0.72720
vt 0.30670 -0.71790
vt 0.53110 -0.71790
vt 0.28060 -0.72720
vt 0.25350 -0.73580
vt 0.30670 -0.70870
vt 0.22610 -0.74530
vt 0.53110 -0.70870
vt 0.30670 -0.69940
vt 0.53110 -0.69940
vt 0.28060 -0.71790
vt 0.28060 -0.70870
vt 0.28060 -0.69940
vt 0.25350 -0.72750
vt 0.25350 -0.71820
vt 0.25350 -0.70920
vt 0.25350 -0.69990
vt 0.22610 -0.73580
vt 0.22610 -0.72750
vt 0.22610 -0.71870
vt 0.22610 -0.70960
vt 0.22610 -0.70090
vt 0.20050 -0.71060
vt 0.20050 -0.70180
vt 0.20050 -0.71920
vt 0.20050 -0.72800
vt 0.20050 -0.73580
vt 0.17560 -0.71180
vt 0.17560 -0.70350
vt 0.17560 -0.71990
vt 0.17560 -0.72820
vt 0.17560 -0.73580
vt 0.15140 -0.71330
vt 0.15140 -0.70570
vt 0.15140 -0.72110
vt 0.15140 -0.72870
vt 0.15140 -0.73580
vt 0.12770 -0.71580
vt 0.12770 -0.70890
vt 0.12770 -0.72260
vt 0.12770 -0.72970
vt 0.12770 -0.73580
vt 0.10530 -0.71870
vt 0.10530 -0.71310
vt 0.10530 -0.72450
vt 0.10530 -0.73060
vt 0.10530 -0.73580
vt 0.08450 -0.72210
vt 0.08450 -0.71750
vt 0.08450 -0.72700
vt 0.08450 -0.73160
vt 0.08450 -0.73580
vt 0.06720 -0.72550
vt 0.06720 -0.72190
vt 0.06720 -0.72890
vt 0.06720 -0.73260
vt 0.06720 -0.73580
vt 0.05270 -0.72840
vt 0.05270 -0.72580
vt 0.05270 -0.73090
vt 0.05270 -0.73360
vt 0.05270 -0.73580
vt 0.04180 -0.73060
vt 0.04180 -0.72890
vt 0.03270 -0.73160
vt 0.04180 -0.73240
vt 0.03270 -0.73380
vt 0.02610 -0.73480
vt 0.02610 -0.73360
vt 0.02610 -0.73580
vt 0.04180 -0.73430
vt 0.03270 -0.73580
vt 0.02610 -0.73700
vt 0.04180 -0.73580
vt 0.03270 -0.73820
vt 0.02610 -0.73820
vt 0.04180 -0.73800
vt 0.03270 -0.74040
vt 0.05270 -0.73870
vt 0.04180 -0.73970
vt 0.04180 -0.74140
vt 0.04180 -0.74310
vt 0.05270 -0.74140
vt 0.06720 -0.73990
vt 0.05270 -0.74410
vt 0.05270 -0.74650
vt 0.06720 -0.74360
vt 0.08450 -0.74110
vt 0.06720 -0.74700
vt 0.06720 -0.75070
vt 0.08450 -0.74580
vt 0.10530 -0.74240
vt 0.08450 -0.75040
vt 0.08450 -0.75510
vt 0.10530 -0.74820
vt 0.12770 -0.74330
vt 0.10530 -0.75410
vt 0.10530 -0.76000
vt 0.12770 -0.75020
vt 0.15140 -0.74410
vt 0.12770 -0.75730
vt 0.12770 -0.76410
vt 0.15140 -0.75190
vt 0.17560 -0.74480
vt 0.15140 -0.75950
vt 0.15140 -0.76730
vt 0.17560 -0.75310
vt 0.20050 -0.74510
vt 0.17560 -0.76120
vt 0.20050 -0.75380
vt 0.97530 -0.83540
vt 0.97170 -0.83610
vt 0.97920 -0.83610
vt 0.96800 -0.83830
vt 0.98290 -0.83830
vt 0.99580 -0.83860
vt 0.96560 -0.84080
vt 0.98530 -0.84050
vt 0.96390 -0.84400
vt 0.98710 -0.84400
vt 0.99580 -0.84790
vt 0.96340 -0.84790
vt 0.98750 -0.84790
vt 0.96390 -0.85150
vt 0.98710 -0.85150
vt 0.99580 -0.85710
vt 0.96560 -0.85490
vt 0.98530 -0.85490
vt 0.96800 -0.85740
vt 0.98290 -0.85740
vt 0.97170 -0.85960
vt 0.97920 -0.85960
vt 0.97530 -0.86010
vt 0.23100 -0.43100
vt 0.20370 -0.43100
vt 0.00780 -0.42250
vt 0.27110 -0.42250
vt 0.23100 -0.42250
vt 0.20370 -0.42250
vt 0.00780 -0.41320
vt 0.20370 -0.41320
vt 0.00780 -0.40390
vt 0.23100 -0.41320
vt 0.27110 -0.41320
vt 0.34090 -0.41320
vt 0.20370 -0.40390
vt 0.00780 -0.39460
vt 0.20370 -0.39460
vt 0.23100 -0.39460
vt 0.23100 -0.40390
vt 0.27110 -0.39460
vt 0.27110 -0.40390
vt 0.34090 -0.39460
vt 0.34090 -0.40390
vt 0.62200 -0.39460
vt 0.62200 -0.40390
vt 0.64930 -0.39460
vt 0.62200 -0.41320
vt 0.64930 -0.40390
vt 0.78930 -0.39460
vt 0.89770 -0.40390
vt 0.89770 -0.39460
vt 0.93380 -0.40390
vt 0.94510 -0.41120
vt 0.93380 -0.39460
vt 0.94510 -0.40390
vt 0.94510 -0.39460
vt 0.25640 -0.35120
vt 0.26320 -0.34650
vt 0.25960 -0.34850
vt 0.26720 -0.34550
vt 0.27110 -0.34510
vt 0.27520 -0.34550
vt 0.27910 -0.34650
vt 0.28250 -0.34850
vt 0.28570 -0.35120
vt 0.28840 -0.35430
vt 0.29040 -0.35780
vt 0.29130 -0.36170
vt 0.29180 -0.36580
vt 0.29130 -0.36970
vt 0.29040 -0.37360
vt 0.28840 -0.37730
vt 0.28570 -0.38050
vt 0.28250 -0.38290
vt 0.27910 -0.38490
vt 0.27520 -0.38610
vt 0.27110 -0.38660
vt 0.26720 -0.38610
vt 0.26320 -0.38490
vt 0.25960 -0.38290
vt 0.25640 -0.38050
vt 0.25400 -0.37730
vt 0.25200 -0.37360
vt 0.25080 -0.36970
vt 0.25030 -0.36580
vt 0.25080 -0.36170
vt 0.25200 -0.35780
vt 0.25400 -0.35430
vt 0.99560 -0.46890
vt 0.99070 -0.45960
vt 0.99560 -0.45960
vt 0.99070 -0.45030
vt 0.99070 -0.46890
vt 0.99560 -0.45030
vt 0.99560 -0.47810
vt 0.99070 -0.44100
vt 0.99070 -0.47810
vt 0.99560 -0.44100
vt 0.99560 -0.48740
vt 0.99070 -0.43100
vt 0.99070 -0.48740
vt 0.99560 -0.43100
vt 0.99560 -0.49670
vt 0.99070 -0.42250
vt 0.99070 -0.49670
vt 0.99560 -0.42250
vt 0.99560 -0.50530
vt 0.99070 -0.41780
vt 0.99070 -0.50530
vt 0.99560 -0.41320
vt 0.99560 -0.51530
vt 0.99070 -0.41320
vt 0.99070 -0.51530
vt 0.99070 -0.40390
vt 0.99560 -0.52450
vt 0.99560 -0.40390
vt 0.99070 -0.39460
vt 0.99560 -0.39460
vt 0.99070 -0.52450
vt 0.99560 -0.53380
vt 0.99070 -0.53380
vt 0.99560 -0.54310
vt 0.99070 -0.54310
vt 0.99560 -0.55240
vt 0.99070 -0.55240
vt 0.99560 -0.56170
vt 0.99070 -0.56170
vt 0.99560 -0.57090
vt 0.99070 -0.57090
vt 0.99560 -0.57950
vt 0.99070 -0.57950
vt 0.99560 -0.58950
vt 0.99070 -0.58950
vt 0.99560 -0.59880
vt 0.99070 -0.59880
vt 0.99560 -0.60810
vt 0.99070 -0.60810
vt 0.99560 -0.61730
vt 0.99070 -0.61730
vt 0.99560 -0.62660
vt 0.99070 -0.62660
vt 0.99560 -0.63590
vt 0.99070 -0.63590
vt 0.99560 -0.64520
vt 0.99070 -0.64520
vt 0.99560 -0.65370
vt 0.99070 -0.65370
vt 0.99560 -0.66370
vt 0.99070 -0.66370
vt 0.99070 -0.66840
vt 0.99560 -0.67300
vt 0.99070 -0.67300
vt 0.99560 -0.68230
vt 0.99070 -0.68230
vt 0.99560 -0.69160
vt 0.99070 -0.69160
vt 0.99630 -0.46890
vt 0.99560 -0.45960
vt 0.99630 -0.45960
vt 0.99560 -0.45030
vt 0.99560 -0.46890
vt 0.99630 -0.45030
vt 0.99630 -0.47810
vt 0.99560 -0.44100
vt 0.99560 -0.47810
vt 0.99630 -0.44100
vt 0.99630 -0.48740
vt 0.99560 -0.43100
vt 0.99560 -0.48740
vt 0.99630 -0.43100
vt 0.99630 -0.49670
vt 0.99560 -0.42250
vt 0.99560 -0.49670
vt 0.99630 -0.42250
vt 0.99630 -0.50530
vt 0.99560 -0.41320
vt 0.99560 -0.50530
vt 0.99630 -0.41320
vt 0.99630 -0.51530
vt 0.99560 -0.40390
vt 0.99560 -0.51530
vt 0.99630 -0.40390
vt 0.99560 -0.39460
vt 0.99630 -0.39460
vt 0.99630 -0.52450
vt 0.99560 -0.52450
vt 0.99630 -0.53380
vt 0.99560 -0.53380
vt 0.99630 -0.54310
vt 0.99560 -0.54310
vt 0.99630 -0.55240
vt 0.99560 -0.55240
vt 0.99630 -0.56170
vt 0.99560 -0.56170
vt 0.99630 -0.57090
vt 0.99560 -0.57090
vt 0.99630 -0.57950
vt 0.99560 -0.57950
vt 0.99630 -0.58950
vt 0.99560 -0.58950
vt 0.99630 -0.59880
vt 0.99560 -0.59880
vt 0.99630 -0.60810
vt 0.99560 -0.60810
vt 0.99630 -0.61730
vt 0.99560 -0.61730
vt 0.99630 -0.62660
vt 0.99560 -0.62660
vt 0.99630 -0.63590
vt 0.99560 -0.63590
vt 0.99630 -0.64520
vt 0.99560 -0.64520
vt 0.99630 -0.65370
vt 0.99560 -0.65370
vt 0.99630 -0.66370
vt 0.99560 -0.66370
vt 0.99560 -0.67300
vt 0.99630 -0.67300
vt 0.99630 -0.68230
vt 0.99560 -0.68230
vt 0.99630 -0.69160
vt 0.99560 -0.69160
vt 0.20000 -0.29260
vt 0.19780 -0.28740
vt 0.20000 -0.28740
vt 0.19780 -0.28210
vt 0.19780 -0.29260
vt 0.20000 -0.28210
vt 0.20000 -0.29770
vt 0.19780 -0.27690
vt 0.19780 -0.29770
vt 0.20000 -0.27690
vt 0.20000 -0.30260
vt 0.19780 -0.27160
vt 0.19780 -0.30260
vt 0.20000 -0.27160
vt 0.20000 -0.30770
vt 0.19780 -0.26620
vt 0.19780 -0.30770
vt 0.20000 -0.26620
vt 0.20000 -0.31260
vt 0.19780 -0.26110
vt 0.19780 -0.31260
vt 0.20000 -0.26110
vt 0.20000 -0.31750
vt 0.19780 -0.25570
vt 0.19780 -0.31750
vt 0.20000 -0.25570
vt 0.20000 -0.32210
vt 0.19780 -0.25030
vt 0.19780 -0.32210
vt 0.20000 -0.25030
vt 0.20000 -0.32670
vt 0.19780 -0.24490
vt 0.19780 -0.32670
vt 0.20000 -0.33110
vt 0.19780 -0.33110
vt 0.20000 -0.24490
vt 0.19780 -0.23960
vt 0.20000 -0.23960
vt 0.19780 -0.23420
vt 0.20000 -0.23420
vt 0.19780 -0.22880
vt 0.20000 -0.22880
vt 0.19780 -0.22370
vt 0.20000 -0.22370
vt 0.19780 -0.21830
vt 0.20000 -0.21830
vt 0.19780 -0.21320
vt 0.20000 -0.21320
vt 0.19780 -0.20810
vt 0.20000 -0.20810
vt 0.19780 -0.20320
vt 0.20000 -0.20320
vt 0.19780 -0.19830
vt 0.20000 -0.19830
vt 0.19780 -0.19340
vt 0.20000 -0.19340
vt 0.19780 -0.18850
vt 0.20000 -0.18850
vt 0.19780 -0.18390
vt 0.20000 -0.18390
vt 0.19780 -0.17920
vt 0.20000 -0.17920
vt 0.19780 -0.17460
vt 0.20000 -0.17460
vt 0.19780 -0.17020
vt 0.20000 -0.17020
vt 0.28840 -0.29260
vt 0.26250 -0.28740
vt 0.28840 -0.28740
vt 0.26250 -0.28210
vt 0.26250 -0.29260
vt 0.28840 -0.28210
vt 0.28840 -0.29770
vt 0.26250 -0.27690
vt 0.26250 -0.29770
vt 0.28840 -0.27690
vt 0.28840 -0.30260
vt 0.26250 -0.27160
vt 0.26250 -0.30260
vt 0.28840 -0.27160
vt 0.28840 -0.30770
vt 0.26250 -0.26620
vt 0.26250 -0.30770
vt 0.28840 -0.26620
vt 0.28840 -0.31260
vt 0.26250 -0.26110
vt 0.26250 -0.31260
vt 0.28840 -0.26110
vt 0.28840 -0.31750
vt 0.26250 -0.25570
vt 0.26250 -0.31750
vt 0.28840 -0.25570
vt 0.28840 -0.32210
vt 0.26250 -0.25030
vt 0.26250 -0.32210
vt 0.28840 -0.25030
vt 0.28840 -0.32670
vt 0.26250 -0.24490
vt 0.26250 -0.32670
vt 0.28840 -0.33110
vt 0.26250 -0.33110
vt 0.28840 -0.24490
vt 0.26250 -0.23960
vt 0.28840 -0.23960
vt 0.26250 -0.23420
vt 0.28840 -0.23420
vt 0.26250 -0.22880
vt 0.28840 -0.22880
vt 0.26250 -0.22370
vt 0.28840 -0.22370
vt 0.26250 -0.21830
vt 0.28840 -0.21830
vt 0.26250 -0.21320
vt 0.28840 -0.21320
vt 0.26250 -0.20810
vt 0.28840 -0.20810
vt 0.26250 -0.20320
vt 0.28840 -0.20320
vt 0.26250 -0.19830
vt 0.28840 -0.19830
vt 0.26250 -0.19340
vt 0.28840 -0.19340
vt 0.26250 -0.18850
vt 0.28840 -0.18850
vt 0.26250 -0.18390
vt 0.28840 -0.18390
vt 0.26250 -0.17920
vt 0.28840 -0.17920
vt 0.26250 -0.17460
vt 0.28840 -0.17460
vt 0.26250 -0.17020
vt 0.28840 -0.17020
vt 0.25890 -0.28740
vt 0.26080 -0.29260
vt 0.25890 -0.29260
vt 0.26250 -0.28740
vt 0.26250 -0.29260
vt 0.26080 -0.28740
vt 0.26250 -0.28210
vt 0.26080 -0.29770
vt 0.26250 -0.29770
vt 0.26080 -0.28210
vt 0.26250 -0.27690
vt 0.25890 -0.28210
vt 0.26080 -0.30260
vt 0.26250 -0.30260
vt 0.26080 -0.27690
vt 0.25890 -0.29770
vt 0.26250 -0.27160
vt 0.26080 -0.30770
vt 0.26250 -0.30770
vt 0.25890 -0.30260
vt 0.26080 -0.27160
vt 0.26250 -0.26620
vt 0.26080 -0.31260
vt 0.26250 -0.31260
vt 0.25890 -0.30770
vt 0.26080 -0.26620
vt 0.26250 -0.26110
vt 0.26080 -0.31750
vt 0.26250 -0.31750
vt 0.25890 -0.31260
vt 0.26080 -0.26110
vt 0.26250 -0.25570
vt 0.26080 -0.32210
vt 0.26250 -0.32210
vt 0.25890 -0.31750
vt 0.26080 -0.25570
vt 0.26250 -0.25030
vt 0.26080 -0.32670
vt 0.26250 -0.32670
vt 0.26080 -0.33110
vt 0.26250 -0.33110
vt 0.25890 -0.32210
vt 0.25890 -0.32670
vt 0.25890 -0.33110
vt 0.25790 -0.33090
vt 0.25790 -0.32670
vt 0.24930 -0.33110
vt 0.25790 -0.32210
vt 0.24930 -0.32670
vt 0.23710 -0.32670
vt 0.23710 -0.33110
vt 0.25790 -0.31750
vt 0.24930 -0.32210
vt 0.23710 -0.32210
vt 0.22540 -0.32670
vt 0.22540 -0.33110
vt 0.22540 -0.32210
vt 0.23710 -0.31750
vt 0.22540 -0.31750
vt 0.21270 -0.32670
vt 0.21270 -0.33110
vt 0.20000 -0.32670
vt 0.20000 -0.33110
vt 0.20000 -0.32210
vt 0.21270 -0.32210
vt 0.20000 -0.31750
vt 0.21270 -0.31750
vt 0.20000 -0.31260
vt 0.21270 -0.31260
vt 0.20000 -0.30770
vt 0.22540 -0.31260
vt 0.21270 -0.30770
vt 0.20000 -0.30260
vt 0.21270 -0.30260
vt 0.20000 -0.29770
vt 0.22540 -0.30770
vt 0.23710 -0.31260
vt 0.24930 -0.31750
vt 0.21270 -0.29770
vt 0.20000 -0.29260
vt 0.22540 -0.30260
vt 0.21270 -0.29260
vt 0.20000 -0.28740
vt 0.22540 -0.29770
vt 0.23710 -0.30770
vt 0.23710 -0.30260
vt 0.24930 -0.31260
vt 0.24930 -0.30770
vt 0.25790 -0.31260
vt 0.25790 -0.30770
vt 0.25790 -0.30260
vt 0.24930 -0.30260
vt 0.25790 -0.29770
vt 0.23710 -0.29770
vt 0.24930 -0.29770
vt 0.25790 -0.29260
vt 0.22540 -0.29260
vt 0.23710 -0.29260
vt 0.24930 -0.29260
vt 0.25790 -0.28740
vt 0.21270 -0.28740
vt 0.20000 -0.28210
vt 0.22540 -0.28740
vt 0.21270 -0.28210
vt 0.20000 -0.27690
vt 0.23710 -0.28740
vt 0.22540 -0.28210
vt 0.21270 -0.27690
vt 0.20000 -0.27160
vt 0.24930 -0.28740
vt 0.23710 -0.28210
vt 0.22540 -0.27690
vt 0.21270 -0.27160
vt 0.20000 -0.26620
vt 0.25790 -0.28210
vt 0.24930 -0.28210
vt 0.23710 -0.27690
vt 0.22540 -0.27160
vt 0.21270 -0.26620
vt 0.20000 -0.26110
vt 0.21270 -0.26110
vt 0.20000 -0.25570
vt 0.22540 -0.26620
vt 0.23710 -0.27160
vt 0.24930 -0.27690
vt 0.21270 -0.25570
vt 0.20000 -0.25030
vt 0.22540 -0.26110
vt 0.23710 -0.26620
vt 0.24930 -0.27160
vt 0.21270 -0.25030
vt 0.20000 -0.24490
vt 0.22540 -0.25570
vt 0.23710 -0.26110
vt 0.24930 -0.26620
vt 0.21270 -0.24490
vt 0.20000 -0.23960
vt 0.22540 -0.25030
vt 0.23710 -0.25570
vt 0.24930 -0.26110
vt 0.21270 -0.23960
vt 0.20000 -0.23420
vt 0.22540 -0.24490
vt 0.23710 -0.25030
vt 0.24930 -0.25570
vt 0.21270 -0.23420
vt 0.20000 -0.22880
vt 0.22540 -0.23960
vt 0.23710 -0.24490
vt 0.24930 -0.25030
vt 0.21270 -0.22880
vt 0.20000 -0.22370
vt 0.22540 -0.23420
vt 0.23710 -0.23960
vt 0.24930 -0.24490
vt 0.21270 -0.22370
vt 0.20000 -0.21830
vt 0.22540 -0.22880
vt 0.23710 -0.23420
vt 0.24930 -0.23960
vt 0.21270 -0.21830
vt 0.20000 -0.21320
vt 0.22540 -0.22370
vt 0.23710 -0.22880
vt 0.24930 -0.23420
vt 0.21270 -0.21320
vt 0.20000 -0.20810
vt 0.22540 -0.21830
vt 0.23710 -0.22370
vt 0.24930 -0.22880
vt 0.21270 -0.20810
vt 0.20000 -0.20320
vt 0.22540 -0.21320
vt 0.23710 -0.21830
vt 0.24930 -0.22370
vt 0.21270 -0.20320
vt 0.20000 -0.19830
vt 0.22540 -0.20810
vt 0.23710 -0.21320
vt 0.24930 -0.21830
vt 0.21270 -0.19830
vt 0.20000 -0.19340
vt 0.22540 -0.20320
vt 0.23710 -0.20810
vt 0.24930 -0.21320
vt 0.21270 -0.19340
vt 0.20000 -0.18850
vt 0.22540 -0.19830
vt 0.23710 -0.20320
vt 0.24930 -0.20810
vt 0.21270 -0.18850
vt 0.20000 -0.18390
vt 0.22540 -0.19340
vt 0.23710 -0.19830
vt 0.24930 -0.20320
vt 0.21270 -0.18390
vt 0.20000 -0.17920
vt 0.22540 -0.18850
vt 0.23710 -0.19340
vt 0.24930 -0.19830
vt 0.21270 -0.17920
vt 0.20000 -0.17460
vt 0.22540 -0.18390
vt 0.23710 -0.18850
vt 0.24930 -0.19340
vt 0.21270 -0.17460
vt 0.20000 -0.17020
vt 0.21270 -0.17020
vt 0.22540 -0.17920
vt 0.22540 -0.17460
vt 0.22540 -0.17020
vt 0.23710 -0.18390
vt 0.23710 -0.17920
vt 0.23710 -0.17460
vt 0.23710 -0.17020
vt 0.24930 -0.18850
vt 0.24930 -0.18390
vt 0.24930 -0.17920
vt 0.24930 -0.17460
vt 0.24930 -0.17020
vt 0.25790 -0.17050
vt 0.25790 -0.17460
vt 0.25890 -0.17020
vt 0.25790 -0.17920
vt 0.25890 -0.17460
vt 0.26080 -0.17460
vt 0.26080 -0.17020
vt 0.26250 -0.17020
vt 0.26250 -0.17460
vt 0.26080 -0.17920
vt 0.26250 -0.17920
vt 0.25890 -0.17920
vt 0.25790 -0.18390
vt 0.26080 -0.18390
vt 0.26250 -0.18390
vt 0.25890 -0.18390
vt 0.25790 -0.18850
vt 0.26080 -0.18850
vt 0.26250 -0.18850
vt 0.25890 -0.18850
vt 0.25790 -0.19340
vt 0.26080 -0.19340
vt 0.26250 -0.19340
vt 0.25890 -0.19340
vt 0.25790 -0.19830
vt 0.26080 -0.19830
vt 0.26250 -0.19830
vt 0.25890 -0.19830
vt 0.25790 -0.20320
vt 0.26080 -0.20320
vt 0.26250 -0.20320
vt 0.25890 -0.20320
vt 0.25790 -0.20810
vt 0.26080 -0.20810
vt 0.26250 -0.20810
vt 0.25890 -0.20810
vt 0.25790 -0.21320
vt 0.26080 -0.21320
vt 0.26250 -0.21320
vt 0.25890 -0.21320
vt 0.25790 -0.21830
vt 0.26080 -0.21830
vt 0.26250 -0.21830
vt 0.25890 -0.21830
vt 0.25790 -0.22370
vt 0.25890 -0.22370
vt 0.25790 -0.22880
vt 0.26080 -0.22370
vt 0.26250 -0.22370
vt 0.26080 -0.22880
vt 0.26250 -0.22880
vt 0.25890 -0.22880
vt 0.25790 -0.23420
vt 0.26080 -0.23420
vt 0.26250 -0.23420
vt 0.25890 -0.23420
vt 0.25790 -0.23960
vt 0.26080 -0.23960
vt 0.26250 -0.23960
vt 0.25890 -0.23960
vt 0.25790 -0.24490
vt 0.26080 -0.24490
vt 0.26250 -0.24490
vt 0.25890 -0.24490
vt 0.25790 -0.25030
vt 0.26080 -0.25030
vt 0.25890 -0.25030
vt 0.25790 -0.25570
vt 0.25890 -0.25570
vt 0.25790 -0.26110
vt 0.25890 -0.26110
vt 0.25790 -0.26620
vt 0.25890 -0.26620
vt 0.25790 -0.27160
vt 0.25890 -0.27160
vt 0.25790 -0.27690
vt 0.25890 -0.27690
vt 0.93380 -0.59880
vt 0.92450 -0.58900
vt 0.92920 -0.58930
vt 0.94510 -0.58950
vt 0.93380 -0.58950
vt 0.93140 -0.58490
vt 0.95580 -0.57950
vt 0.94510 -0.57950
vt 0.95580 -0.57090
vt 0.93380 -0.57950
vt 0.93240 -0.57950
vt 0.93110 -0.57480
vt 0.94510 -0.57090
vt 0.93380 -0.57090
vt 0.92920 -0.57090
vt 0.95580 -0.56170
vt 0.94510 -0.56170
vt 0.95580 -0.55240
vt 0.94510 -0.55240
vt 0.93380 -0.56170
vt 0.92480 -0.57120
vt 0.02590 -0.71090
vt 0.02740 -0.70920
vt 0.02810 -0.71090
vt 0.03100 -0.70870
vt 0.02980 -0.70670
vt 0.03150 -0.71090
vt 0.02810 -0.70550
vt 0.03100 -0.71310
vt 0.02590 -0.70840
vt 0.02590 -0.70500
vt 0.02370 -0.70550
vt 0.02740 -0.71260
vt 0.02980 -0.71480
vt 0.02810 -0.71600
vt 0.02420 -0.70920
vt 0.02170 -0.70670
vt 0.02050 -0.70870
vt 0.02590 -0.71310
vt 0.02590 -0.71650
vt 0.02370 -0.71600
vt 0.02340 -0.71090
vt 0.02000 -0.71090
vt 0.02050 -0.71310
vt 0.02420 -0.71260
vt 0.02170 -0.71480
vt 0.03270 -0.88670
vt 0.02610 -0.88670
vt 0.02610 -0.88550
vt 0.03270 -0.88890
vt 0.03270 -0.88420
vt 0.02610 -0.88420
vt 0.04180 -0.88990
vt 0.04180 -0.89160
vt 0.05270 -0.89230
vt 0.05270 -0.89500
vt 0.04180 -0.88820
vt 0.06720 -0.89550
vt 0.06720 -0.89910
vt 0.05270 -0.88990
vt 0.06720 -0.89210
vt 0.08450 -0.89890
vt 0.08450 -0.90350
vt 0.08450 -0.89430
vt 0.06720 -0.88840
vt 0.10530 -0.90260
vt 0.10530 -0.90840
vt 0.10530 -0.89670
vt 0.08450 -0.88960
vt 0.10530 -0.89080
vt 0.12770 -0.90550
vt 0.12770 -0.91260
vt 0.12770 -0.89870
vt 0.12770 -0.89180
vt 0.15140 -0.90790
vt 0.15140 -0.91580
vt 0.15140 -0.90040
vt 0.15140 -0.89260
vt 0.17560 -0.90960
vt 0.17560 -0.91790
vt 0.17560 -0.90130
vt 0.17560 -0.89330
vt 0.20050 -0.91090
vt 0.20050 -0.90230
vt 0.22610 -0.90280
vt 0.22610 -0.89380
vt 0.20050 -0.89350
vt 0.22610 -0.88420
vt 0.20050 -0.88420
vt 0.22610 -0.87590
vt 0.17560 -0.88420
vt 0.20050 -0.87620
vt 0.22610 -0.86720
vt 0.15140 -0.88420
vt 0.17560 -0.87670
vt 0.20050 -0.86760
vt 0.22610 -0.85810
vt 0.22610 -0.84930
vt 0.20050 -0.85910
vt 0.20050 -0.85030
vt 0.17560 -0.86840
vt 0.17560 -0.86010
vt 0.17560 -0.85200
vt 0.15140 -0.87720
vt 0.15140 -0.86960
vt 0.15140 -0.86180
vt 0.15140 -0.85420
vt 0.12770 -0.88420
vt 0.12770 -0.87790
vt 0.10530 -0.88420
vt 0.12770 -0.87110
vt 0.10530 -0.87890
vt 0.08450 -0.88420
vt 0.12770 -0.86420
vt 0.12770 -0.85740
vt 0.10530 -0.87300
vt 0.10530 -0.86720
vt 0.10530 -0.86130
vt 0.08450 -0.88010
vt 0.08450 -0.87550
vt 0.08450 -0.87060
vt 0.08450 -0.86590
vt 0.06720 -0.88420
vt 0.06720 -0.88110
vt 0.06720 -0.87740
vt 0.06720 -0.87400
vt 0.06720 -0.87030
vt 0.05270 -0.88720
vt 0.05270 -0.88420
vt 0.04180 -0.88620
vt 0.04180 -0.88420
vt 0.05270 -0.88210
vt 0.04180 -0.88280
vt 0.05270 -0.87940
vt 0.03270 -0.88230
vt 0.04180 -0.88080
vt 0.02610 -0.88330
vt 0.03270 -0.88010
vt 0.02610 -0.88210
vt 0.04180 -0.87910
vt 0.04180 -0.87740
vt 0.05270 -0.87420
vt 0.05270 -0.87690
vt 0.08770 -0.22880
vt 0.09010 -0.23320
vt 0.08770 -0.23350
vt 0.09010 -0.22860
vt 0.08770 -0.22880
vt 0.08180 -0.22950
vt 0.08080 -0.22760
vt 0.08210 -0.23170
vt 0.08770 -0.23350
vt 0.08180 -0.23440
vt 0.08080 -0.23640
vt 0.08720 -0.24000
vt 0.08010 -0.24250
vt 0.08010 -0.23860
vt 0.08720 -0.24250
vt 0.06980 -0.24250
vt 0.06980 -0.23860
vt 0.06540 -0.24250
vt 0.06520 -0.23740
vt 0.06980 -0.23760
vt 0.04590 -0.24320
vt 0.04570 -0.23810
vt 0.04520 -0.24320
vt 0.03000 -0.23640
vt 0.02930 -0.24150
vt 0.11360 -0.13890
vt 0.11700 -0.13820
vt 0.11700 -0.14410
vt 0.11670 -0.13410
vt 0.11550 -0.13380
vt 0.11500 -0.14700
vt 0.11790 -0.14680
vt 0.11750 -0.14410
vt 0.11720 -0.16730
vt 0.12090 -0.16170
vt 0.12410 -0.16650
vt 0.06960 -0.22830
vt 0.06960 -0.23490
vt 0.06890 -0.23170
vt 0.07080 -0.23710
vt 0.07060 -0.22610
vt 0.08080 -0.23640
vt 0.08180 -0.23440
vt 0.08210 -0.23170
vt 0.08180 -0.22950
vt 0.08080 -0.22760
vt 0.06520 -0.23740
vt 0.06500 -0.22610
vt 0.06790 -0.23170
vt 0.06840 -0.22810
vt 0.06940 -0.22590
vt 0.06860 -0.23520
vt 0.06980 -0.23760
vt 0.03300 -0.22860
vt 0.04570 -0.23810
vt 0.03000 -0.23640
vt 0.01980 -0.22910
vt 0.01980 -0.22910
vt 0.02710 -0.24030
vt 0.01760 -0.23390
vt 0.03000 -0.23640
vt 0.01760 -0.23390
vt 0.00780 -0.22930
vt 0.01980 -0.22910
vt 0.00930 -0.22690
vt 0.06840 -0.22810
vt 0.07060 -0.22610
vt 0.06960 -0.22830
vt 0.06940 -0.22590
vt 0.06790 -0.23170
vt 0.06890 -0.23170
vt 0.06860 -0.23520
vt 0.06960 -0.23490
vt 0.06980 -0.23760
vt 0.07080 -0.23710
vt 0.01980 -0.22910
vt 0.01980 -0.22000
vt 0.02950 -0.22000
vt 0.03300 -0.22860
vt 0.03830 -0.22470
vt 0.06500 -0.22610
vt 0.01980 -0.22000
vt 0.01980 -0.22910
vt 0.00930 -0.22690
vt 0.08770 -0.20560
vt 0.09010 -0.20120
vt 0.09010 -0.20590
vt 0.08770 -0.20120
vt 0.08770 -0.20560
vt 0.08080 -0.20710
vt 0.08180 -0.20510
vt 0.08210 -0.20270
vt 0.08770 -0.20120
vt 0.08160 -0.20020
vt 0.08080 -0.19830
vt 0.08720 -0.19510
vt 0.08010 -0.19270
vt 0.08720 -0.19270
vt 0.07990 -0.19660
vt 0.06980 -0.19240
vt 0.06980 -0.19630
vt 0.06540 -0.19240
vt 0.06520 -0.19730
vt 0.06960 -0.19730
vt 0.04590 -0.19170
vt 0.04570 -0.19660
vt 0.02980 -0.19850
vt 0.04490 -0.19170
vt 0.02930 -0.19340
vt 0.11400 -0.19760
vt 0.11720 -0.19220
vt 0.11750 -0.19800
vt 0.11720 -0.20220
vt 0.11580 -0.20270
vt 0.11530 -0.18930
vt 0.11820 -0.18970
vt 0.11790 -0.19220
vt 0.11720 -0.16900
vt 0.12110 -0.17460
vt 0.12410 -0.16970
vt 0.06960 -0.20660
vt 0.07060 -0.19780
vt 0.07060 -0.20880
vt 0.06960 -0.20000
vt 0.06890 -0.20320
vt 0.08080 -0.19830
vt 0.08160 -0.20020
vt 0.08210 -0.20270
vt 0.08180 -0.20510
vt 0.08080 -0.20710
vt 0.06520 -0.19730
vt 0.06790 -0.20320
vt 0.06470 -0.20880
vt 0.06840 -0.20680
vt 0.06940 -0.20900
vt 0.06860 -0.19980
vt 0.06960 -0.19730
vt 0.03300 -0.20630
vt 0.04570 -0.19660
vt 0.02980 -0.19850
vt 0.01980 -0.20590
vt 0.01980 -0.20590
vt 0.02690 -0.19440
vt 0.02980 -0.19850
vt 0.01730 -0.20120
vt 0.01730 -0.20120
vt 0.01980 -0.20590
vt 0.00780 -0.20590
vt 0.00930 -0.20810
vt 0.06840 -0.20680
vt 0.07060 -0.20880
vt 0.06940 -0.20900
vt 0.06960 -0.20660
vt 0.06790 -0.20320
vt 0.06890 -0.20320
vt 0.06860 -0.19980
vt 0.06960 -0.20000
vt 0.06960 -0.19730
vt 0.07060 -0.19780
vt 0.01980 -0.20590
vt 0.02950 -0.21490
vt 0.01980 -0.21490
vt 0.03300 -0.20630
vt 0.03830 -0.21030
vt 0.06470 -0.20880
vt 0.01980 -0.22000
vt 0.00710 -0.21490
vt 0.01980 -0.21490
vt 0.00710 -0.22000
vt 0.00420 -0.21590
vt 0.00420 -0.21880
vt 0.02950 -0.21490
vt 0.01980 -0.22000
vt 0.01980 -0.21490
vt 0.02950 -0.22000
vt 0.01980 -0.21490
vt 0.00930 -0.20810
vt 0.01980 -0.20590
vt 0.12410 -0.16650
vt 0.11720 -0.16900
vt 0.11720 -0.16730
vt 0.12410 -0.16970
vt 0.41340 -0.16410
vt 0.41250 -0.07200
vt 0.41200 -0.16410
vt 0.41390 -0.07200
vt 0.41390 -0.07110
vt 0.41250 -0.07110
vt 0.41390 -0.07010
vt 0.41250 -0.07010
vt 0.41250 -0.06910
vt 0.41390 -0.06910
vt 0.40760 -0.06980
vt 0.24490 -0.16190
vt 0.24590 -0.16310
vt 0.40680 -0.06860
vt 0.40850 -0.06940
vt 0.40780 -0.06810
vt 0.85100 -0.38120
vt 0.82250 -0.38290
vt 0.82250 -0.38140
vt 0.85100 -0.38270
vt 0.87670 -0.38360
vt 0.87670 -0.38050
vt 0.25570 -0.13260
vt 0.22740 -0.06810
vt 0.25570 -0.06810
vt 0.22740 -0.16020
vt 0.23220 -0.16240
vt 0.33970 -0.08380
vt 0.39370 -0.06840
vt 0.36610 -0.06860
vt 0.23130 -0.16290
vt 0.22740 -0.16120
vt 0.22760 -0.16210
vt 0.23000 -0.16340
vt 0.22910 -0.16340
vt 0.22810 -0.16310
vt 0.41220 -0.07010
vt 0.41070 -0.06890
vt 0.40980 -0.06910
vt 0.41170 -0.06940
vt 0.40850 -0.06940
vt 0.41250 -0.07110
vt 0.40760 -0.06980
vt 0.41250 -0.07200
vt 0.38390 -0.09960
vt 0.41200 -0.16410
vt 0.38360 -0.16410
vt 0.29990 -0.14800
vt 0.24590 -0.16310
vt 0.27330 -0.16310
vt 0.38360 -0.16410
vt 0.38390 -0.09960
vt 0.35850 -0.16390
vt 0.32230 -0.15410
vt 0.96830 -0.38120
vt 0.99610 -0.38270
vt 0.96830 -0.38270
vt 0.99610 -0.38120
vt 0.94140 -0.38360
vt 0.94140 -0.38020
vt 0.31700 -0.07790
vt 0.36610 -0.06860
vt 0.33970 -0.08380
vt 0.33940 -0.06840
vt 0.25570 -0.13260
vt 0.31140 -0.16390
vt 0.32230 -0.15410
vt 0.29990 -0.16340
vt 0.32800 -0.06760
vt 0.31700 -0.07790
vt 0.28080 -0.06810
vt 0.40950 -0.06860
vt 0.40780 -0.06810
vt 0.40850 -0.06940
vt 0.40880 -0.06740
vt 0.41050 -0.06810
vt 0.40980 -0.06690
vt 0.41250 -0.06910
vt 0.41390 -0.06910
vt 0.41390 -0.06810
vt 0.41250 -0.06810
vt 0.33940 -0.06840
vt 0.31700 -0.07790
vt 0.32800 -0.06760
vt 0.32230 -0.15410
vt 0.27330 -0.16310
vt 0.29990 -0.16340
vt 0.29990 -0.14800
vt 0.38390 -0.09960
vt 0.87940 -0.38050
vt 0.93850 -0.38360
vt 0.87940 -0.38360
vt 0.93850 -0.38020
vt 0.35850 -0.16390
vt 0.32230 -0.15410
vt 0.31140 -0.16390
vt 0.28080 -0.06810
vt 0.31700 -0.07790
vt 0.25570 -0.13260
vt 0.25570 -0.06810
vt 0.92720 -0.38730
vt 0.93850 -0.38360
vt 0.93870 -0.38630
vt 0.87940 -0.38610
vt 0.87940 -0.38360
vt 0.93850 -0.38020
vt 0.94140 -0.38360
vt 0.93850 -0.38360
vt 0.94140 -0.38020
vt 0.93870 -0.37730
vt 0.93850 -0.38020
vt 0.92720 -0.37660
vt 0.87940 -0.38050
vt 0.87940 -0.37800
vt 0.87940 -0.38360
vt 0.87670 -0.38050
vt 0.87940 -0.38050
vt 0.87670 -0.38360
vt 0.64050 -0.37290
vt 0.64620 -0.38660
vt 0.64050 -0.38750
vt 0.65100 -0.38340
vt 0.63490 -0.38660
vt 0.65420 -0.37850
vt 0.63030 -0.38340
vt 0.62710 -0.37850
vt 0.62590 -0.37290
vt 0.65540 -0.37290
vt 0.64050 -0.35800
vt 0.62710 -0.36730
vt 0.63030 -0.36240
vt 0.63490 -0.35920
vt 0.64620 -0.35920
vt 0.65100 -0.36240
vt 0.65420 -0.36730
vt 0.80490 -0.35950
vt 0.79560 -0.38530
vt 0.79560 -0.35950
vt 0.78630 -0.38530
vt 0.80490 -0.38530
vt 0.81420 -0.35950
vt 0.81420 -0.38530
vt 0.78630 -0.35950
vt 0.77680 -0.38530
vt 0.77680 -0.35950
vt 0.76750 -0.38530
vt 0.76750 -0.35950
vt 0.75820 -0.38530
vt 0.75820 -0.35950
vt 0.74900 -0.38530
vt 0.74900 -0.35950
vt 0.73970 -0.38530
vt 0.73970 -0.35950
vt 0.73040 -0.38530
vt 0.73040 -0.35950
vt 0.72110 -0.38530
vt 0.72110 -0.35950
vt 0.71180 -0.38530
vt 0.71180 -0.35950
vt 0.70260 -0.38530
vt 0.70260 -0.35950
vt 0.69300 -0.38530
vt 0.69300 -0.35950
vt 0.68380 -0.38530
vt 0.68380 -0.35950
vt 0.67450 -0.38530
vt 0.67450 -0.35950
vt 0.66520 -0.38530
vt 0.66520 -0.35950
vt 0.08770 -0.22880
vt 0.09010 -0.23320
vt 0.08770 -0.23350
vt 0.09010 -0.22860
vt 0.08770 -0.22880
vt 0.08180 -0.22950
vt 0.08080 -0.22760
vt 0.08210 -0.23170
vt 0.08770 -0.23350
vt 0.08180 -0.23440
vt 0.08080 -0.23640
vt 0.08720 -0.24000
vt 0.08010 -0.24250
vt 0.08010 -0.23860
vt 0.08720 -0.24250
vt 0.06980 -0.24250
vt 0.06980 -0.23860
vt 0.06540 -0.24250
vt 0.06520 -0.23740
vt 0.06980 -0.23760
vt 0.04590 -0.24320
vt 0.04570 -0.23810
vt 0.04520 -0.24320
vt 0.03000 -0.23640
vt 0.02930 -0.24150
vt 0.11360 -0.13890
vt 0.11700 -0.13820
vt 0.11700 -0.14410
vt 0.11670 -0.13410
vt 0.11550 -0.13380
vt 0.11500 -0.14700
vt 0.11790 -0.14680
vt 0.11750 -0.14410
vt 0.11720 -0.16730
vt 0.12090 -0.16170
vt 0.12410 -0.16650
vt 0.06960 -0.22830
vt 0.06960 -0.23490
vt 0.06890 -0.23170
vt 0.07080 -0.23710
vt 0.07060 -0.22610
vt 0.08080 -0.23640
vt 0.08180 -0.23440
vt 0.08210 -0.23170
vt 0.08180 -0.22950
vt 0.08080 -0.22760
vt 0.06520 -0.23740
vt 0.06500 -0.22610
vt 0.06790 -0.23170
vt 0.06840 -0.22810
vt 0.06940 -0.22590
vt 0.06860 -0.23520
vt 0.06980 -0.23760
vt 0.03300 -0.22860
vt 0.04570 -0.23810
vt 0.03000 -0.23640
vt 0.01980 -0.22910
vt 0.01980 -0.22910
vt 0.02710 -0.24030
vt 0.01760 -0.23390
vt 0.03000 -0.23640
vt 0.01760 -0.23390
vt 0.00780 -0.22930
vt 0.01980 -0.22910
vt 0.00930 -0.22690
vt 0.06840 -0.22810
vt 0.07060 -0.22610
vt 0.06960 -0.22830
vt 0.06940 -0.22590
vt 0.06790 -0.23170
vt 0.06890 -0.23170
vt 0.06860 -0.23520
vt 0.06960 -0.23490
vt 0.06980 -0.23760
vt 0.07080 -0.23710
vt 0.01980 -0.22910
vt 0.01980 -0.22000
vt 0.02950 -0.22000
vt 0.03300 -0.22860
vt 0.03830 -0.22470
vt 0.06500 -0.22610
vt 0.01980 -0.22000
vt 0.01980 -0.22910
vt 0.00930 -0.22690
vt 0.08770 -0.20560
vt 0.09010 -0.20120
vt 0.09010 -0.20590
vt 0.08770 -0.20120
vt 0.08770 -0.20560
vt 0.08080 -0.20710
vt 0.08180 -0.20510
vt 0.08210 -0.20270
vt 0.08770 -0.20120
vt 0.08160 -0.20020
vt 0.08080 -0.19830
vt 0.08720 -0.19510
vt 0.08010 -0.19270
vt 0.08720 -0.19270
vt 0.07990 -0.19660
vt 0.06980 -0.19240
vt 0.06980 -0.19630
vt 0.06540 -0.19240
vt 0.06520 -0.19730
vt 0.06960 -0.19730
vt 0.04590 -0.19170
vt 0.04570 -0.19660
vt 0.02980 -0.19850
vt 0.04490 -0.19170
vt 0.02930 -0.19340
vt 0.11400 -0.19760
vt 0.11720 -0.19220
vt 0.11750 -0.19800
vt 0.11720 -0.20220
vt 0.11580 -0.20270
vt 0.11530 -0.18930
vt 0.11820 -0.18970
vt 0.11790 -0.19220
vt 0.11720 -0.16900
vt 0.12110 -0.17460
vt 0.12410 -0.16970
vt 0.06960 -0.20660
vt 0.07060 -0.19780
vt 0.07060 -0.20880
vt 0.06960 -0.20000
vt 0.06890 -0.20320
vt 0.08080 -0.19830
vt 0.08160 -0.20020
vt 0.08210 -0.20270
vt 0.08180 -0.20510
vt 0.08080 -0.20710
vt 0.06520 -0.19730
vt 0.06790 -0.20320
vt 0.06470 -0.20880
vt 0.06840 -0.20680
vt 0.06940 -0.20900
vt 0.06860 -0.19980
vt 0.06960 -0.19730
vt 0.03300 -0.20630
vt 0.04570 -0.19660
vt 0.02980 -0.19850
vt 0.01980 -0.20590
vt 0.01980 -0.20590
vt 0.02690 -0.19440
vt 0.02980 -0.19850
vt 0.01730 -0.20120
vt 0.01730 -0.20120
vt 0.01980 -0.20590
vt 0.00780 -0.20590
vt 0.00930 -0.20810
vt 0.06840 -0.20680
vt 0.07060 -0.20880
vt 0.06940 -0.20900
vt 0.06960 -0.20660
vt 0.06790 -0.20320
vt 0.06890 -0.20320
vt 0.06860 -0.19980
vt 0.06960 -0.20000
vt 0.06960 -0.19730
vt 0.07060 -0.19780
vt 0.01980 -0.20590
vt 0.02950 -0.21490
vt 0.01980 -0.21490
vt 0.03300 -0.20630
vt 0.03830 -0.21030
vt 0.06470 -0.20880
vt 0.01980 -0.22000
vt 0.00710 -0.21490
vt 0.01980 -0.21490
vt 0.00710 -0.22000
vt 0.00420 -0.21590
vt 0.00420 -0.21880
vt 0.02950 -0.21490
vt 0.01980 -0.22000
vt 0.01980 -0.21490
vt 0.02950 -0.22000
vt 0.01980 -0.21490
vt 0.00930 -0.20810
vt 0.01980 -0.20590
vt 0.12410 -0.16650
vt 0.11720 -0.16900
vt 0.11720 -0.16730
vt 0.12410 -0.16970
vt 0.60710 -0.16410
vt 0.60610 -0.07200
vt 0.60560 -0.16410
vt 0.60760 -0.07200
vt 0.60760 -0.07110
vt 0.60610 -0.07110
vt 0.60760 -0.07010
vt 0.60610 -0.07010
vt 0.60610 -0.06910
vt 0.60760 -0.06910
vt 0.60120 -0.06980
vt 0.43860 -0.16190
vt 0.43930 -0.16310
vt 0.60050 -0.06860
vt 0.60220 -0.06940
vt 0.60150 -0.06810
vt 0.85100 -0.38120
vt 0.82250 -0.38290
vt 0.82250 -0.38140
vt 0.85100 -0.38270
vt 0.87670 -0.38360
vt 0.87670 -0.38050
vt 0.44930 -0.13260
vt 0.42120 -0.06790
vt 0.44960 -0.06810
vt 0.42080 -0.16000
vt 0.42560 -0.16210
vt 0.53330 -0.08400
vt 0.58730 -0.06910
vt 0.56000 -0.06890
vt 0.42470 -0.16260
vt 0.42080 -0.16090
vt 0.42100 -0.16190
vt 0.42340 -0.16310
vt 0.42220 -0.16310
vt 0.42150 -0.16290
vt 0.60590 -0.07010
vt 0.60440 -0.06890
vt 0.60340 -0.06910
vt 0.60540 -0.06940
vt 0.60220 -0.06940
vt 0.60610 -0.07110
vt 0.60120 -0.06980
vt 0.60610 -0.07200
vt 0.57750 -0.09960
vt 0.60560 -0.16410
vt 0.57730 -0.16410
vt 0.49350 -0.14800
vt 0.43930 -0.16310
vt 0.46690 -0.16310
vt 0.57730 -0.16410
vt 0.57750 -0.09960
vt 0.55210 -0.16390
vt 0.51580 -0.15410
vt 0.96830 -0.38120
vt 0.99610 -0.38270
vt 0.96830 -0.38270
vt 0.99610 -0.38120
vt 0.94140 -0.38360
vt 0.94140 -0.38020
vt 0.51060 -0.07810
vt 0.56000 -0.06890
vt 0.53330 -0.08400
vt 0.53330 -0.06860
vt 0.44930 -0.13260
vt 0.50500 -0.16390
vt 0.51580 -0.15410
vt 0.49350 -0.16340
vt 0.52190 -0.06810
vt 0.51060 -0.07810
vt 0.47470 -0.06810
vt 0.60320 -0.06860
vt 0.60150 -0.06810
vt 0.60220 -0.06940
vt 0.60240 -0.06740
vt 0.60420 -0.06810
vt 0.60340 -0.06690
vt 0.60610 -0.06910
vt 0.60760 -0.06910
vt 0.60760 -0.06810
vt 0.60610 -0.06810
vt 0.53330 -0.06860
vt 0.51060 -0.07810
vt 0.52190 -0.06810
vt 0.51580 -0.15410
vt 0.46690 -0.16310
vt 0.49350 -0.16340
vt 0.49350 -0.14800
vt 0.57750 -0.09960
vt 0.87940 -0.38050
vt 0.93850 -0.38360
vt 0.87940 -0.38360
vt 0.93850 -0.38020
vt 0.55210 -0.16390
vt 0.51580 -0.15410
vt 0.50500 -0.16390
vt 0.47470 -0.06810
vt 0.51060 -0.07810
vt 0.44930 -0.13260
vt 0.44960 -0.06810
vt 0.92720 -0.38730
vt 0.93850 -0.38360
vt 0.93870 -0.38630
vt 0.87940 -0.38610
vt 0.87940 -0.38360
vt 0.93850 -0.38020
vt 0.94140 -0.38360
vt 0.93850 -0.38360
vt 0.94140 -0.38020
vt 0.93870 -0.37730
vt 0.93850 -0.38020
vt 0.92720 -0.37660
vt 0.87940 -0.38050
vt 0.87940 -0.37800
vt 0.87940 -0.38360
vt 0.87670 -0.38050
vt 0.87940 -0.38050
vt 0.87670 -0.38360
vt 0.64050 -0.37290
vt 0.64620 -0.38660
vt 0.64050 -0.38750
vt 0.65100 -0.38340
vt 0.63490 -0.38660
vt 0.65420 -0.37850
vt 0.63030 -0.38340
vt 0.62710 -0.37850
vt 0.62590 -0.37290
vt 0.65540 -0.37290
vt 0.64050 -0.35800
vt 0.62710 -0.36730
vt 0.63030 -0.36240
vt 0.63490 -0.35920
vt 0.64620 -0.35920
vt 0.65100 -0.36240
vt 0.65420 -0.36730
vt 0.80490 -0.35950
vt 0.79560 -0.38530
vt 0.79560 -0.35950
vt 0.78630 -0.38530
vt 0.80490 -0.38530
vt 0.81420 -0.35950
vt 0.81420 -0.38530
vt 0.78630 -0.35950
vt 0.77680 -0.38530
vt 0.77680 -0.35950
vt 0.76750 -0.38530
vt 0.76750 -0.35950
vt 0.75820 -0.38530
vt 0.75820 -0.35950
vt 0.74900 -0.38530
vt 0.74900 -0.35950
vt 0.73970 -0.38530
vt 0.73970 -0.35950
vt 0.73040 -0.38530
vt 0.73040 -0.35950
vt 0.72110 -0.38530
vt 0.72110 -0.35950
vt 0.71180 -0.38530
vt 0.71180 -0.35950
vt 0.70260 -0.38530
vt 0.70260 -0.35950
vt 0.69300 -0.38530
vt 0.69300 -0.35950
vt 0.68380 -0.38530
vt 0.68380 -0.35950
vt 0.67450 -0.38530
vt 0.67450 -0.35950
vt 0.66520 -0.38530
vt 0.66520 -0.35950
vt 0.08770 -0.16970
vt 0.08990 -0.17410
vt 0.08770 -0.17410
vt 0.08990 -0.16950
vt 0.08770 -0.16970
vt 0.08160 -0.17020
vt 0.08060 -0.16830
vt 0.08210 -0.17240
vt 0.08770 -0.17410
vt 0.08160 -0.17510
vt 0.08060 -0.17680
vt 0.08720 -0.18020
vt 0.07990 -0.18270
vt 0.07990 -0.17880
vt 0.08720 -0.18270
vt 0.06960 -0.18290
vt 0.06960 -0.17900
vt 0.06520 -0.18290
vt 0.06520 -0.17780
vt 0.06960 -0.17780
vt 0.04570 -0.18340
vt 0.04570 -0.17850
vt 0.04490 -0.18340
vt 0.02980 -0.17660
vt 0.02910 -0.18170
vt 0.09820 -0.13890
vt 0.10160 -0.13820
vt 0.10130 -0.14410
vt 0.10110 -0.13410
vt 0.09990 -0.13380
vt 0.09940 -0.14700
vt 0.10230 -0.14680
vt 0.10210 -0.14410
vt 0.10180 -0.16730
vt 0.10550 -0.16170
vt 0.10840 -0.16650
vt 0.06940 -0.16870
vt 0.06940 -0.17530
vt 0.06890 -0.17190
vt 0.07060 -0.17750
vt 0.07060 -0.16650
vt 0.08060 -0.17680
vt 0.08160 -0.17510
vt 0.08210 -0.17240
vt 0.08160 -0.17020
vt 0.08060 -0.16830
vt 0.06520 -0.17780
vt 0.06470 -0.16630
vt 0.06790 -0.17220
vt 0.06840 -0.16850
vt 0.06940 -0.16630
vt 0.06840 -0.17560
vt 0.06960 -0.17780
vt 0.03300 -0.16850
vt 0.04570 -0.17850
vt 0.02980 -0.17660
vt 0.01950 -0.16920
vt 0.01950 -0.16920
vt 0.02690 -0.18050
vt 0.01730 -0.17390
vt 0.02980 -0.17660
vt 0.01730 -0.17390
vt 0.00760 -0.16920
vt 0.01950 -0.16920
vt 0.00930 -0.16680
vt 0.06840 -0.16850
vt 0.07060 -0.16650
vt 0.06940 -0.16870
vt 0.06940 -0.16630
vt 0.06790 -0.17220
vt 0.06890 -0.17190
vt 0.06840 -0.17560
vt 0.06940 -0.17530
vt 0.06960 -0.17780
vt 0.07060 -0.17750
vt 0.01950 -0.16920
vt 0.01980 -0.16020
vt 0.02950 -0.16000
vt 0.03300 -0.16850
vt 0.03830 -0.16480
vt 0.06470 -0.16630
vt 0.01980 -0.16020
vt 0.01950 -0.16920
vt 0.00930 -0.16680
vt 0.08770 -0.14650
vt 0.09010 -0.14240
vt 0.09010 -0.14680
vt 0.08790 -0.14210
vt 0.08770 -0.14650
vt 0.08080 -0.14770
vt 0.08180 -0.14580
vt 0.08210 -0.14360
vt 0.08790 -0.14210
vt 0.08180 -0.14090
vt 0.08110 -0.13890
vt 0.08740 -0.13500
vt 0.08010 -0.13260
vt 0.08740 -0.13260
vt 0.08010 -0.13680
vt 0.07010 -0.13260
vt 0.06980 -0.13650
vt 0.06540 -0.13260
vt 0.06540 -0.13770
vt 0.06980 -0.13770
vt 0.04590 -0.13190
vt 0.04590 -0.13700
vt 0.03000 -0.13870
vt 0.04520 -0.13190
vt 0.02950 -0.13360
vt 0.09840 -0.19760
vt 0.10160 -0.19220
vt 0.10180 -0.19800
vt 0.10160 -0.20220
vt 0.10040 -0.20270
vt 0.09960 -0.18930
vt 0.10260 -0.18970
vt 0.10230 -0.19220
vt 0.10180 -0.16900
vt 0.10550 -0.17460
vt 0.10840 -0.16970
vt 0.06960 -0.14700
vt 0.07080 -0.13820
vt 0.07060 -0.14900
vt 0.06980 -0.14040
vt 0.06910 -0.14360
vt 0.08110 -0.13890
vt 0.08180 -0.14090
vt 0.08210 -0.14360
vt 0.08180 -0.14580
vt 0.08080 -0.14770
vt 0.06540 -0.13770
vt 0.06790 -0.14330
vt 0.06500 -0.14920
vt 0.06840 -0.14700
vt 0.06940 -0.14920
vt 0.06890 -0.13990
vt 0.06980 -0.13770
vt 0.03300 -0.14650
vt 0.04590 -0.13700
vt 0.03000 -0.13870
vt 0.01980 -0.14580
vt 0.01980 -0.14580
vt 0.02710 -0.13460
vt 0.03000 -0.13870
vt 0.01760 -0.14090
vt 0.01760 -0.14090
vt 0.01980 -0.14580
vt 0.00780 -0.14550
vt 0.00930 -0.14800
vt 0.06840 -0.14700
vt 0.07060 -0.14900
vt 0.06940 -0.14920
vt 0.06960 -0.14700
vt 0.06790 -0.14330
vt 0.06910 -0.14360
vt 0.06890 -0.13990
vt 0.06980 -0.14040
vt 0.06980 -0.13770
vt 0.07080 -0.13820
vt 0.01980 -0.14580
vt 0.02950 -0.15510
vt 0.01980 -0.15480
vt 0.03300 -0.14650
vt 0.03830 -0.15040
vt 0.06500 -0.14920
vt 0.01980 -0.16020
vt 0.00710 -0.15480
vt 0.01980 -0.15480
vt 0.00710 -0.16000
vt 0.00420 -0.15600
vt 0.00420 -0.15900
vt 0.02950 -0.15510
vt 0.01980 -0.16020
vt 0.01980 -0.15480
vt 0.02950 -0.16000
vt 0.01980 -0.15480
vt 0.00930 -0.14800
vt 0.01980 -0.14580
vt 0.10840 -0.16650
vt 0.10180 -0.16900
vt 0.10180 -0.16730
vt 0.10840 -0.16970
vt 0.99580 -0.16410
vt 0.99460 -0.07200
vt 0.99440 -0.16410
vt 0.99610 -0.07200
vt 0.99610 -0.07110
vt 0.99460 -0.07110
vt 0.99610 -0.07010
vt 0.99460 -0.07010
vt 0.99460 -0.06910
vt 0.99610 -0.06910
vt 0.98970 -0.06980
vt 0.82740 -0.16190
vt 0.82810 -0.16310
vt 0.98900 -0.06860
vt 0.99100 -0.06940
vt 0.99020 -0.06810
vt 0.85100 -0.38120
vt 0.82250 -0.38290
vt 0.82250 -0.38140
vt 0.85100 -0.38270
vt 0.87670 -0.38360
vt 0.87670 -0.38050
vt 0.83790 -0.13260
vt 0.80980 -0.06790
vt 0.83810 -0.06810
vt 0.80930 -0.16000
vt 0.81440 -0.16210
vt 0.92210 -0.08400
vt 0.97610 -0.06910
vt 0.94850 -0.06890
vt 0.81320 -0.16260
vt 0.80930 -0.16090
vt 0.80950 -0.16190
vt 0.81220 -0.16310
vt 0.81100 -0.16310
vt 0.81000 -0.16290
vt 0.99460 -0.07010
vt 0.99320 -0.06890
vt 0.99190 -0.06910
vt 0.99410 -0.06940
vt 0.99100 -0.06940
vt 0.99460 -0.07110
vt 0.98970 -0.06980
vt 0.99460 -0.07200
vt 0.96630 -0.09960
vt 0.99440 -0.16410
vt 0.96610 -0.16410
vt 0.88210 -0.14800
vt 0.82810 -0.16310
vt 0.85540 -0.16310
vt 0.96610 -0.16410
vt 0.96630 -0.09960
vt 0.94090 -0.16390
vt 0.90450 -0.15410
vt 0.96830 -0.38120
vt 0.99610 -0.38270
vt 0.96830 -0.38270
vt 0.99610 -0.38120
vt 0.94140 -0.38360
vt 0.94140 -0.38020
vt 0.89940 -0.07810
vt 0.94850 -0.06890
vt 0.92210 -0.08400
vt 0.92210 -0.06860
vt 0.83790 -0.13260
vt 0.89350 -0.16390
vt 0.90450 -0.15410
vt 0.88210 -0.16340
vt 0.91060 -0.06810
vt 0.89940 -0.07810
vt 0.86320 -0.06810
vt 0.99190 -0.06860
vt 0.99020 -0.06810
vt 0.99100 -0.06940
vt 0.99120 -0.06740
vt 0.99290 -0.06810
vt 0.99220 -0.06690
vt 0.99460 -0.06910
vt 0.99610 -0.06910
vt 0.99610 -0.06810
vt 0.99460 -0.06810
vt 0.92210 -0.06860
vt 0.89940 -0.07810
vt 0.91060 -0.06810
vt 0.90450 -0.15410
vt 0.85540 -0.16310
vt 0.88210 -0.16340
vt 0.88210 -0.14800
vt 0.96630 -0.09960
vt 0.87940 -0.38050
vt 0.93850 -0.38360
vt 0.87940 -0.38360
vt 0.93850 -0.38020
vt 0.94090 -0.16390
vt 0.90450 -0.15410
vt 0.89350 -0.16390
vt 0.86320 -0.06810
vt 0.89940 -0.07810
vt 0.83790 -0.13260
vt 0.83810 -0.06810
vt 0.92720 -0.38730
vt 0.93850 -0.38360
vt 0.93870 -0.38630
vt 0.87940 -0.38610
vt 0.87940 -0.38360
vt 0.93850 -0.38020
vt 0.94140 -0.38360
vt 0.93850 -0.38360
vt 0.94140 -0.38020
vt 0.93870 -0.37730
vt 0.93850 -0.38020
vt 0.92720 -0.37660
vt 0.87940 -0.38050
vt 0.87940 -0.37800
vt 0.87940 -0.38360
vt 0.87670 -0.38050
vt 0.87940 -0.38050
vt 0.87670 -0.38360
vt 0.64050 -0.37290
vt 0.64620 -0.38660
vt 0.64050 -0.38750
vt 0.65100 -0.38340
vt 0.63490 -0.38660
vt 0.65420 -0.37850
vt 0.63030 -0.38340
vt 0.62710 -0.37850
vt 0.62590 -0.37290
vt 0.65540 -0.37290
vt 0.64050 -0.35800
vt 0.62710 -0.36730
vt 0.63030 -0.36240
vt 0.63490 -0.35920
vt 0.64620 -0.35920
vt 0.65100 -0.36240
vt 0.65420 -0.36730
vt 0.80490 -0.35950
vt 0.79560 -0.38530
vt 0.79560 -0.35950
vt 0.78630 -0.38530
vt 0.80490 -0.38530
vt 0.81420 -0.35950
vt 0.81420 -0.38530
vt 0.78630 -0.35950
vt 0.77680 -0.38530
vt 0.77680 -0.35950
vt 0.76750 -0.38530
vt 0.76750 -0.35950
vt 0.75820 -0.38530
vt 0.75820 -0.35950
vt 0.74900 -0.38530
vt 0.74900 -0.35950
vt 0.73970 -0.38530
vt 0.73970 -0.35950
vt 0.73040 -0.38530
vt 0.73040 -0.35950
vt 0.72110 -0.38530
vt 0.72110 -0.35950
vt 0.71180 -0.38530
vt 0.71180 -0.35950
vt 0.70260 -0.38530
vt 0.70260 -0.35950
vt 0.69300 -0.38530
vt 0.69300 -0.35950
vt 0.68380 -0.38530
vt 0.68380 -0.35950
vt 0.67450 -0.38530
vt 0.67450 -0.35950
vt 0.66520 -0.38530
vt 0.66520 -0.35950
vt 0.08770 -0.16970
vt 0.08990 -0.17410
vt 0.08770 -0.17410
vt 0.08990 -0.16950
vt 0.08770 -0.16970
vt 0.08160 -0.17020
vt 0.08060 -0.16830
vt 0.08210 -0.17240
vt 0.08770 -0.17410
vt 0.08160 -0.17510
vt 0.08060 -0.17680
vt 0.08690 -0.18020
vt 0.07990 -0.18270
vt 0.07990 -0.17880
vt 0.08720 -0.18270
vt 0.06960 -0.18290
vt 0.06960 -0.17900
vt 0.06520 -0.18290
vt 0.06520 -0.17780
vt 0.06960 -0.17780
vt 0.04570 -0.18340
vt 0.04540 -0.17850
vt 0.04490 -0.18340
vt 0.02980 -0.17660
vt 0.02910 -0.18170
vt 0.09820 -0.13890
vt 0.10160 -0.13820
vt 0.10130 -0.14410
vt 0.10110 -0.13410
vt 0.09990 -0.13380
vt 0.09940 -0.14700
vt 0.10230 -0.14680
vt 0.10210 -0.14410
vt 0.10180 -0.16730
vt 0.10550 -0.16170
vt 0.10840 -0.16650
vt 0.06940 -0.16870
vt 0.06940 -0.17530
vt 0.06890 -0.17190
vt 0.07060 -0.17750
vt 0.07060 -0.16650
vt 0.08060 -0.17680
vt 0.08160 -0.17510
vt 0.08210 -0.17240
vt 0.08160 -0.17020
vt 0.08060 -0.16830
vt 0.06520 -0.17780
vt 0.06470 -0.16630
vt 0.06790 -0.17220
vt 0.06840 -0.16850
vt 0.06940 -0.16630
vt 0.06840 -0.17560
vt 0.06960 -0.17780
vt 0.03300 -0.16850
vt 0.04540 -0.17850
vt 0.02980 -0.17660
vt 0.01950 -0.16920
vt 0.01950 -0.16920
vt 0.02690 -0.18050
vt 0.01730 -0.17390
vt 0.02980 -0.17660
vt 0.01730 -0.17390
vt 0.00760 -0.16920
vt 0.01950 -0.16920
vt 0.00930 -0.16680
vt 0.06840 -0.16850
vt 0.07060 -0.16650
vt 0.06940 -0.16870
vt 0.06940 -0.16630
vt 0.06790 -0.17220
vt 0.06890 -0.17190
vt 0.06840 -0.17560
vt 0.06940 -0.17530
vt 0.06960 -0.17780
vt 0.07060 -0.17750
vt 0.01950 -0.16920
vt 0.01980 -0.16000
vt 0.02950 -0.16020
vt 0.03300 -0.16850
vt 0.03830 -0.16480
vt 0.06470 -0.16630
vt 0.01980 -0.16000
vt 0.01950 -0.16920
vt 0.00930 -0.16680
vt 0.08770 -0.14650
vt 0.09040 -0.14240
vt 0.09010 -0.14680
vt 0.08790 -0.14210
vt 0.08770 -0.14650
vt 0.08080 -0.14770
vt 0.08180 -0.14580
vt 0.08230 -0.14360
vt 0.08790 -0.14210
vt 0.08210 -0.14090
vt 0.08110 -0.13890
vt 0.08740 -0.13500
vt 0.08030 -0.13260
vt 0.08740 -0.13260
vt 0.08010 -0.13680
vt 0.07010 -0.13260
vt 0.07010 -0.13680
vt 0.06540 -0.13260
vt 0.06540 -0.13770
vt 0.06980 -0.13770
vt 0.04620 -0.13190
vt 0.04590 -0.13700
vt 0.03000 -0.13870
vt 0.04540 -0.13190
vt 0.02950 -0.13360
vt 0.09840 -0.19760
vt 0.10160 -0.19220
vt 0.10180 -0.19800
vt 0.10160 -0.20220
vt 0.10040 -0.20270
vt 0.09960 -0.18930
vt 0.10260 -0.18970
vt 0.10230 -0.19220
vt 0.10180 -0.16900
vt 0.10550 -0.17460
vt 0.10840 -0.16970
vt 0.06960 -0.14700
vt 0.07110 -0.13820
vt 0.07060 -0.14900
vt 0.06980 -0.14040
vt 0.06910 -0.14360
vt 0.08110 -0.13890
vt 0.08210 -0.14090
vt 0.08230 -0.14360
vt 0.08180 -0.14580
vt 0.08080 -0.14770
vt 0.06540 -0.13770
vt 0.06810 -0.14360
vt 0.06500 -0.14920
vt 0.06860 -0.14700
vt 0.06940 -0.14920
vt 0.06890 -0.13990
vt 0.06980 -0.13770
vt 0.03300 -0.14650
vt 0.04590 -0.13700
vt 0.03000 -0.13870
vt 0.01980 -0.14580
vt 0.01980 -0.14580
vt 0.02740 -0.13460
vt 0.03000 -0.13870
vt 0.01760 -0.14090
vt 0.01760 -0.14090
vt 0.01980 -0.14580
vt 0.00780 -0.14550
vt 0.00930 -0.14800
vt 0.06860 -0.14700
vt 0.07060 -0.14900
vt 0.06940 -0.14920
vt 0.06960 -0.14700
vt 0.06810 -0.14360
vt 0.06910 -0.14360
vt 0.06890 -0.13990
vt 0.06980 -0.14040
vt 0.06980 -0.13770
vt 0.07110 -0.13820
vt 0.01980 -0.14580
vt 0.02950 -0.15510
vt 0.01980 -0.15480
vt 0.03300 -0.14650
vt 0.03830 -0.15040
vt 0.06500 -0.14920
vt 0.01980 -0.16000
vt 0.00710 -0.15480
vt 0.01980 -0.15480
vt 0.00710 -0.16000
vt 0.00420 -0.15580
vt 0.00420 -0.15870
vt 0.02950 -0.15510
vt 0.01980 -0.16000
vt 0.01980 -0.15480
vt 0.02950 -0.16020
vt 0.01980 -0.15480
vt 0.00930 -0.14800
vt 0.01980 -0.14580
vt 0.10840 -0.16650
vt 0.10180 -0.16900
vt 0.10180 -0.16730
vt 0.10840 -0.16970
vt 0.80100 -0.16410
vt 0.80000 -0.07200
vt 0.79950 -0.16410
vt 0.80150 -0.07200
vt 0.80150 -0.07110
vt 0.80000 -0.07110
vt 0.80150 -0.07010
vt 0.80000 -0.07010
vt 0.80000 -0.06910
vt 0.80150 -0.06910
vt 0.79490 -0.06980
vt 0.63250 -0.16190
vt 0.63320 -0.16310
vt 0.79410 -0.06860
vt 0.79610 -0.06940
vt 0.79540 -0.06810
vt 0.85100 -0.38120
vt 0.82250 -0.38290
vt 0.82250 -0.38140
vt 0.85100 -0.38270
vt 0.87670 -0.38360
vt 0.87670 -0.38050
vt 0.64300 -0.13260
vt 0.61490 -0.06790
vt 0.64320 -0.06810
vt 0.61470 -0.16000
vt 0.61950 -0.16210
vt 0.72720 -0.08400
vt 0.78120 -0.06910
vt 0.75380 -0.06890
vt 0.61830 -0.16260
vt 0.61470 -0.16090
vt 0.61470 -0.16190
vt 0.61730 -0.16310
vt 0.61610 -0.16310
vt 0.61510 -0.16290
vt 0.79980 -0.07010
vt 0.79830 -0.06890
vt 0.79710 -0.06910
vt 0.79930 -0.06940
vt 0.79610 -0.06940
vt 0.80000 -0.07110
vt 0.79490 -0.06980
vt 0.80000 -0.07200
vt 0.77140 -0.09960
vt 0.79950 -0.16410
vt 0.77120 -0.16410
vt 0.68720 -0.14800
vt 0.63320 -0.16310
vt 0.66080 -0.16310
vt 0.77120 -0.16410
vt 0.77140 -0.09960
vt 0.74600 -0.16390
vt 0.70960 -0.15410
vt 0.96830 -0.38120
vt 0.99610 -0.38270
vt 0.96830 -0.38270
vt 0.99610 -0.38120
vt 0.94140 -0.38360
vt 0.94140 -0.38020
vt 0.70450 -0.07810
vt 0.75380 -0.06890
vt 0.72720 -0.08400
vt 0.72720 -0.06860
vt 0.64300 -0.13260
vt 0.69870 -0.16390
vt 0.70960 -0.15410
vt 0.68740 -0.16340
vt 0.71580 -0.06810
vt 0.70450 -0.07810
vt 0.66860 -0.06810
vt 0.79710 -0.06860
vt 0.79540 -0.06810
vt 0.79610 -0.06940
vt 0.79630 -0.06740
vt 0.79800 -0.06810
vt 0.79730 -0.06690
vt 0.80000 -0.06910
vt 0.80150 -0.06910
vt 0.80150 -0.06810
vt 0.80000 -0.06810
vt 0.72720 -0.06860
vt 0.70450 -0.07810
vt 0.71580 -0.06810
vt 0.70960 -0.15410
vt 0.66080 -0.16310
vt 0.68740 -0.16340
vt 0.68720 -0.14800
vt 0.77140 -0.09960
vt 0.87940 -0.38050
vt 0.93850 -0.38360
vt 0.87940 -0.38360
vt 0.93850 -0.38020
vt 0.74600 -0.16390
vt 0.70960 -0.15410
vt 0.69870 -0.16390
vt 0.66860 -0.06810
vt 0.70450 -0.07810
vt 0.64300 -0.13260
vt 0.64320 -0.06810
vt 0.92720 -0.38730
vt 0.93850 -0.38360
vt 0.93870 -0.38630
vt 0.87940 -0.38610
vt 0.87940 -0.38360
vt 0.93850 -0.38020
vt 0.94140 -0.38360
vt 0.93850 -0.38360
vt 0.94140 -0.38020
vt 0.93870 -0.37730
vt 0.93850 -0.38020
vt 0.92720 -0.37660
vt 0.87940 -0.38050
vt 0.87940 -0.37800
vt 0.87940 -0.38360
vt 0.87670 -0.38050
vt 0.87940 -0.38050
vt 0.87670 -0.38360
vt 0.64050 -0.37290
vt 0.64620 -0.38660
vt 0.64050 -0.38750
vt 0.65100 -0.38340
vt 0.63490 -0.38660
vt 0.65420 -0.37850
vt 0.63030 -0.38340
vt 0.62710 -0.37850
vt 0.62590 -0.37290
vt 0.65540 -0.37290
vt 0.64050 -0.35800
vt 0.62710 -0.36730
vt 0.63030 -0.36240
vt 0.63490 -0.35920
vt 0.64620 -0.35920
vt 0.65100 -0.36240
vt 0.65420 -0.36730
vt 0.80490 -0.35950
vt 0.79560 -0.38530
vt 0.79560 -0.35950
vt 0.78630 -0.38530
vt 0.80490 -0.38530
vt 0.81420 -0.35950
vt 0.81420 -0.38530
vt 0.78630 -0.35950
vt 0.77680 -0.38530
vt 0.77680 -0.35950
vt 0.76750 -0.38530
vt 0.76750 -0.35950
vt 0.75820 -0.38530
vt 0.75820 -0.35950
vt 0.74900 -0.38530
vt 0.74900 -0.35950
vt 0.73970 -0.38530
vt 0.73970 -0.35950
vt 0.73040 -0.38530
vt 0.73040 -0.35950
vt 0.72110 -0.38530
vt 0.72110 -0.35950
vt 0.71180 -0.38530
vt 0.71180 -0.35950
vt 0.70260 -0.38530
vt 0.70260 -0.35950
vt 0.69300 -0.38530
vt 0.69300 -0.35950
vt 0.68380 -0.38530
vt 0.68380 -0.35950
vt 0.67450 -0.38530
vt 0.67450 -0.35950
vt 0.66520 -0.38530
vt 0.66520 -0.35950
vt 0.18290 -0.17020
vt 0.18780 -0.16090
vt 0.18780 -0.17020
vt 0.19050 -0.16090
vt 0.19050 -0.17020
vt 0.19120 -0.15210
vt 0.18290 -0.16090
vt 0.17780 -0.17020
vt 0.18850 -0.15210
vt 0.19290 -0.14360
vt 0.18780 -0.15210
vt 0.17780 -0.16090
vt 0.17290 -0.17020
vt 0.18290 -0.15210
vt 0.18780 -0.14360
vt 0.19020 -0.14360
vt 0.19610 -0.13580
vt 0.17290 -0.16090
vt 0.16750 -0.17020
vt 0.17780 -0.15210
vt 0.16750 -0.16090
vt 0.18290 -0.14360
vt 0.17290 -0.15210
vt 0.16260 -0.17020
vt 0.17780 -0.14360
vt 0.18780 -0.13580
vt 0.18290 -0.13580
vt 0.19320 -0.13580
vt 0.19900 -0.13090
vt 0.18780 -0.13090
vt 0.19610 -0.13090
vt 0.20000 -0.12940
vt 0.19710 -0.12940
vt 0.18780 -0.12940
vt 0.18290 -0.12940
vt 0.18290 -0.13090
vt 0.17780 -0.12940
vt 0.17780 -0.13580
vt 0.17780 -0.13090
vt 0.17290 -0.12940
vt 0.17290 -0.14360
vt 0.17290 -0.13580
vt 0.17290 -0.13090
vt 0.16750 -0.12940
vt 0.16750 -0.15210
vt 0.16750 -0.14360
vt 0.16750 -0.13580
vt 0.16750 -0.13090
vt 0.16260 -0.12940
vt 0.16260 -0.13090
vt 0.16260 -0.13580
vt 0.15780 -0.13090
vt 0.15780 -0.12940
vt 0.16260 -0.14360
vt 0.15780 -0.13580
vt 0.15260 -0.13090
vt 0.15260 -0.12940
vt 0.16260 -0.15210
vt 0.15780 -0.14360
vt 0.15260 -0.13580
vt 0.14750 -0.13090
vt 0.14750 -0.12940
vt 0.16260 -0.16090
vt 0.15780 -0.15210
vt 0.15780 -0.16090
vt 0.15780 -0.17020
vt 0.15260 -0.14360
vt 0.15260 -0.15210
vt 0.15260 -0.16090
vt 0.15260 -0.17020
vt 0.14750 -0.13580
vt 0.14750 -0.14360
vt 0.14750 -0.15210
vt 0.14750 -0.16090
vt 0.14750 -0.17020
vt 0.14240 -0.13090
vt 0.14240 -0.12940
vt 0.14240 -0.13580
vt 0.13770 -0.13090
vt 0.13770 -0.12940
vt 0.12820 -0.12940
vt 0.14240 -0.14360
vt 0.13770 -0.13580
vt 0.12920 -0.13090
vt 0.12530 -0.12940
vt 0.12630 -0.13090
vt 0.13210 -0.13580
vt 0.12920 -0.13580
vt 0.13500 -0.14360
vt 0.13240 -0.14360
vt 0.13770 -0.14360
vt 0.14240 -0.15210
vt 0.13680 -0.15210
vt 0.13410 -0.15210
vt 0.13750 -0.15210
vt 0.14240 -0.16090
vt 0.14240 -0.17020
vt 0.13750 -0.16090
vt 0.13750 -0.17020
vt 0.13480 -0.16090
vt 0.13480 -0.17020
vt 0.20510 -0.14380
vt 0.21590 -0.14820
vt 0.20490 -0.14820
vt 0.20510 -0.15240
vt 0.20660 -0.13940
vt 0.20660 -0.15680
vt 0.20900 -0.13600
vt 0.20900 -0.16040
vt 0.21270 -0.13330
vt 0.21270 -0.16310
vt 0.21680 -0.13240
vt 0.21680 -0.16390
vt 0.21680 -0.14040
vt 0.21860 -0.13460
vt 0.21680 -0.15600
vt 0.21860 -0.16190
vt 0.21930 -0.16390
vt 0.21680 -0.13240
vt 0.21930 -0.13240
vt 0.16580 -0.18930
vt 0.15730 -0.19100
vt 0.15680 -0.18830
vt 0.16360 -0.17880
vt 0.15630 -0.18070
vt 0.15530 -0.18630
vt 0.15340 -0.18490
vt 0.14850 -0.18140
vt 0.15090 -0.18440
vt 0.14850 -0.18410
vt 0.14630 -0.18440
vt 0.14380 -0.18490
vt 0.14090 -0.18070
vt 0.14160 -0.18630
vt 0.14040 -0.18830
vt 0.13360 -0.17880
vt 0.13140 -0.18930
vt 0.13110 -0.17750
vt 0.13990 -0.19100
vt 0.12970 -0.17970
vt 0.12970 -0.17660
vt 0.12990 -0.18950
vt 0.13240 -0.19390
vt 0.14040 -0.19340
vt 0.13090 -0.19440
vt 0.13530 -0.19760
vt 0.14190 -0.19560
vt 0.13410 -0.19850
vt 0.13920 -0.20000
vt 0.14380 -0.19680
vt 0.13850 -0.20150
vt 0.14380 -0.20170
vt 0.14650 -0.19760
vt 0.14360 -0.20340
vt 0.14870 -0.20200
vt 0.14870 -0.19760
vt 0.14870 -0.20390
vt 0.15090 -0.19760
vt 0.15380 -0.20340
vt 0.15360 -0.20170
vt 0.15340 -0.19680
vt 0.15900 -0.20150
vt 0.15800 -0.20000
vt 0.15560 -0.19560
vt 0.16310 -0.19850
vt 0.16210 -0.19760
vt 0.15680 -0.19340
vt 0.16630 -0.19440
vt 0.16480 -0.19390
vt 0.16730 -0.18950
vt 0.16750 -0.17970
vt 0.16580 -0.17730
vt 0.16750 -0.17660
vt 0.15680 -0.19100
vt 0.15680 -0.18830
vt 0.15730 -0.19100
vt 0.15630 -0.18850
vt 0.15630 -0.19320
vt 0.15530 -0.18630
vt 0.15680 -0.19340
vt 0.15480 -0.18680
vt 0.15510 -0.19510
vt 0.15340 -0.18490
vt 0.15560 -0.19560
vt 0.15310 -0.18530
vt 0.15310 -0.19630
vt 0.15090 -0.18440
vt 0.15340 -0.19680
vt 0.15070 -0.18490
vt 0.15090 -0.19680
vt 0.14850 -0.18490
vt 0.15090 -0.19760
vt 0.14850 -0.18410
vt 0.14870 -0.19680
vt 0.14630 -0.18440
vt 0.14870 -0.19760
vt 0.14650 -0.18490
vt 0.14650 -0.19760
vt 0.14410 -0.18530
vt 0.14650 -0.19680
vt 0.14380 -0.18490
vt 0.14380 -0.19680
vt 0.14210 -0.18660
vt 0.14410 -0.19630
vt 0.14160 -0.18630
vt 0.14190 -0.19560
vt 0.14090 -0.18850
vt 0.14240 -0.19510
vt 0.14040 -0.18830
vt 0.14040 -0.19340
vt 0.14040 -0.19100
vt 0.14090 -0.19320
vt 0.13990 -0.19100
vt 0.10920 -0.23440
vt 0.11060 -0.23470
vt 0.10600 -0.23660
vt 0.10790 -0.23350
vt 0.11530 -0.23660
vt 0.11210 -0.23440
vt 0.11330 -0.23350
vt 0.11400 -0.23220
vt 0.11430 -0.23100
vt 0.11530 -0.22950
vt 0.11430 -0.22950
vt 0.11430 -0.22830
vt 0.11530 -0.22270
vt 0.11400 -0.22690
vt 0.11330 -0.22560
vt 0.11210 -0.22470
vt 0.11060 -0.22440
vt 0.10600 -0.22270
vt 0.10920 -0.22470
vt 0.10790 -0.22560
vt 0.10720 -0.22690
vt 0.10600 -0.22270
vt 0.10700 -0.22830
vt 0.10600 -0.22950
vt 0.10700 -0.22950
vt 0.10380 -0.22270
vt 0.10380 -0.22950
vt 0.10380 -0.23660
vt 0.10700 -0.23100
vt 0.10600 -0.23660
vt 0.10720 -0.23220
vt 0.11530 -0.23860
vt 0.10600 -0.23660
vt 0.11530 -0.23660
vt 0.10670 -0.23860
vt 0.11530 -0.22950
vt 0.11750 -0.23660
vt 0.11530 -0.23660
vt 0.11750 -0.22950
vt 0.11750 -0.22270
vt 0.11530 -0.22270
vt 0.11530 -0.24570
vt 0.10670 -0.23860
vt 0.11530 -0.23860
vt 0.10670 -0.24570
vt 0.11530 -0.22050
vt 0.10600 -0.22270
vt 0.10670 -0.22050
vt 0.11530 -0.22270
vt 0.11530 -0.21340
vt 0.10670 -0.22050
vt 0.10670 -0.21340
vt 0.11530 -0.22050
vt 0.46450 -0.35120
vt 0.42520 -0.35120
vt 0.42490 -0.33850
vt 0.46420 -0.23740
vt 0.44620 -0.24370
vt 0.40290 -0.34110
vt 0.46010 -0.23320
vt 0.46230 -0.23320
vt 0.46350 -0.23390
vt 0.46420 -0.23520
vt 0.29840 -0.31430
vt 0.43200 -0.23320
vt 0.29910 -0.31550
vt 0.43150 -0.23200
vt 0.29720 -0.31530
vt 0.44590 -0.23170
vt 0.29820 -0.31620
vt 0.44590 -0.23300
vt 0.29600 -0.31650
vt 0.46030 -0.23170
vt 0.29720 -0.31720
vt 0.46010 -0.23320
vt 0.29550 -0.31820
vt 0.46250 -0.23200
vt 0.29670 -0.31870
vt 0.46230 -0.23320
vt 0.46350 -0.23390
vt 0.46450 -0.23300
vt 0.29670 -0.31990
vt 0.29520 -0.31990
vt 0.29520 -0.35120
vt 0.29670 -0.35120
vt 0.85690 -0.36460
vt 0.85690 -0.36310
vt 0.87790 -0.36390
vt 0.82340 -0.36310
vt 0.82340 -0.36460
vt 0.86200 -0.36090
vt 0.87790 -0.36090
vt 0.86200 -0.36680
vt 0.87790 -0.36680
vt 0.92750 -0.36340
vt 0.96190 -0.36480
vt 0.92750 -0.36480
vt 0.96190 -0.36340
vt 0.99610 -0.36480
vt 0.99610 -0.36340
vt 0.43200 -0.23320
vt 0.32700 -0.35120
vt 0.31180 -0.32010
vt 0.29670 -0.35120
vt 0.29670 -0.31990
vt 0.38120 -0.34110
vt 0.37070 -0.35120
vt 0.44620 -0.24370
vt 0.40290 -0.34110
vt 0.29910 -0.31550
vt 0.29670 -0.31870
vt 0.29820 -0.31620
vt 0.29720 -0.31720
vt 0.40630 -0.34750
vt 0.38270 -0.34410
vt 0.40290 -0.34380
vt 0.38020 -0.34800
vt 0.37460 -0.35190
vt 0.38050 -0.35160
vt 0.92330 -0.36680
vt 0.91650 -0.36410
vt 0.92750 -0.36480
vt 0.91650 -0.36680
vt 0.92750 -0.36340
vt 0.92330 -0.36120
vt 0.91650 -0.36120
vt 0.42520 -0.35120
vt 0.42030 -0.35140
vt 0.42030 -0.34800
vt 0.42490 -0.33850
vt 0.42030 -0.34380
vt 0.42030 -0.34380
vt 0.40290 -0.34110
vt 0.42490 -0.33850
vt 0.40290 -0.34380
vt 0.37460 -0.35190
vt 0.38120 -0.34110
vt 0.38270 -0.34410
vt 0.37070 -0.35120
vt 0.40630 -0.34750
vt 0.42030 -0.35140
vt 0.40630 -0.35120
vt 0.42030 -0.34800
vt 0.40290 -0.34380
vt 0.42030 -0.34380
vt 0.60340 -0.38190
vt 0.60610 -0.37460
vt 0.57290 -0.38190
vt 0.57290 -0.36460
vt 0.61270 -0.36460
vt 0.61270 -0.37460
vt 0.60340 -0.38390
vt 0.57290 -0.38190
vt 0.57290 -0.38390
vt 0.60340 -0.38190
vt 0.57290 -0.38190
vt 0.57290 -0.36460
vt 0.57090 -0.36460
vt 0.57090 -0.38190
vt 0.57290 -0.36260
vt 0.61270 -0.36460
vt 0.61270 -0.36260
vt 0.57290 -0.36460
vt 0.60340 -0.38190
vt 0.60730 -0.37660
vt 0.60610 -0.37460
vt 0.60510 -0.38270
vt 0.61270 -0.37460
vt 0.61470 -0.36480
vt 0.61270 -0.36460
vt 0.61470 -0.37460
vt 0.60610 -0.37460
vt 0.61270 -0.37660
vt 0.61270 -0.37460
vt 0.60730 -0.37660
vt 0.40290 -0.34380
vt 0.38120 -0.34110
vt 0.40290 -0.34110
vt 0.38270 -0.34410
vt 0.49430 -0.36870
vt 0.49910 -0.36310
vt 0.49910 -0.36870
vt 0.50790 -0.36870
vt 0.49430 -0.36310
vt 0.50790 -0.36310
vt 0.51770 -0.36870
vt 0.51770 -0.36310
vt 0.48940 -0.36870
vt 0.48940 -0.36310
vt 0.48450 -0.36870
vt 0.48450 -0.36310
vt 0.47990 -0.36870
vt 0.47990 -0.36310
vt 0.47500 -0.36870
vt 0.47500 -0.36310
vt 0.47010 -0.36870
vt 0.47010 -0.36310
vt 0.46760 -0.36870
vt 0.46760 -0.36310
vt 0.45570 -0.36870
vt 0.45570 -0.36310
vt 0.44590 -0.36870
vt 0.44590 -0.36310
vt 0.44440 -0.36870
vt 0.44590 -0.36310
vt 0.44590 -0.36870
vt 0.44440 -0.36310
vt 0.40240 -0.38750
vt 0.41860 -0.38580
vt 0.41320 -0.37880
vt 0.42780 -0.38460
vt 0.42170 -0.38730
vt 0.43030 -0.37880
vt 0.40240 -0.38390
vt 0.38930 -0.38750
vt 0.38900 -0.38530
vt 0.42170 -0.37020
vt 0.42780 -0.37260
vt 0.41560 -0.37260
vt 0.29670 -0.17090
vt 0.33630 -0.18360
vt 0.33600 -0.17090
vt 0.29690 -0.28500
vt 0.31500 -0.27860
vt 0.35820 -0.18100
vt 0.30110 -0.28910
vt 0.29910 -0.28890
vt 0.29770 -0.28840
vt 0.29690 -0.28690
vt 0.32920 -0.28910
vt 0.44930 -0.20220
vt 0.43420 -0.17090
vt 0.46450 -0.17120
vt 0.46450 -0.20220
vt 0.38000 -0.18100
vt 0.39070 -0.17090
vt 0.31500 -0.27860
vt 0.35820 -0.18100
vt 0.46200 -0.20680
vt 0.46450 -0.20370
vt 0.46300 -0.20610
vt 0.46400 -0.20490
vt 0.35480 -0.17460
vt 0.37880 -0.17830
vt 0.38100 -0.17410
vt 0.38660 -0.17050
vt 0.38100 -0.17070
vt 0.35820 -0.17830
vt 0.34090 -0.17440
vt 0.34090 -0.17850
vt 0.34090 -0.17090
vt 0.35480 -0.17090
vt 0.33600 -0.17090
vt 0.34090 -0.17440
vt 0.34090 -0.17090
vt 0.33630 -0.18360
vt 0.34090 -0.17850
vt 0.34090 -0.17850
vt 0.35820 -0.18100
vt 0.35820 -0.17830
vt 0.33630 -0.18360
vt 0.38660 -0.17050
vt 0.38000 -0.18100
vt 0.39070 -0.17090
vt 0.37880 -0.17830
vt 0.60340 -0.38190
vt 0.57290 -0.38190
vt 0.60610 -0.37460
vt 0.57290 -0.36460
vt 0.61270 -0.36460
vt 0.61270 -0.37460
vt 0.60340 -0.38390
vt 0.57290 -0.38190
vt 0.60340 -0.38190
vt 0.57290 -0.38390
vt 0.57290 -0.38190
vt 0.57090 -0.38190
vt 0.57090 -0.36460
vt 0.57290 -0.36460
vt 0.57290 -0.36260
vt 0.61270 -0.36460
vt 0.57290 -0.36460
vt 0.61270 -0.36260
vt 0.60340 -0.38190
vt 0.60730 -0.37660
vt 0.60510 -0.38270
vt 0.60610 -0.37460
vt 0.61470 -0.36460
vt 0.61270 -0.37460
vt 0.61270 -0.36460
vt 0.61470 -0.37460
vt 0.60610 -0.37460
vt 0.61270 -0.37660
vt 0.60730 -0.37660
vt 0.61270 -0.37460
vt 0.46420 -0.23520
vt 0.46450 -0.23300
vt 0.46540 -0.23470
vt 0.46350 -0.23390
vt 0.46420 -0.23740
vt 0.46570 -0.23710
vt 0.46450 -0.35120
vt 0.46590 -0.35120
vt 0.35820 -0.17830
vt 0.38000 -0.18100
vt 0.37880 -0.17830
vt 0.35820 -0.18100
vt 0.46940 -0.38560
vt 0.46470 -0.37970
vt 0.46940 -0.37970
vt 0.46470 -0.38560
vt 0.47420 -0.38560
vt 0.45590 -0.38560
vt 0.47420 -0.37970
vt 0.45590 -0.37970
vt 0.44590 -0.38560
vt 0.44590 -0.37970
vt 0.47910 -0.38560
vt 0.47910 -0.37970
vt 0.48400 -0.38560
vt 0.48400 -0.37970
vt 0.48860 -0.38560
vt 0.48860 -0.37970
vt 0.49350 -0.38560
vt 0.49350 -0.37970
vt 0.49600 -0.38560
vt 0.49600 -0.37970
vt 0.50790 -0.38560
vt 0.50790 -0.37970
vt 0.51770 -0.38560
vt 0.51770 -0.37970
vt 0.44590 -0.38560
vt 0.44440 -0.37970
vt 0.44590 -0.37970
vt 0.44440 -0.38560
vt 0.40900 -0.35950
vt 0.39800 -0.36800
vt 0.39270 -0.36070
vt 0.38360 -0.36170
vt 0.38970 -0.35920
vt 0.38100 -0.36780
vt 0.40900 -0.36290
vt 0.42220 -0.35950
vt 0.42220 -0.36170
vt 0.38950 -0.37630
vt 0.38340 -0.37360
vt 0.39560 -0.37390
vt 0.91650 -0.36410
vt 0.91280 -0.36680
vt 0.91280 -0.36410
vt 0.91650 -0.36680
vt 0.91650 -0.36120
vt 0.91280 -0.36120
vt 0.87790 -0.36390
vt 0.88160 -0.36090
vt 0.88160 -0.36390
vt 0.87790 -0.36090
vt 0.87790 -0.36680
vt 0.88160 -0.36680
vt 0.91280 -0.36410
vt 0.88160 -0.36680
vt 0.88160 -0.36390
vt 0.91280 -0.36680
vt 0.91280 -0.36120
vt 0.88160 -0.36090
vt 0.54070 -0.38190
vt 0.57090 -0.38190
vt 0.53800 -0.37460
vt 0.57090 -0.36460
vt 0.53110 -0.37460
vt 0.53110 -0.36460
vt 0.57090 -0.38190
vt 0.54070 -0.38190
vt 0.53800 -0.37460
vt 0.57090 -0.36460
vt 0.53110 -0.36460
vt 0.53110 -0.37460
vt 0.36870 -0.36170
vt 0.36340 -0.36650
vt 0.36340 -0.36170
vt 0.36870 -0.36750
vt 0.35820 -0.36560
vt 0.35820 -0.36170
vt 0.35190 -0.36390
vt 0.35190 -0.36170
vt 0.34460 -0.36290
vt 0.34460 -0.36170
vt 0.33750 -0.36390
vt 0.33750 -0.36170
vt 0.33110 -0.36560
vt 0.33110 -0.36170
vt 0.32580 -0.36650
vt 0.32580 -0.36170
vt 0.32060 -0.36750
vt 0.32060 -0.36170
vt 0.31040 -0.38510
vt 0.30870 -0.36210
vt 0.31040 -0.35950
vt 0.30870 -0.38240
vt 0.30650 -0.36460
vt 0.30650 -0.38000
vt 0.30430 -0.37680
vt 0.30430 -0.36780
vt 0.30330 -0.37240
vt 0.32380 -0.38340
vt 0.36090 -0.38050
vt 0.36530 -0.38340
vt 0.32840 -0.38050
vt 0.35680 -0.37680
vt 0.33240 -0.37680
vt 0.35190 -0.37310
vt 0.33750 -0.37310
vt 0.34460 -0.37120
vt 0.32060 -0.36170
vt 0.32600 -0.36650
vt 0.32060 -0.36750
vt 0.32580 -0.36170
vt 0.33110 -0.36560
vt 0.33110 -0.36170
vt 0.33750 -0.36390
vt 0.33750 -0.36170
vt 0.34460 -0.36260
vt 0.34460 -0.36170
vt 0.35190 -0.36390
vt 0.35190 -0.36140
vt 0.35820 -0.36530
vt 0.35820 -0.36140
vt 0.36340 -0.36650
vt 0.36340 -0.36140
vt 0.36870 -0.36730
vt 0.36870 -0.36140
vt 0.31040 -0.35950
vt 0.30870 -0.38240
vt 0.30870 -0.36210
vt 0.31040 -0.38510
vt 0.30650 -0.38000
vt 0.30650 -0.36460
vt 0.30430 -0.36780
vt 0.30430 -0.37680
vt 0.30330 -0.37240
vt 0.36530 -0.38340
vt 0.32840 -0.38050
vt 0.36090 -0.38050
vt 0.32380 -0.38340
vt 0.33240 -0.37680
vt 0.35680 -0.37680
vt 0.33750 -0.37310
vt 0.35190 -0.37310
vt 0.34460 -0.37120
vt 0.44590 -0.23300
vt 0.44620 -0.24370
vt 0.43200 -0.23320
vt 0.46010 -0.23320
vt 0.31530 -0.28910
vt 0.31500 -0.27860
vt 0.30110 -0.28910
vt 0.32920 -0.28910
vt 0.81880 -0.35120
vt 0.77950 -0.35120
vt 0.77920 -0.33850
vt 0.81860 -0.23740
vt 0.80050 -0.24370
vt 0.75730 -0.34110
vt 0.81440 -0.23320
vt 0.81640 -0.23320
vt 0.81780 -0.23390
vt 0.81830 -0.23520
vt 0.65250 -0.31430
vt 0.78610 -0.23320
vt 0.65350 -0.31550
vt 0.78580 -0.23200
vt 0.65130 -0.31530
vt 0.80020 -0.23170
vt 0.65230 -0.31620
vt 0.80020 -0.23300
vt 0.65030 -0.31650
vt 0.81440 -0.23170
vt 0.65150 -0.31720
vt 0.81440 -0.23320
vt 0.64960 -0.31820
vt 0.81680 -0.23200
vt 0.65100 -0.31870
vt 0.81640 -0.23320
vt 0.81780 -0.23390
vt 0.81860 -0.23300
vt 0.65080 -0.31990
vt 0.64930 -0.31990
vt 0.64930 -0.35120
vt 0.65080 -0.35120
vt 0.85690 -0.36460
vt 0.85690 -0.36310
vt 0.87790 -0.36390
vt 0.82340 -0.36310
vt 0.82340 -0.36460
vt 0.86200 -0.36090
vt 0.87790 -0.36090
vt 0.86200 -0.36680
vt 0.87790 -0.36680
vt 0.92750 -0.36340
vt 0.96190 -0.36480
vt 0.92750 -0.36480
vt 0.96190 -0.36340
vt 0.99610 -0.36480
vt 0.99610 -0.36340
vt 0.78610 -0.23320
vt 0.68130 -0.35120
vt 0.66590 -0.32010
vt 0.65080 -0.35120
vt 0.65080 -0.31990
vt 0.73550 -0.34110
vt 0.72480 -0.35120
vt 0.80050 -0.24370
vt 0.75730 -0.34110
vt 0.65350 -0.31550
vt 0.65100 -0.31870
vt 0.65230 -0.31620
vt 0.65150 -0.31720
vt 0.76070 -0.34750
vt 0.73680 -0.34410
vt 0.75730 -0.34380
vt 0.73460 -0.34800
vt 0.72890 -0.35190
vt 0.73460 -0.35160
vt 0.77440 -0.34800
vt 0.77440 -0.34380
vt 0.77440 -0.35140
vt 0.76070 -0.35140
vt 0.92330 -0.36680
vt 0.91650 -0.36410
vt 0.92750 -0.36480
vt 0.91650 -0.36680
vt 0.92750 -0.36340
vt 0.92330 -0.36120
vt 0.91650 -0.36120
vt 0.77950 -0.35120
vt 0.77440 -0.35140
vt 0.77440 -0.34800
vt 0.77920 -0.33850
vt 0.77440 -0.34380
vt 0.77440 -0.34380
vt 0.75730 -0.34110
vt 0.77920 -0.33850
vt 0.75730 -0.34380
vt 0.72890 -0.35190
vt 0.73550 -0.34110
vt 0.73680 -0.34410
vt 0.72480 -0.35120
vt 0.60340 -0.38190
vt 0.60610 -0.37460
vt 0.57290 -0.38190
vt 0.57290 -0.36460
vt 0.61270 -0.36460
vt 0.61270 -0.37460
vt 0.60340 -0.38390
vt 0.57290 -0.38190
vt 0.57290 -0.38390
vt 0.60340 -0.38190
vt 0.57290 -0.38190
vt 0.57290 -0.36460
vt 0.57090 -0.36460
vt 0.57090 -0.38190
vt 0.57290 -0.36260
vt 0.61270 -0.36460
vt 0.61270 -0.36260
vt 0.57290 -0.36460
vt 0.60340 -0.38190
vt 0.60730 -0.37660
vt 0.60610 -0.37460
vt 0.60510 -0.38270
vt 0.61270 -0.37460
vt 0.61470 -0.36480
vt 0.61270 -0.36460
vt 0.61470 -0.37460
vt 0.60610 -0.37460
vt 0.61270 -0.37660
vt 0.61270 -0.37460
vt 0.60730 -0.37660
vt 0.75730 -0.34380
vt 0.73550 -0.34110
vt 0.75730 -0.34110
vt 0.73680 -0.34410
vt 0.49430 -0.36870
vt 0.49910 -0.36310
vt 0.49910 -0.36870
vt 0.50790 -0.36870
vt 0.49430 -0.36310
vt 0.50790 -0.36310
vt 0.51770 -0.36870
vt 0.51770 -0.36310
vt 0.48940 -0.36870
vt 0.48940 -0.36310
vt 0.48450 -0.36870
vt 0.48450 -0.36310
vt 0.47990 -0.36870
vt 0.47990 -0.36310
vt 0.47500 -0.36870
vt 0.47500 -0.36310
vt 0.47010 -0.36870
vt 0.47010 -0.36310
vt 0.46760 -0.36870
vt 0.46760 -0.36310
vt 0.45570 -0.36870
vt 0.45570 -0.36310
vt 0.44590 -0.36870
vt 0.44590 -0.36310
vt 0.44440 -0.36870
vt 0.44590 -0.36310
vt 0.44590 -0.36870
vt 0.44440 -0.36310
vt 0.40240 -0.38750
vt 0.41860 -0.38580
vt 0.41320 -0.37880
vt 0.42780 -0.38460
vt 0.42170 -0.38730
vt 0.43030 -0.37880
vt 0.40240 -0.38390
vt 0.38930 -0.38750
vt 0.38900 -0.38530
vt 0.42170 -0.37020
vt 0.42780 -0.37260
vt 0.41560 -0.37260
vt 0.65080 -0.17090
vt 0.69040 -0.18360
vt 0.69010 -0.17090
vt 0.65100 -0.28500
vt 0.66910 -0.27860
vt 0.71230 -0.18100
vt 0.65520 -0.28910
vt 0.65320 -0.28890
vt 0.65180 -0.28840
vt 0.65130 -0.28690
vt 0.68350 -0.28910
vt 0.80370 -0.20220
vt 0.78830 -0.17090
vt 0.81880 -0.17120
vt 0.81880 -0.20220
vt 0.73430 -0.18100
vt 0.74480 -0.17090
vt 0.66910 -0.27860
vt 0.71230 -0.18100
vt 0.81610 -0.20680
vt 0.81860 -0.20370
vt 0.81730 -0.20610
vt 0.81830 -0.20490
vt 0.70890 -0.17460
vt 0.73280 -0.17830
vt 0.73530 -0.17410
vt 0.74070 -0.17050
vt 0.73500 -0.17070
vt 0.71230 -0.17830
vt 0.69520 -0.17440
vt 0.69520 -0.17850
vt 0.69520 -0.17090
vt 0.70890 -0.17090
vt 0.69010 -0.17090
vt 0.69520 -0.17440
vt 0.69520 -0.17090
vt 0.69040 -0.18360
vt 0.69520 -0.17850
vt 0.69520 -0.17850
vt 0.71230 -0.18100
vt 0.71230 -0.17830
vt 0.69040 -0.18360
vt 0.74070 -0.17050
vt 0.73430 -0.18100
vt 0.74480 -0.17090
vt 0.73280 -0.17830
vt 0.60340 -0.38190
vt 0.57290 -0.38190
vt 0.60610 -0.37460
vt 0.57290 -0.36460
vt 0.61270 -0.36460
vt 0.61270 -0.37460
vt 0.60340 -0.38390
vt 0.57290 -0.38190
vt 0.60340 -0.38190
vt 0.57290 -0.38390
vt 0.57290 -0.38190
vt 0.57090 -0.38190
vt 0.57090 -0.36460
vt 0.57290 -0.36460
vt 0.57290 -0.36260
vt 0.61270 -0.36460
vt 0.57290 -0.36460
vt 0.61270 -0.36260
vt 0.60340 -0.38190
vt 0.60730 -0.37660
vt 0.60510 -0.38270
vt 0.60610 -0.37460
vt 0.61470 -0.36460
vt 0.61270 -0.37460
vt 0.61270 -0.36460
vt 0.61470 -0.37460
vt 0.60610 -0.37460
vt 0.61270 -0.37660
vt 0.60730 -0.37660
vt 0.61270 -0.37460
vt 0.81830 -0.23520
vt 0.81860 -0.23300
vt 0.81980 -0.23470
vt 0.81780 -0.23390
vt 0.81860 -0.23740
vt 0.82000 -0.23710
vt 0.81880 -0.35120
vt 0.82030 -0.35120
vt 0.71230 -0.17830
vt 0.73430 -0.18100
vt 0.73280 -0.17830
vt 0.71230 -0.18100
vt 0.46940 -0.38560
vt 0.46470 -0.37970
vt 0.46940 -0.37970
vt 0.46470 -0.38560
vt 0.47420 -0.38560
vt 0.45590 -0.38560
vt 0.47420 -0.37970
vt 0.45590 -0.37970
vt 0.44590 -0.38560
vt 0.44590 -0.37970
vt 0.47910 -0.38560
vt 0.47910 -0.37970
vt 0.48400 -0.38560
vt 0.48400 -0.37970
vt 0.48860 -0.38560
vt 0.48860 -0.37970
vt 0.49350 -0.38560
vt 0.49350 -0.37970
vt 0.49600 -0.38560
vt 0.49600 -0.37970
vt 0.50790 -0.38560
vt 0.50790 -0.37970
vt 0.51770 -0.38560
vt 0.51770 -0.37970
vt 0.44590 -0.38560
vt 0.44440 -0.37970
vt 0.44590 -0.37970
vt 0.44440 -0.38560
vt 0.40900 -0.35950
vt 0.39800 -0.36800
vt 0.39270 -0.36070
vt 0.38360 -0.36170
vt 0.38970 -0.35920
vt 0.38100 -0.36780
vt 0.40900 -0.36290
vt 0.42220 -0.35950
vt 0.42220 -0.36170
vt 0.38950 -0.37630
vt 0.38340 -0.37360
vt 0.39560 -0.37390
vt 0.91650 -0.36410
vt 0.91280 -0.36680
vt 0.91280 -0.36410
vt 0.91650 -0.36680
vt 0.91650 -0.36120
vt 0.91280 -0.36120
vt 0.87790 -0.36390
vt 0.88160 -0.36090
vt 0.88160 -0.36390
vt 0.87790 -0.36090
vt 0.87790 -0.36680
vt 0.88160 -0.36680
vt 0.91280 -0.36410
vt 0.88160 -0.36680
vt 0.88160 -0.36390
vt 0.91280 -0.36680
vt 0.91280 -0.36120
vt 0.88160 -0.36090
vt 0.54070 -0.38190
vt 0.57090 -0.38190
vt 0.53800 -0.37460
vt 0.57090 -0.36460
vt 0.53110 -0.37460
vt 0.53110 -0.36460
vt 0.57090 -0.38190
vt 0.54070 -0.38190
vt 0.53800 -0.37460
vt 0.57090 -0.36460
vt 0.53110 -0.36460
vt 0.53110 -0.37460
vt 0.36870 -0.36170
vt 0.36340 -0.36650
vt 0.36340 -0.36170
vt 0.36870 -0.36750
vt 0.35820 -0.36560
vt 0.35820 -0.36170
vt 0.35190 -0.36390
vt 0.35190 -0.36170
vt 0.34460 -0.36290
vt 0.34460 -0.36170
vt 0.33750 -0.36390
vt 0.33750 -0.36170
vt 0.33110 -0.36560
vt 0.33110 -0.36170
vt 0.32580 -0.36650
vt 0.32580 -0.36170
vt 0.32060 -0.36750
vt 0.32060 -0.36170
vt 0.31040 -0.38510
vt 0.30870 -0.36210
vt 0.31040 -0.35950
vt 0.30870 -0.38240
vt 0.30650 -0.36460
vt 0.30650 -0.38000
vt 0.30430 -0.37680
vt 0.30430 -0.36780
vt 0.30330 -0.37240
vt 0.32380 -0.38340
vt 0.36090 -0.38050
vt 0.36530 -0.38340
vt 0.32840 -0.38050
vt 0.35680 -0.37680
vt 0.33240 -0.37680
vt 0.35190 -0.37310
vt 0.33750 -0.37310
vt 0.34460 -0.37120
vt 0.32060 -0.36170
vt 0.32600 -0.36650
vt 0.32060 -0.36750
vt 0.32580 -0.36170
vt 0.33110 -0.36560
vt 0.33110 -0.36170
vt 0.33750 -0.36390
vt 0.33750 -0.36170
vt 0.34460 -0.36260
vt 0.34460 -0.36170
vt 0.35190 -0.36390
vt 0.35190 -0.36140
vt 0.35820 -0.36530
vt 0.35820 -0.36140
vt 0.36340 -0.36650
vt 0.36340 -0.36140
vt 0.36870 -0.36730
vt 0.36870 -0.36140
vt 0.31040 -0.35950
vt 0.30870 -0.38240
vt 0.30870 -0.36210
vt 0.31040 -0.38510
vt 0.30650 -0.38000
vt 0.30650 -0.36460
vt 0.30430 -0.36780
vt 0.30430 -0.37680
vt 0.30330 -0.37240
vt 0.36530 -0.38340
vt 0.32840 -0.38050
vt 0.36090 -0.38050
vt 0.32380 -0.38340
vt 0.33240 -0.37680
vt 0.35680 -0.37680
vt 0.33750 -0.37310
vt 0.35190 -0.37310
vt 0.34460 -0.37120
vt 0.80020 -0.23300
vt 0.80050 -0.24370
vt 0.78610 -0.23320
vt 0.81440 -0.23320
vt 0.66940 -0.28910
vt 0.66910 -0.27860
vt 0.65520 -0.28910
vt 0.68350 -0.28910
vt 0.64270 -0.35120
vt 0.60340 -0.35120
vt 0.60320 -0.33850
vt 0.64250 -0.23740
vt 0.62440 -0.24370
vt 0.58120 -0.34110
vt 0.63830 -0.23320
vt 0.64030 -0.23320
vt 0.64180 -0.23390
vt 0.64220 -0.23520
vt 0.47670 -0.31430
vt 0.61000 -0.23320
vt 0.47740 -0.31550
vt 0.60980 -0.23200
vt 0.47520 -0.31530
vt 0.62420 -0.23170
vt 0.47620 -0.31620
vt 0.62420 -0.23300
vt 0.47420 -0.31650
vt 0.63830 -0.23170
vt 0.47550 -0.31720
vt 0.63830 -0.23320
vt 0.47350 -0.31820
vt 0.64080 -0.23200
vt 0.47500 -0.31870
vt 0.64030 -0.23320
vt 0.64180 -0.23390
vt 0.64250 -0.23300
vt 0.47470 -0.31990
vt 0.47330 -0.31990
vt 0.47350 -0.35120
vt 0.47470 -0.35120
vt 0.85690 -0.36460
vt 0.85690 -0.36310
vt 0.87790 -0.36390
vt 0.86200 -0.36680
vt 0.87790 -0.36680
vt 0.86200 -0.36090
vt 0.87790 -0.36090
vt 0.85690 -0.36460
vt 0.82340 -0.36310
vt 0.82340 -0.36460
vt 0.92750 -0.36340
vt 0.96190 -0.36480
vt 0.92750 -0.36480
vt 0.96190 -0.36340
vt 0.99610 -0.36480
vt 0.99610 -0.36340
vt 0.61000 -0.23320
vt 0.50530 -0.35120
vt 0.48990 -0.32010
vt 0.47470 -0.35120
vt 0.47470 -0.31990
vt 0.55950 -0.34110
vt 0.54870 -0.35120
vt 0.62440 -0.24370
vt 0.58120 -0.34110
vt 0.47740 -0.31550
vt 0.47500 -0.31870
vt 0.47620 -0.31620
vt 0.47550 -0.31720
vt 0.58460 -0.34750
vt 0.56070 -0.34410
vt 0.58120 -0.34380
vt 0.55850 -0.34800
vt 0.55290 -0.35190
vt 0.55850 -0.35160
vt 0.59830 -0.34800
vt 0.59830 -0.34380
vt 0.59830 -0.35140
vt 0.58460 -0.35120
vt 0.92330 -0.36680
vt 0.91650 -0.36410
vt 0.92750 -0.36480
vt 0.91650 -0.36680
vt 0.92750 -0.36340
vt 0.92330 -0.36120
vt 0.91650 -0.36120
vt 0.60340 -0.35120
vt 0.59830 -0.35140
vt 0.59830 -0.34800
vt 0.60320 -0.33850
vt 0.59830 -0.34380
vt 0.59830 -0.34380
vt 0.58120 -0.34110
vt 0.60320 -0.33850
vt 0.58120 -0.34380
vt 0.55290 -0.35190
vt 0.55950 -0.34110
vt 0.56070 -0.34410
vt 0.54870 -0.35120
vt 0.60340 -0.38190
vt 0.60610 -0.37460
vt 0.57290 -0.38190
vt 0.57290 -0.36460
vt 0.61270 -0.36460
vt 0.61270 -0.37460
vt 0.60340 -0.38390
vt 0.57290 -0.38190
vt 0.57290 -0.38390
vt 0.60340 -0.38190
vt 0.57290 -0.38190
vt 0.57290 -0.36460
vt 0.57090 -0.36460
vt 0.57090 -0.38190
vt 0.57290 -0.36260
vt 0.61270 -0.36460
vt 0.61270 -0.36260
vt 0.57290 -0.36460
vt 0.60340 -0.38190
vt 0.60730 -0.37660
vt 0.60610 -0.37460
vt 0.60510 -0.38270
vt 0.61270 -0.37460
vt 0.61470 -0.36480
vt 0.61270 -0.36460
vt 0.61470 -0.37460
vt 0.60610 -0.37460
vt 0.61270 -0.37660
vt 0.61270 -0.37460
vt 0.60730 -0.37660
vt 0.58120 -0.34380
vt 0.55950 -0.34110
vt 0.58120 -0.34110
vt 0.56070 -0.34410
vt 0.49430 -0.36870
vt 0.49910 -0.36310
vt 0.49910 -0.36870
vt 0.50790 -0.36870
vt 0.49430 -0.36310
vt 0.50790 -0.36310
vt 0.51770 -0.36870
vt 0.51770 -0.36310
vt 0.48940 -0.36870
vt 0.48940 -0.36310
vt 0.48450 -0.36870
vt 0.48450 -0.36310
vt 0.47990 -0.36870
vt 0.47990 -0.36310
vt 0.47500 -0.36870
vt 0.47500 -0.36310
vt 0.47010 -0.36870
vt 0.47010 -0.36310
vt 0.46760 -0.36870
vt 0.46760 -0.36310
vt 0.45570 -0.36870
vt 0.45570 -0.36310
vt 0.44590 -0.36870
vt 0.44590 -0.36310
vt 0.44440 -0.36870
vt 0.44590 -0.36310
vt 0.44590 -0.36870
vt 0.44440 -0.36310
vt 0.40240 -0.38750
vt 0.41860 -0.38580
vt 0.41320 -0.37880
vt 0.42780 -0.38460
vt 0.42170 -0.38730
vt 0.43030 -0.37880
vt 0.40240 -0.38390
vt 0.38930 -0.38750
vt 0.38900 -0.38530
vt 0.42170 -0.37020
vt 0.42780 -0.37260
vt 0.41560 -0.37260
vt 0.47470 -0.17090
vt 0.51430 -0.18360
vt 0.51400 -0.17090
vt 0.47500 -0.28500
vt 0.49300 -0.27860
vt 0.53630 -0.18100
vt 0.47910 -0.28910
vt 0.47720 -0.28890
vt 0.47570 -0.28840
vt 0.47520 -0.28690
vt 0.50740 -0.28910
vt 0.62760 -0.20220
vt 0.61220 -0.17090
vt 0.64270 -0.17120
vt 0.64270 -0.20220
vt 0.55820 -0.18100
vt 0.56870 -0.17090
vt 0.49300 -0.27860
vt 0.53630 -0.18100
vt 0.64000 -0.20680
vt 0.64250 -0.20370
vt 0.64130 -0.20610
vt 0.64220 -0.20490
vt 0.53280 -0.17460
vt 0.55680 -0.17830
vt 0.55920 -0.17410
vt 0.56460 -0.17050
vt 0.55900 -0.17070
vt 0.53630 -0.17830
vt 0.51920 -0.17440
vt 0.51920 -0.17850
vt 0.51920 -0.17090
vt 0.53280 -0.17090
vt 0.51400 -0.17090
vt 0.51920 -0.17440
vt 0.51920 -0.17090
vt 0.51430 -0.18360
vt 0.51920 -0.17850
vt 0.51920 -0.17850
vt 0.53630 -0.18100
vt 0.53630 -0.17830
vt 0.51430 -0.18360
vt 0.56460 -0.17050
vt 0.55820 -0.18100
vt 0.56870 -0.17090
vt 0.55680 -0.17830
vt 0.60340 -0.38190
vt 0.57290 -0.38190
vt 0.60610 -0.37460
vt 0.57290 -0.36460
vt 0.61270 -0.36460
vt 0.61270 -0.37460
vt 0.60340 -0.38390
vt 0.57290 -0.38190
vt 0.60340 -0.38190
vt 0.57290 -0.38390
vt 0.57290 -0.38190
vt 0.57090 -0.38190
vt 0.57090 -0.36460
vt 0.57290 -0.36460
vt 0.57290 -0.36260
vt 0.61270 -0.36460
vt 0.57290 -0.36460
vt 0.61270 -0.36260
vt 0.60340 -0.38190
vt 0.60730 -0.37660
vt 0.60510 -0.38270
vt 0.60610 -0.37460
vt 0.61470 -0.36460
vt 0.61270 -0.37460
vt 0.61270 -0.36460
vt 0.61470 -0.37460
vt 0.60610 -0.37460
vt 0.61270 -0.37660
vt 0.60730 -0.37660
vt 0.61270 -0.37460
vt 0.64220 -0.23520
vt 0.64250 -0.23300
vt 0.64370 -0.23470
vt 0.64180 -0.23390
vt 0.64250 -0.23740
vt 0.64400 -0.23710
vt 0.64270 -0.35120
vt 0.64420 -0.35120
vt 0.53630 -0.17830
vt 0.55820 -0.18100
vt 0.55680 -0.17830
vt 0.53630 -0.18100
vt 0.46940 -0.38560
vt 0.46470 -0.37970
vt 0.46940 -0.37970
vt 0.46470 -0.38560
vt 0.47420 -0.38560
vt 0.45590 -0.38560
vt 0.47420 -0.37970
vt 0.45590 -0.37970
vt 0.44590 -0.38560
vt 0.44590 -0.37970
vt 0.47910 -0.38560
vt 0.47910 -0.37970
vt 0.48400 -0.38560
vt 0.48400 -0.37970
vt 0.48860 -0.38560
vt 0.48860 -0.37970
vt 0.49350 -0.38560
vt 0.49350 -0.37970
vt 0.49600 -0.38560
vt 0.49600 -0.37970
vt 0.50790 -0.38560
vt 0.50790 -0.37970
vt 0.51770 -0.38560
vt 0.51770 -0.37970
vt 0.44590 -0.38560
vt 0.44440 -0.37970
vt 0.44590 -0.37970
vt 0.44440 -0.38560
vt 0.40900 -0.35950
vt 0.39800 -0.36800
vt 0.39270 -0.36070
vt 0.38360 -0.36170
vt 0.38970 -0.35920
vt 0.38100 -0.36780
vt 0.40900 -0.36290
vt 0.42220 -0.35950
vt 0.42220 -0.36170
vt 0.38950 -0.37630
vt 0.38340 -0.37360
vt 0.39560 -0.37390
vt 0.91650 -0.36410
vt 0.91280 -0.36680
vt 0.91280 -0.36410
vt 0.91650 -0.36680
vt 0.91650 -0.36120
vt 0.91280 -0.36120
vt 0.87790 -0.36390
vt 0.88160 -0.36090
vt 0.88160 -0.36390
vt 0.87790 -0.36090
vt 0.87790 -0.36680
vt 0.88160 -0.36680
vt 0.91280 -0.36410
vt 0.88160 -0.36680
vt 0.88160 -0.36390
vt 0.91280 -0.36680
vt 0.91280 -0.36120
vt 0.88160 -0.36090
vt 0.54070 -0.38190
vt 0.57090 -0.38190
vt 0.53800 -0.37460
vt 0.57090 -0.36460
vt 0.53110 -0.37460
vt 0.53110 -0.36460
vt 0.57090 -0.38190
vt 0.54070 -0.38190
vt 0.53800 -0.37460
vt 0.57090 -0.36460
vt 0.53110 -0.36460
vt 0.53110 -0.37460
vt 0.36870 -0.36170
vt 0.36340 -0.36650
vt 0.36340 -0.36170
vt 0.36870 -0.36750
vt 0.35820 -0.36560
vt 0.35820 -0.36170
vt 0.35190 -0.36390
vt 0.35190 -0.36170
vt 0.34460 -0.36290
vt 0.34460 -0.36170
vt 0.33750 -0.36390
vt 0.33750 -0.36170
vt 0.33110 -0.36560
vt 0.33110 -0.36170
vt 0.32580 -0.36650
vt 0.32580 -0.36170
vt 0.32060 -0.36750
vt 0.32060 -0.36170
vt 0.31040 -0.38510
vt 0.30870 -0.36210
vt 0.31040 -0.35950
vt 0.30870 -0.38240
vt 0.30650 -0.36460
vt 0.30650 -0.38000
vt 0.30430 -0.37680
vt 0.30430 -0.36780
vt 0.30330 -0.37240
vt 0.32380 -0.38340
vt 0.36090 -0.38050
vt 0.36530 -0.38340
vt 0.32840 -0.38050
vt 0.35680 -0.37680
vt 0.33240 -0.37680
vt 0.35190 -0.37310
vt 0.33750 -0.37310
vt 0.34460 -0.37120
vt 0.32060 -0.36170
vt 0.32600 -0.36650
vt 0.32060 -0.36750
vt 0.32580 -0.36170
vt 0.33110 -0.36560
vt 0.33110 -0.36170
vt 0.33750 -0.36390
vt 0.33750 -0.36170
vt 0.34460 -0.36260
vt 0.34460 -0.36170
vt 0.35190 -0.36390
vt 0.35190 -0.36140
vt 0.35820 -0.36530
vt 0.35820 -0.36140
vt 0.36340 -0.36650
vt 0.36340 -0.36140
vt 0.36870 -0.36730
vt 0.36870 -0.36140
vt 0.31040 -0.35950
vt 0.30870 -0.38240
vt 0.30870 -0.36210
vt 0.31040 -0.38510
vt 0.30650 -0.38000
vt 0.30650 -0.36460
vt 0.30430 -0.36780
vt 0.30430 -0.37680
vt 0.30330 -0.37240
vt 0.36530 -0.38340
vt 0.32840 -0.38050
vt 0.36090 -0.38050
vt 0.32380 -0.38340
vt 0.33240 -0.37680
vt 0.35680 -0.37680
vt 0.33750 -0.37310
vt 0.35190 -0.37310
vt 0.34460 -0.37120
vt 0.62420 -0.23300
vt 0.62440 -0.24370
vt 0.61000 -0.23320
vt 0.63830 -0.23320
vt 0.49330 -0.28910
vt 0.49300 -0.27860
vt 0.47910 -0.28910
vt 0.50740 -0.28910
vt 0.99490 -0.35120
vt 0.95560 -0.35120
vt 0.95530 -0.33850
vt 0.99460 -0.23740
vt 0.97660 -0.24370
vt 0.93330 -0.34110
vt 0.99050 -0.23320
vt 0.99240 -0.23320
vt 0.99390 -0.23390
vt 0.99440 -0.23520
vt 0.82880 -0.31430
vt 0.96210 -0.23320
vt 0.82950 -0.31550
vt 0.96190 -0.23200
vt 0.82740 -0.31530
vt 0.97630 -0.23170
vt 0.82830 -0.31620
vt 0.97630 -0.23300
vt 0.82640 -0.31650
vt 0.99050 -0.23170
vt 0.82760 -0.31720
vt 0.99050 -0.23320
vt 0.82560 -0.31820
vt 0.99290 -0.23200
vt 0.82710 -0.31870
vt 0.99240 -0.23320
vt 0.99390 -0.23390
vt 0.99490 -0.23300
vt 0.82710 -0.31990
vt 0.82560 -0.31990
vt 0.82560 -0.35120
vt 0.82690 -0.35120
vt 0.85690 -0.36460
vt 0.85690 -0.36310
vt 0.87790 -0.36390
vt 0.86200 -0.36090
vt 0.87790 -0.36090
vt 0.86200 -0.36680
vt 0.87790 -0.36680
vt 0.92750 -0.36340
vt 0.96190 -0.36480
vt 0.92750 -0.36480
vt 0.96190 -0.36340
vt 0.99610 -0.36480
vt 0.99610 -0.36340
vt 0.91650 -0.36410
vt 0.92330 -0.36120
vt 0.91650 -0.36120
vt 0.92330 -0.36680
vt 0.91650 -0.36680
vt 0.96210 -0.23320
vt 0.85740 -0.35120
vt 0.84220 -0.32010
vt 0.82690 -0.35120
vt 0.82710 -0.31990
vt 0.91160 -0.34110
vt 0.90090 -0.35120
vt 0.97660 -0.24370
vt 0.93330 -0.34110
vt 0.82950 -0.31550
vt 0.82710 -0.31870
vt 0.82830 -0.31620
vt 0.82760 -0.31720
vt 0.93680 -0.34750
vt 0.91280 -0.34410
vt 0.93330 -0.34380
vt 0.91060 -0.34800
vt 0.90500 -0.35190
vt 0.91060 -0.35160
vt 0.95560 -0.35120
vt 0.95040 -0.35140
vt 0.95070 -0.34800
vt 0.95530 -0.33850
vt 0.95070 -0.34380
vt 0.95070 -0.34380
vt 0.93330 -0.34110
vt 0.95530 -0.33850
vt 0.93330 -0.34380
vt 0.90500 -0.35190
vt 0.91160 -0.34110
vt 0.91280 -0.34410
vt 0.90090 -0.35120
vt 0.93680 -0.34750
vt 0.95040 -0.35140
vt 0.93680 -0.35120
vt 0.95070 -0.34800
vt 0.93330 -0.34380
vt 0.95070 -0.34380
vt 0.60340 -0.38190
vt 0.60610 -0.37460
vt 0.57290 -0.38190
vt 0.57290 -0.36460
vt 0.61270 -0.36460
vt 0.61270 -0.37460
vt 0.60340 -0.38390
vt 0.57290 -0.38190
vt 0.57290 -0.38390
vt 0.60340 -0.38190
vt 0.57290 -0.38190
vt 0.57290 -0.36460
vt 0.57090 -0.36460
vt 0.57090 -0.38190
vt 0.57290 -0.36260
vt 0.61270 -0.36460
vt 0.61270 -0.36260
vt 0.57290 -0.36460
vt 0.60340 -0.38190
vt 0.60730 -0.37660
vt 0.60610 -0.37460
vt 0.60510 -0.38270
vt 0.61270 -0.37460
vt 0.61470 -0.36480
vt 0.61270 -0.36460
vt 0.61470 -0.37460
vt 0.60610 -0.37460
vt 0.61270 -0.37660
vt 0.61270 -0.37460
vt 0.60730 -0.37660
vt 0.93330 -0.34380
vt 0.91160 -0.34110
vt 0.93330 -0.34110
vt 0.91280 -0.34410
vt 0.82340 -0.36310
vt 0.85690 -0.36460
vt 0.82340 -0.36460
vt 0.85690 -0.36310
vt 0.49430 -0.36870
vt 0.49910 -0.36310
vt 0.49910 -0.36870
vt 0.50790 -0.36870
vt 0.49430 -0.36310
vt 0.50790 -0.36310
vt 0.51770 -0.36870
vt 0.51770 -0.36310
vt 0.48940 -0.36870
vt 0.48940 -0.36310
vt 0.48450 -0.36870
vt 0.48450 -0.36310
vt 0.47990 -0.36870
vt 0.47990 -0.36310
vt 0.47500 -0.36870
vt 0.47500 -0.36310
vt 0.47010 -0.36870
vt 0.47010 -0.36310
vt 0.46760 -0.36870
vt 0.46760 -0.36310
vt 0.45570 -0.36870
vt 0.45570 -0.36310
vt 0.44590 -0.36870
vt 0.44590 -0.36310
vt 0.44440 -0.36870
vt 0.44590 -0.36310
vt 0.44590 -0.36870
vt 0.44440 -0.36310
vt 0.40240 -0.38750
vt 0.41860 -0.38580
vt 0.41320 -0.37880
vt 0.42780 -0.38460
vt 0.42170 -0.38730
vt 0.43030 -0.37880
vt 0.40240 -0.38390
vt 0.38930 -0.38750
vt 0.38900 -0.38530
vt 0.42170 -0.37020
vt 0.42780 -0.37260
vt 0.41560 -0.37260
vt 0.82690 -0.17090
vt 0.86670 -0.18360
vt 0.86620 -0.17090
vt 0.82710 -0.28500
vt 0.84540 -0.27860
vt 0.88840 -0.18100
vt 0.83150 -0.28910
vt 0.82930 -0.28890
vt 0.82780 -0.28840
vt 0.82740 -0.28690
vt 0.85960 -0.28910
vt 0.97970 -0.20220
vt 0.96430 -0.17090
vt 0.99490 -0.17120
vt 0.99490 -0.20220
vt 0.91040 -0.18100
vt 0.92090 -0.17090
vt 0.84540 -0.27860
vt 0.88840 -0.18100
vt 0.99220 -0.20680
vt 0.99490 -0.20370
vt 0.99340 -0.20610
vt 0.99440 -0.20490
vt 0.88500 -0.17460
vt 0.90890 -0.17830
vt 0.91140 -0.17410
vt 0.91670 -0.17050
vt 0.91110 -0.17070
vt 0.88840 -0.17830
vt 0.87130 -0.17440
vt 0.87130 -0.17850
vt 0.87130 -0.17090
vt 0.88520 -0.17090
vt 0.86620 -0.17090
vt 0.87130 -0.17440
vt 0.87130 -0.17090
vt 0.86670 -0.18360
vt 0.87130 -0.17850
vt 0.87130 -0.17850
vt 0.88840 -0.18100
vt 0.88840 -0.17830
vt 0.86670 -0.18360
vt 0.91670 -0.17050
vt 0.91040 -0.18100
vt 0.92090 -0.17090
vt 0.90890 -0.17830
vt 0.60340 -0.38190
vt 0.57290 -0.38190
vt 0.60610 -0.37460
vt 0.57290 -0.36460
vt 0.61270 -0.36460
vt 0.61270 -0.37460
vt 0.60340 -0.38390
vt 0.57290 -0.38190
vt 0.60340 -0.38190
vt 0.57290 -0.38390
vt 0.57290 -0.38190
vt 0.57090 -0.38190
vt 0.57090 -0.36460
vt 0.57290 -0.36460
vt 0.57290 -0.36260
vt 0.61270 -0.36460
vt 0.57290 -0.36460
vt 0.61270 -0.36260
vt 0.60340 -0.38190
vt 0.60730 -0.37660
vt 0.60510 -0.38270
vt 0.60610 -0.37460
vt 0.61470 -0.36460
vt 0.61270 -0.37460
vt 0.61270 -0.36460
vt 0.61470 -0.37460
vt 0.60610 -0.37460
vt 0.61270 -0.37660
vt 0.60730 -0.37660
vt 0.61270 -0.37460
vt 0.99440 -0.23520
vt 0.99490 -0.23300
vt 0.99580 -0.23470
vt 0.99390 -0.23390
vt 0.99460 -0.23740
vt 0.99610 -0.23710
vt 0.99490 -0.35120
vt 0.99630 -0.35120
vt 0.88840 -0.17830
vt 0.91040 -0.18100
vt 0.90890 -0.17830
vt 0.88840 -0.18100
vt 0.46940 -0.38560
vt 0.46470 -0.37970
vt 0.46940 -0.37970
vt 0.46470 -0.38560
vt 0.47420 -0.38560
vt 0.45590 -0.38560
vt 0.47420 -0.37970
vt 0.45590 -0.37970
vt 0.44590 -0.38560
vt 0.44590 -0.37970
vt 0.47910 -0.38560
vt 0.47910 -0.37970
vt 0.48400 -0.38560
vt 0.48400 -0.37970
vt 0.48860 -0.38560
vt 0.48860 -0.37970
vt 0.49350 -0.38560
vt 0.49350 -0.37970
vt 0.49600 -0.38560
vt 0.49600 -0.37970
vt 0.50790 -0.38560
vt 0.50790 -0.37970
vt 0.51770 -0.38560
vt 0.51770 -0.37970
vt 0.44590 -0.38560
vt 0.44440 -0.37970
vt 0.44590 -0.37970
vt 0.44440 -0.38560
vt 0.40900 -0.35950
vt 0.39800 -0.36800
vt 0.39270 -0.36070
vt 0.38360 -0.36170
vt 0.38970 -0.35920
vt 0.38100 -0.36780
vt 0.40900 -0.36290
vt 0.42220 -0.35950
vt 0.42220 -0.36170
vt 0.38950 -0.37630
vt 0.38340 -0.37360
vt 0.39560 -0.37390
vt 0.91650 -0.36410
vt 0.91280 -0.36680
vt 0.91280 -0.36410
vt 0.91650 -0.36680
vt 0.91650 -0.36120
vt 0.91280 -0.36120
vt 0.87790 -0.36390
vt 0.88160 -0.36090
vt 0.88160 -0.36390
vt 0.87790 -0.36090
vt 0.87790 -0.36680
vt 0.88160 -0.36680
vt 0.91280 -0.36410
vt 0.88160 -0.36680
vt 0.88160 -0.36390
vt 0.91280 -0.36680
vt 0.91280 -0.36120
vt 0.88160 -0.36090
vt 0.54070 -0.38190
vt 0.57090 -0.38190
vt 0.53800 -0.37460
vt 0.57090 -0.36460
vt 0.53110 -0.37460
vt 0.53110 -0.36460
vt 0.57090 -0.38190
vt 0.54070 -0.38190
vt 0.53800 -0.37460
vt 0.57090 -0.36460
vt 0.53110 -0.36460
vt 0.53110 -0.37460
vt 0.36870 -0.36170
vt 0.36340 -0.36650
vt 0.36340 -0.36170
vt 0.36870 -0.36750
vt 0.35820 -0.36560
vt 0.35820 -0.36170
vt 0.35190 -0.36390
vt 0.35190 -0.36170
vt 0.34460 -0.36290
vt 0.34460 -0.36170
vt 0.33750 -0.36390
vt 0.33750 -0.36170
vt 0.33110 -0.36560
vt 0.33110 -0.36170
vt 0.32580 -0.36650
vt 0.32580 -0.36170
vt 0.32060 -0.36750
vt 0.32060 -0.36170
vt 0.31040 -0.38510
vt 0.30870 -0.36210
vt 0.31040 -0.35950
vt 0.30870 -0.38240
vt 0.30650 -0.36460
vt 0.30650 -0.38000
vt 0.30430 -0.37680
vt 0.30430 -0.36780
vt 0.30330 -0.37240
vt 0.32380 -0.38340
vt 0.36090 -0.38050
vt 0.36530 -0.38340
vt 0.32840 -0.38050
vt 0.35680 -0.37680
vt 0.33240 -0.37680
vt 0.35190 -0.37310
vt 0.33750 -0.37310
vt 0.34460 -0.37120
vt 0.32060 -0.36170
vt 0.32600 -0.36650
vt 0.32060 -0.36750
vt 0.32580 -0.36170
vt 0.33110 -0.36560
vt 0.33110 -0.36170
vt 0.33750 -0.36390
vt 0.33750 -0.36170
vt 0.34460 -0.36260
vt 0.34460 -0.36170
vt 0.35190 -0.36390
vt 0.35190 -0.36140
vt 0.35820 -0.36530
vt 0.35820 -0.36140
vt 0.36340 -0.36650
vt 0.36340 -0.36140
vt 0.36870 -0.36730
vt 0.36870 -0.36140
vt 0.31040 -0.35950
vt 0.30870 -0.38240
vt 0.30870 -0.36210
vt 0.31040 -0.38510
vt 0.30650 -0.38000
vt 0.30650 -0.36460
vt 0.30430 -0.36780
vt 0.30430 -0.37680
vt 0.30330 -0.37240
vt 0.36530 -0.38340
vt 0.32840 -0.38050
vt 0.36090 -0.38050
vt 0.32380 -0.38340
vt 0.33240 -0.37680
vt 0.35680 -0.37680
vt 0.33750 -0.37310
vt 0.35190 -0.37310
vt 0.34460 -0.37120
vt 0.97630 -0.23300
vt 0.97660 -0.24370
vt 0.96210 -0.23320
vt 0.99050 -0.23320
vt 0.84540 -0.28910
vt 0.84540 -0.27860
vt 0.83150 -0.28910
vt 0.85960 -0.28910
vt 0.96700 -0.85400
vt 0.96800 -0.85740
vt 0.96560 -0.85490
vt 0.96900 -0.85620
vt 0.96610 -0.85100
vt 0.97170 -0.85960
vt 0.96390 -0.85150
vt 0.97220 -0.85860
vt 0.96580 -0.84760
vt 0.97530 -0.86010
vt 0.96340 -0.84790
vt 0.97530 -0.85930
vt 0.96390 -0.84400
vt 0.97880 -0.85860
vt 0.96610 -0.84440
vt 0.97920 -0.85960
vt 0.96560 -0.84080
vt 0.98170 -0.85640
vt 0.96700 -0.84150
vt 0.98290 -0.85740
vt 0.96800 -0.83830
vt 0.98360 -0.85420
vt 0.96900 -0.83930
vt 0.98530 -0.85490
vt 0.97170 -0.83610
vt 0.98490 -0.85130
vt 0.97220 -0.83710
vt 0.98710 -0.85150
vt 0.97530 -0.83540
vt 0.98510 -0.84790
vt 0.97560 -0.83640
vt 0.98750 -0.84790
vt 0.97880 -0.83710
vt 0.98710 -0.84400
vt 0.97920 -0.83610
vt 0.98490 -0.84470
vt 0.98190 -0.83930
vt 0.98530 -0.84050
vt 0.98290 -0.83830
vt 0.98390 -0.84180
vt 0.19800 -0.38850
vt 0.19220 -0.38240
vt 0.21470 -0.36610
vt 0.18800 -0.37460
vt 0.21470 -0.38850
vt 0.18680 -0.36610
vt 0.23100 -0.38850
vt 0.18800 -0.35750
vt 0.23710 -0.38240
vt 0.19190 -0.34970
vt 0.24100 -0.37460
vt 0.19830 -0.34360
vt 0.24250 -0.36610
vt 0.20590 -0.33970
vt 0.21470 -0.33820
vt 0.24100 -0.35750
vt 0.22320 -0.33970
vt 0.23710 -0.34970
vt 0.23100 -0.34360
vt 0.14800 -0.38050
vt 0.14040 -0.37950
vt 0.14410 -0.37680
vt 0.13750 -0.37340
vt 0.14530 -0.38410
vt 0.14160 -0.37220
vt 0.15120 -0.38730
vt 0.13630 -0.36680
vt 0.15800 -0.38070
vt 0.14090 -0.36680
vt 0.15800 -0.38850
vt 0.13720 -0.36020
vt 0.16460 -0.38730
vt 0.14160 -0.36170
vt 0.16780 -0.38050
vt 0.14040 -0.35410
vt 0.17070 -0.38410
vt 0.14410 -0.35680
vt 0.17170 -0.37680
vt 0.14510 -0.34950
vt 0.17530 -0.37950
vt 0.14770 -0.35310
vt 0.17410 -0.37220
vt 0.15120 -0.34630
vt 0.17850 -0.37340
vt 0.15260 -0.35070
vt 0.17480 -0.36680
vt 0.15800 -0.34510
vt 0.17950 -0.36680
vt 0.15800 -0.34970
vt 0.17410 -0.36170
vt 0.16460 -0.34630
vt 0.17850 -0.36020
vt 0.16310 -0.35070
vt 0.17170 -0.35680
vt 0.17070 -0.34950
vt 0.17530 -0.35410
vt 0.16800 -0.35310
vt 0.14850 -0.37970
vt 0.14410 -0.37680
vt 0.14510 -0.37610
vt 0.14160 -0.37220
vt 0.14800 -0.38050
vt 0.14290 -0.37170
vt 0.15800 -0.37970
vt 0.14090 -0.36680
vt 0.15800 -0.38070
vt 0.14190 -0.36680
vt 0.16730 -0.37970
vt 0.14160 -0.36170
vt 0.16780 -0.38050
vt 0.14290 -0.36190
vt 0.17070 -0.37610
vt 0.14410 -0.35680
vt 0.17170 -0.37680
vt 0.14510 -0.35750
vt 0.17310 -0.37170
vt 0.14770 -0.35310
vt 0.17410 -0.37220
vt 0.14850 -0.35380
vt 0.17390 -0.36680
vt 0.15260 -0.35070
vt 0.17480 -0.36680
vt 0.15290 -0.35160
vt 0.17310 -0.36190
vt 0.15800 -0.34970
vt 0.17410 -0.36170
vt 0.15800 -0.35090
vt 0.17070 -0.35750
vt 0.16310 -0.35070
vt 0.17170 -0.35680
vt 0.16290 -0.35160
vt 0.16730 -0.35380
vt 0.16800 -0.35310
vt 0.13410 -0.32940
vt 0.13060 -0.32650
vt 0.13410 -0.32650
vt 0.13060 -0.32360
vt 0.13060 -0.32940
vt 0.13410 -0.32360
vt 0.13410 -0.33240
vt 0.13060 -0.32060
vt 0.13060 -0.33240
vt 0.13410 -0.32060
vt 0.13410 -0.33530
vt 0.13060 -0.31770
vt 0.13060 -0.33530
vt 0.13410 -0.31770
vt 0.13410 -0.33820
vt 0.13060 -0.31480
vt 0.13060 -0.33820
vt 0.13410 -0.31480
vt 0.13410 -0.34110
vt 0.13060 -0.31180
vt 0.13060 -0.34110
vt 0.13410 -0.31180
vt 0.13410 -0.34380
vt 0.13060 -0.30890
vt 0.13060 -0.34380
vt 0.13410 -0.30890
vt 0.13410 -0.34680
vt 0.13060 -0.30620
vt 0.13060 -0.34680
vt 0.13410 -0.34970
vt 0.13060 -0.34970
vt 0.13410 -0.30620
vt 0.13060 -0.30330
vt 0.13410 -0.30330
vt 0.17880 -0.24540
vt 0.17660 -0.24030
vt 0.17830 -0.24270
vt 0.17830 -0.24840
vt 0.17660 -0.25080
vt 0.17140 -0.25300
vt 0.17410 -0.25250
vt 0.16610 -0.25080
vt 0.16850 -0.25250
vt 0.17140 -0.23810
vt 0.17410 -0.23860
vt 0.16610 -0.24030
vt 0.16850 -0.23860
vt 0.16390 -0.24540
vt 0.16460 -0.24840
vt 0.16460 -0.24270
vt 0.13550 -0.22420
vt 0.12670 -0.22710
vt 0.12670 -0.22420
vt 0.13550 -0.22710
vt 0.13550 -0.22100
vt 0.12670 -0.23030
vt 0.12670 -0.22100
vt 0.13550 -0.23030
vt 0.13550 -0.21810
vt 0.12670 -0.23320
vt 0.12670 -0.21810
vt 0.13550 -0.23320
vt 0.12670 -0.23640
vt 0.13550 -0.23640
vt 0.13550 -0.21510
vt 0.12670 -0.21510
vt 0.13550 -0.21200
vt 0.12670 -0.21200
vt 0.15730 -0.23250
vt 0.15730 -0.22660
vt 0.15780 -0.22950
vt 0.15560 -0.23490
vt 0.15310 -0.23640
vt 0.14750 -0.23660
vt 0.15040 -0.23710
vt 0.14330 -0.23250
vt 0.14510 -0.23490
vt 0.15310 -0.22270
vt 0.15560 -0.22440
vt 0.14750 -0.22270
vt 0.15020 -0.22220
vt 0.14330 -0.22690
vt 0.14290 -0.22950
vt 0.14510 -0.22440
vt 0.13280 -0.27280
vt 0.12940 -0.27010
vt 0.13280 -0.27010
vt 0.12940 -0.26720
vt 0.12940 -0.27280
vt 0.13280 -0.26720
vt 0.13280 -0.27570
vt 0.12940 -0.26420
vt 0.12940 -0.27570
vt 0.13280 -0.26420
vt 0.13280 -0.27860
vt 0.12940 -0.26130
vt 0.12940 -0.27860
vt 0.13280 -0.26130
vt 0.13280 -0.28160
vt 0.12940 -0.25840
vt 0.12940 -0.28160
vt 0.13280 -0.25840
vt 0.13280 -0.28450
vt 0.12940 -0.25540
vt 0.12940 -0.28450
vt 0.13280 -0.25540
vt 0.13280 -0.28740
vt 0.12940 -0.25250
vt 0.12940 -0.28740
vt 0.13280 -0.25250
vt 0.13280 -0.29040
vt 0.12940 -0.24960
vt 0.12940 -0.29040
vt 0.13280 -0.29330
vt 0.12940 -0.29330
vt 0.13280 -0.24960
vt 0.12940 -0.24660
vt 0.13280 -0.24660
vt 0.17090 -0.22200
vt 0.17580 -0.21880
vt 0.17360 -0.22080
vt 0.16800 -0.22200
vt 0.16530 -0.22080
vt 0.16210 -0.21590
vt 0.16340 -0.21860
vt 0.16340 -0.21030
vt 0.16240 -0.21290
vt 0.17700 -0.21320
vt 0.17680 -0.21610
vt 0.17390 -0.20850
vt 0.17580 -0.21050
vt 0.16830 -0.20730
vt 0.16560 -0.20830
vt 0.17120 -0.20730
vt 0.15800 -0.30840
vt 0.19100 -0.31330
vt 0.15800 -0.31330
vt 0.19100 -0.30840
vt 0.19100 -0.29870
vt 0.15800 -0.29870
vt 0.15800 -0.28860
vt 0.19100 -0.28860
vt 0.19100 -0.28400
vt 0.15800 -0.28400
vt 0.19100 -0.32040
vt 0.15800 -0.32360
vt 0.15800 -0.32040
vt 0.19100 -0.32360
vt 0.14190 -0.32940
vt 0.14510 -0.32580
vt 0.14510 -0.32940
vt 0.14190 -0.33650
vt 0.14510 -0.33650
vt 0.15040 -0.32940
vt 0.15040 -0.31600
vt 0.14510 -0.31600
vt 0.14510 -0.30620
vt 0.15040 -0.30260
vt 0.14510 -0.30260
vt 0.14190 -0.30260
vt 0.15040 -0.26620
vt 0.14510 -0.26620
vt 0.14510 -0.25640
vt 0.14510 -0.27590
vt 0.15040 -0.25270
vt 0.15040 -0.27960
vt 0.14510 -0.27960
vt 0.14190 -0.27960
vt 0.14510 -0.25270
vt 0.14190 -0.25270
vt 0.14510 -0.24570
vt 0.14190 -0.24570
vt 0.19100 -0.33060
vt 0.15800 -0.33630
vt 0.15800 -0.33060
vt 0.19100 -0.33630
vt 0.15800 -0.32040
vt 0.19100 -0.31330
vt 0.19100 -0.32040
vt 0.15800 -0.31330
vt 0.19100 -0.32360
vt 0.15800 -0.33060
vt 0.15800 -0.32360
vt 0.19100 -0.33060
vt 0.19100 -0.27690
vt 0.15800 -0.27350
vt 0.19100 -0.27350
vt 0.15800 -0.27690
vt 0.19100 -0.26640
vt 0.15800 -0.26110
vt 0.19100 -0.26110
vt 0.15800 -0.26640
vt 0.15800 -0.27690
vt 0.19100 -0.28400
vt 0.15800 -0.28400
vt 0.19100 -0.27690
vt 0.14510 -0.28670
vt 0.14190 -0.27960
vt 0.14510 -0.27960
vt 0.14190 -0.28670
vt 0.19100 -0.27350
vt 0.15800 -0.26640
vt 0.19100 -0.26640
vt 0.15800 -0.27350
vt 0.14190 -0.29550
vt 0.14510 -0.30260
vt 0.14190 -0.30260
vt 0.14510 -0.29550
vt 0.11430 -0.35600
vt 0.12010 -0.35900
vt 0.12010 -0.35600
vt 0.11430 -0.35900
vt 0.11110 -0.35780
vt 0.11430 -0.36780
vt 0.10870 -0.35970
vt 0.10770 -0.36240
vt 0.10770 -0.36780
vt 0.11500 -0.37050
vt 0.11400 -0.37920
vt 0.10770 -0.38410
vt 0.11670 -0.37190
vt 0.11920 -0.37220
vt 0.12060 -0.37310
vt 0.12190 -0.37460
vt 0.04440 -0.36510
vt 0.04080 -0.37920
vt 0.04440 -0.37920
vt 0.04080 -0.36510
vt 0.03520 -0.37920
vt 0.03520 -0.36510
vt 0.04470 -0.38460
vt 0.04080 -0.38460
vt 0.04760 -0.38190
vt 0.04760 -0.37920
vt 0.04760 -0.36510
vt 0.05050 -0.37920
vt 0.05050 -0.36510
vt 0.05570 -0.36510
vt 0.05570 -0.37920
vt 0.07230 -0.37920
vt 0.07230 -0.36510
vt 0.02950 -0.38460
vt 0.02660 -0.37920
vt 0.01780 -0.38460
vt 0.02950 -0.37920
vt 0.02660 -0.36510
vt 0.01780 -0.36510
vt 0.01490 -0.36510
vt 0.01490 -0.38460
vt 0.01270 -0.38460
vt 0.01270 -0.36510
vt 0.01030 -0.38460
vt 0.01030 -0.36510
vt 0.00850 -0.36510
vt 0.00850 -0.38460
vt 0.00660 -0.38460
vt 0.00660 -0.36510
vt 0.05050 -0.37920
vt 0.05570 -0.38560
vt 0.05570 -0.37920
vt 0.07230 -0.37920
vt 0.06940 -0.38560
vt 0.04760 -0.38190
vt 0.04590 -0.38560
vt 0.02660 -0.37920
vt 0.03220 -0.36510
vt 0.02660 -0.36510
vt 0.03220 -0.37920
vt 0.03520 -0.37920
vt 0.03220 -0.36510
vt 0.03220 -0.37920
vt 0.03520 -0.36510
vt 0.03520 -0.38490
vt 0.03220 -0.37920
vt 0.03220 -0.38490
vt 0.03520 -0.37920
vt 0.11920 -0.33410
vt 0.12260 -0.32430
vt 0.11920 -0.32230
vt 0.12260 -0.33410
vt 0.12260 -0.34770
vt 0.11840 -0.33680
vt 0.11670 -0.33820
vt 0.11450 -0.33850
vt 0.11280 -0.33970
vt 0.11160 -0.34090
vt 0.10740 -0.38680
vt 0.11400 -0.37920
vt 0.10770 -0.38410
vt 0.11430 -0.38140
vt 0.12190 -0.37460
vt 0.12380 -0.37610
vt 0.07450 -0.37920
vt 0.07230 -0.36510
vt 0.07230 -0.37920
vt 0.07450 -0.36390
vt 0.07160 -0.38660
vt 0.07450 -0.37900
vt 0.06940 -0.38560
vt 0.10960 -0.34240
vt 0.12260 -0.34770
vt 0.11160 -0.34090
vt 0.12260 -0.35020
vt 0.00460 -0.38580
vt 0.00660 -0.36510
vt 0.00460 -0.36390
vt 0.00660 -0.38460
vt 0.11450 -0.29010
vt 0.12010 -0.29300
vt 0.11450 -0.29300
vt 0.12010 -0.29010
vt 0.11140 -0.29180
vt 0.11450 -0.30180
vt 0.10890 -0.29380
vt 0.10790 -0.29650
vt 0.10790 -0.30180
vt 0.11530 -0.30450
vt 0.11430 -0.31330
vt 0.10790 -0.31820
vt 0.11700 -0.30600
vt 0.11940 -0.30620
vt 0.12090 -0.30740
vt 0.12210 -0.30870
vt 0.10010 -0.29300
vt 0.08600 -0.28940
vt 0.10010 -0.28910
vt 0.08600 -0.28350
vt 0.10010 -0.28350
vt 0.08600 -0.29300
vt 0.08080 -0.29300
vt 0.08080 -0.28940
vt 0.08350 -0.29600
vt 0.08620 -0.29600
vt 0.10010 -0.29600
vt 0.08600 -0.29890
vt 0.10010 -0.29890
vt 0.10010 -0.30430
vt 0.08600 -0.30430
vt 0.08600 -0.32060
vt 0.10010 -0.32060
vt 0.08080 -0.27790
vt 0.08080 -0.26640
vt 0.08600 -0.27500
vt 0.08600 -0.27790
vt 0.10010 -0.27500
vt 0.10010 -0.26640
vt 0.10010 -0.26350
vt 0.08080 -0.26350
vt 0.08080 -0.26130
vt 0.10010 -0.26130
vt 0.08080 -0.25890
vt 0.10010 -0.25890
vt 0.10010 -0.25690
vt 0.08080 -0.25690
vt 0.08080 -0.25520
vt 0.10010 -0.25520
vt 0.08600 -0.29890
vt 0.08600 -0.30430
vt 0.07990 -0.30430
vt 0.08600 -0.32060
vt 0.07990 -0.31770
vt 0.08350 -0.29600
vt 0.07990 -0.29430
vt 0.08600 -0.27500
vt 0.10010 -0.28080
vt 0.08600 -0.28080
vt 0.10010 -0.27500
vt 0.08600 -0.28350
vt 0.10010 -0.28080
vt 0.10010 -0.28350
vt 0.08600 -0.28080
vt 0.08030 -0.28350
vt 0.08600 -0.28080
vt 0.08600 -0.28350
vt 0.08030 -0.28080
vt 0.11310 -0.26890
vt 0.10960 -0.27860
vt 0.10960 -0.26890
vt 0.11310 -0.28030
vt 0.10960 -0.25520
vt 0.11380 -0.26590
vt 0.11550 -0.26450
vt 0.11770 -0.26420
vt 0.11940 -0.26320
vt 0.12060 -0.26180
vt 0.10770 -0.32090
vt 0.11430 -0.31330
vt 0.11450 -0.31550
vt 0.10790 -0.31820
vt 0.12210 -0.30870
vt 0.12410 -0.31010
vt 0.08600 -0.32280
vt 0.10010 -0.32060
vt 0.10130 -0.32280
vt 0.08600 -0.32060
vt 0.07890 -0.32010
vt 0.07990 -0.31770
vt 0.08620 -0.32280
vt 0.12260 -0.26060
vt 0.10960 -0.25520
vt 0.10960 -0.25270
vt 0.12060 -0.26180
vt 0.07960 -0.25320
vt 0.10010 -0.25520
vt 0.08080 -0.25520
vt 0.10130 -0.25320
vt 0.06540 -0.34040
vt 0.01200 -0.34360
vt 0.01200 -0.34040
vt 0.06540 -0.34360
vt 0.06540 -0.35070
vt 0.01200 -0.35460
vt 0.01200 -0.35070
vt 0.06540 -0.35460
vt 0.01200 -0.34040
vt 0.06540 -0.33110
vt 0.06540 -0.34040
vt 0.01200 -0.33110
vt 0.00880 -0.34040
vt 0.01200 -0.33110
vt 0.01200 -0.34040
vt 0.00880 -0.33330
vt 0.00680 -0.32600
vt 0.00590 -0.32600
vt 0.00510 -0.33330
vt 0.06540 -0.34360
vt 0.01200 -0.35070
vt 0.01200 -0.34360
vt 0.06540 -0.35070
vt 0.06540 -0.34040
vt 0.06860 -0.33330
vt 0.06860 -0.34040
vt 0.06540 -0.33110
vt 0.07060 -0.32600
vt 0.07160 -0.32600
vt 0.07230 -0.33330
vt 0.09890 -0.38630
vt 0.09670 -0.33140
vt 0.09890 -0.33140
vt 0.09670 -0.38630
vt 0.08550 -0.33140
vt 0.08770 -0.38630
vt 0.08550 -0.38630
vt 0.08770 -0.33140
vt 0.08740 -0.38830
vt 0.09670 -0.38630
vt 0.09650 -0.38830
vt 0.08770 -0.38630
vt 0.09650 -0.32920
vt 0.08770 -0.33140
vt 0.08740 -0.32920
vt 0.09670 -0.33140
vt 0.09670 -0.38630
vt 0.09570 -0.33210
vt 0.09670 -0.33140
vt 0.08840 -0.33210
vt 0.09570 -0.38530
vt 0.08770 -0.33140
vt 0.08770 -0.38630
vt 0.08840 -0.38530
vt 0.01200 -0.32380
vt 0.06540 -0.32280
vt 0.06540 -0.32380
vt 0.01200 -0.32280
vt 0.01200 -0.33110
vt 0.06540 -0.33110
vt 0.06540 -0.26890
vt 0.01200 -0.27200
vt 0.06540 -0.27200
vt 0.01200 -0.26890
vt 0.06540 -0.27910
vt 0.01200 -0.28280
vt 0.06540 -0.28280
vt 0.01200 -0.27910
vt 0.01200 -0.26890
vt 0.06540 -0.25930
vt 0.01200 -0.25930
vt 0.06540 -0.26890
vt 0.00880 -0.26890
vt 0.01200 -0.25930
vt 0.00880 -0.26180
vt 0.01200 -0.26890
vt 0.00680 -0.25450
vt 0.00590 -0.25450
vt 0.00510 -0.26180
vt 0.06540 -0.27200
vt 0.01200 -0.27910
vt 0.06540 -0.27910
vt 0.01200 -0.27200
vt 0.06540 -0.26890
vt 0.06860 -0.26180
vt 0.06540 -0.25930
vt 0.06860 -0.26890
vt 0.07060 -0.25450
vt 0.07160 -0.25450
vt 0.07230 -0.26180
vt 0.06400 -0.29350
vt 0.00900 -0.29550
vt 0.06400 -0.29550
vt 0.00900 -0.29350
vt 0.00900 -0.30670
vt 0.06400 -0.30450
vt 0.00900 -0.30450
vt 0.06400 -0.30670
vt 0.06620 -0.30480
vt 0.06400 -0.29550
vt 0.06400 -0.30450
vt 0.06620 -0.29570
vt 0.00680 -0.29570
vt 0.00900 -0.30450
vt 0.00900 -0.29550
vt 0.00680 -0.30480
vt 0.06400 -0.29550
vt 0.00980 -0.29650
vt 0.06320 -0.29650
vt 0.00900 -0.29550
vt 0.06400 -0.30450
vt 0.00980 -0.30380
vt 0.06320 -0.30380
vt 0.00900 -0.30450
vt 0.01200 -0.25230
vt 0.06540 -0.25130
vt 0.01200 -0.25130
vt 0.06540 -0.25230
vt 0.01200 -0.25930
vt 0.06540 -0.25230
vt 0.01200 -0.25230
vt 0.06540 -0.25930
vt 0.09790 -0.99580
vt 0.09380 -0.99270
vt 0.09380 -0.99580
vt 0.09790 -0.99240
vt 0.10180 -0.99240
vt 0.10180 -0.99580
vt 0.08960 -0.99270
vt 0.08960 -0.99580
vt 0.08520 -0.99580
vt 0.08520 -0.99240
vt 0.08110 -0.99580
vt 0.08110 -0.99170
vt 0.07690 -0.99580
vt 0.07690 -0.99120
vt 0.07280 -0.99580
vt 0.07280 -0.99070
vt 0.06860 -0.99120
vt 0.06860 -0.99580
vt 0.06450 -0.99150
vt 0.06450 -0.99580
vt 0.06010 -0.99220
vt 0.06010 -0.99580
vt 0.05590 -0.99270
vt 0.05590 -0.99580
vt 0.05180 -0.99580
vt 0.05180 -0.99240
vt 0.04760 -0.99580
vt 0.04760 -0.99240
vt 0.04370 -0.99580
vt 0.04370 -0.99190
vt 0.10990 -0.99580
vt 0.11310 -0.99170
vt 0.10990 -0.99190
vt 0.11310 -0.99580
vt 0.10570 -0.99220
vt 0.10570 -0.99580
vt 0.10180 -0.99580
vt 0.10180 -0.99240
vt 0.02080 -0.98360
vt 0.00540 -0.97900
vt 0.00440 -0.98360
vt 0.00730 -0.97460
vt 0.01170 -0.97480
vt 0.01590 -0.97220
vt 0.02080 -0.97120
vt 0.03320 -0.98360
vt 0.02540 -0.97220
vt 0.02950 -0.97480
vt 0.03220 -0.97900
vt 0.02080 -0.99630
vt 0.03220 -0.98850
vt 0.02950 -0.99270
vt 0.02540 -0.99540
vt 0.01590 -0.99540
vt 0.01170 -0.99270
vt 0.00730 -0.99270
vt 0.00540 -0.98850
vt 0.04370 -0.99190
vt 0.03980 -0.99580
vt 0.04370 -0.99580
vt 0.03980 -0.99170
vt 0.09790 -0.99580
vt 0.09380 -0.99270
vt 0.09380 -0.99580
vt 0.09790 -0.99240
vt 0.10180 -0.99240
vt 0.10180 -0.99580
vt 0.08960 -0.99270
vt 0.08960 -0.99580
vt 0.08520 -0.99580
vt 0.08520 -0.99240
vt 0.08110 -0.99580
vt 0.08110 -0.99170
vt 0.07690 -0.99580
vt 0.07690 -0.99120
vt 0.07280 -0.99580
vt 0.07280 -0.99070
vt 0.06860 -0.99120
vt 0.06860 -0.99580
vt 0.06450 -0.99150
vt 0.06450 -0.99580
vt 0.06010 -0.99220
vt 0.06010 -0.99580
vt 0.05590 -0.99270
vt 0.05590 -0.99580
vt 0.05180 -0.99580
vt 0.05180 -0.99240
vt 0.04760 -0.99580
vt 0.04760 -0.99240
vt 0.04370 -0.99580
vt 0.04370 -0.99190
vt 0.10990 -0.99580
vt 0.11310 -0.99170
vt 0.10990 -0.99190
vt 0.11310 -0.99580
vt 0.10570 -0.99220
vt 0.10570 -0.99580
vt 0.10180 -0.99580
vt 0.10180 -0.99240
vt 0.02080 -0.98360
vt 0.00540 -0.97900
vt 0.00440 -0.98360
vt 0.00730 -0.97460
vt 0.01170 -0.97480
vt 0.01590 -0.97220
vt 0.02080 -0.97120
vt 0.03320 -0.98360
vt 0.02540 -0.97220
vt 0.02950 -0.97480
vt 0.03220 -0.97900
vt 0.02080 -0.99630
vt 0.03220 -0.98850
vt 0.02950 -0.99270
vt 0.02540 -0.99540
vt 0.01590 -0.99540
vt 0.01170 -0.99270
vt 0.00730 -0.99270
vt 0.00540 -0.98850
vt 0.04370 -0.99190
vt 0.03980 -0.99580
vt 0.04370 -0.99580
vt 0.03980 -0.99170
vt 0.09790 -0.99580
vt 0.09380 -0.99270
vt 0.09380 -0.99580
vt 0.09790 -0.99240
vt 0.10180 -0.99240
vt 0.10180 -0.99580
vt 0.08960 -0.99270
vt 0.08960 -0.99580
vt 0.08520 -0.99580
vt 0.08520 -0.99240
vt 0.08110 -0.99580
vt 0.08110 -0.99170
vt 0.07690 -0.99580
vt 0.07690 -0.99120
vt 0.07280 -0.99580
vt 0.07280 -0.99070
vt 0.06860 -0.99120
vt 0.06860 -0.99580
vt 0.06450 -0.99150
vt 0.06450 -0.99580
vt 0.06010 -0.99220
vt 0.06010 -0.99580
vt 0.05590 -0.99270
vt 0.05590 -0.99580
vt 0.05180 -0.99580
vt 0.05180 -0.99240
vt 0.04760 -0.99580
vt 0.04760 -0.99240
vt 0.04370 -0.99580
vt 0.04370 -0.99190
vt 0.10990 -0.99580
vt 0.11310 -0.99170
vt 0.10990 -0.99190
vt 0.11310 -0.99580
vt 0.10570 -0.99220
vt 0.10570 -0.99580
vt 0.10180 -0.99580
vt 0.10180 -0.99240
vt 0.02080 -0.98360
vt 0.00540 -0.97900
vt 0.00440 -0.98360
vt 0.00730 -0.97460
vt 0.01170 -0.97480
vt 0.01590 -0.97220
vt 0.02080 -0.97120
vt 0.03320 -0.98360
vt 0.02540 -0.97220
vt 0.02950 -0.97480
vt 0.03220 -0.97900
vt 0.02080 -0.99630
vt 0.03220 -0.98850
vt 0.02950 -0.99270
vt 0.02540 -0.99540
vt 0.01590 -0.99540
vt 0.01170 -0.99270
vt 0.00730 -0.99270
vt 0.00540 -0.98850
vt 0.04370 -0.99190
vt 0.03980 -0.99580
vt 0.04370 -0.99580
vt 0.03980 -0.99170
vt 0.09790 -0.99580
vt 0.09380 -0.99270
vt 0.09380 -0.99580
vt 0.09790 -0.99240
vt 0.10180 -0.99240
vt 0.10180 -0.99580
vt 0.08960 -0.99270
vt 0.08960 -0.99580
vt 0.08520 -0.99580
vt 0.08520 -0.99240
vt 0.08110 -0.99580
vt 0.08110 -0.99170
vt 0.07690 -0.99580
vt 0.07690 -0.99120
vt 0.07280 -0.99580
vt 0.07280 -0.99070
vt 0.06860 -0.99120
vt 0.06860 -0.99580
vt 0.06450 -0.99150
vt 0.06450 -0.99580
vt 0.06010 -0.99220
vt 0.06010 -0.99580
vt 0.05590 -0.99270
vt 0.05590 -0.99580
vt 0.05180 -0.99580
vt 0.05180 -0.99240
vt 0.04760 -0.99580
vt 0.04760 -0.99240
vt 0.04370 -0.99580
vt 0.04370 -0.99190
vt 0.10990 -0.99580
vt 0.11310 -0.99170
vt 0.10990 -0.99190
vt 0.11310 -0.99580
vt 0.10570 -0.99220
vt 0.10570 -0.99580
vt 0.10180 -0.99580
vt 0.10180 -0.99240
vt 0.02080 -0.98360
vt 0.00540 -0.97900
vt 0.00440 -0.98360
vt 0.00730 -0.97460
vt 0.01170 -0.97480
vt 0.01590 -0.97220
vt 0.02080 -0.97120
vt 0.03320 -0.98360
vt 0.02540 -0.97220
vt 0.02950 -0.97480
vt 0.03220 -0.97900
vt 0.02080 -0.99630
vt 0.03220 -0.98850
vt 0.02950 -0.99270
vt 0.02540 -0.99540
vt 0.01590 -0.99540
vt 0.01170 -0.99270
vt 0.00730 -0.99270
vt 0.00540 -0.98850
vt 0.04370 -0.99190
vt 0.03980 -0.99580
vt 0.04370 -0.99580
vt 0.03980 -0.99170
vt 0.01730 -0.76750
vt 0.01070 -0.76240
vt 0.01730 -0.76240
vt 0.01070 -0.75750
vt 0.01070 -0.76750
vt 0.01730 -0.77240
vt 0.01070 -0.77240
vt 0.01730 -0.75750
vt 0.01070 -0.75240
vt 0.01730 -0.75240
vt 0.01070 -0.74750
vt 0.01730 -0.74750
vt 0.01070 -0.74240
vt 0.01730 -0.74240
vt 0.01070 -0.73750
vt 0.01730 -0.73750
vt 0.01070 -0.73240
vt 0.01730 -0.73240
vt 0.01390 -0.87280
vt 0.01390 -0.86540
vt 0.01930 -0.87060
vt 0.02150 -0.86540
vt 0.00880 -0.87060
vt 0.01930 -0.86010
vt 0.00660 -0.86540
vt 0.01390 -0.85790
vt 0.00880 -0.86010
vt 0.01730 -0.76750
vt 0.01070 -0.76240
vt 0.01730 -0.76240
vt 0.01070 -0.75750
vt 0.01070 -0.76750
vt 0.01730 -0.77240
vt 0.01070 -0.77240
vt 0.01730 -0.75750
vt 0.01070 -0.75240
vt 0.01730 -0.75240
vt 0.01070 -0.74750
vt 0.01730 -0.74750
vt 0.01070 -0.74240
vt 0.01730 -0.74240
vt 0.01070 -0.73750
vt 0.01730 -0.73750
vt 0.01070 -0.73240
vt 0.01730 -0.73240
vt 0.01390 -0.87280
vt 0.01390 -0.86540
vt 0.01930 -0.87060
vt 0.02150 -0.86540
vt 0.00880 -0.87060
vt 0.01930 -0.86010
vt 0.00660 -0.86540
vt 0.01390 -0.85790
vt 0.00880 -0.86010
vt 0.01730 -0.76750
vt 0.01070 -0.76240
vt 0.01730 -0.76240
vt 0.01070 -0.75750
vt 0.01070 -0.76750
vt 0.01730 -0.77240
vt 0.01070 -0.77240
vt 0.01730 -0.75750
vt 0.01070 -0.75240
vt 0.01730 -0.75240
vt 0.01070 -0.74750
vt 0.01730 -0.74750
vt 0.01070 -0.74240
vt 0.01730 -0.74240
vt 0.01070 -0.73750
vt 0.01730 -0.73750
vt 0.01070 -0.73240
vt 0.01730 -0.73240
vt 0.01390 -0.87280
vt 0.01390 -0.86540
vt 0.01930 -0.87060
vt 0.02150 -0.86540
vt 0.00880 -0.87060
vt 0.01930 -0.86010
vt 0.00660 -0.86540
vt 0.01390 -0.85790
vt 0.00880 -0.86010
vt 0.01730 -0.76750
vt 0.01070 -0.76240
vt 0.01730 -0.76240
vt 0.01070 -0.75750
vt 0.01070 -0.76750
vt 0.01730 -0.77240
vt 0.01070 -0.77240
vt 0.01730 -0.75750
vt 0.01070 -0.75240
vt 0.01730 -0.75240
vt 0.01070 -0.74750
vt 0.01730 -0.74750
vt 0.01070 -0.74240
vt 0.01730 -0.74240
vt 0.01070 -0.73750
vt 0.01730 -0.73750
vt 0.01070 -0.73240
vt 0.01730 -0.73240
vt 0.01390 -0.87280
vt 0.01390 -0.86540
vt 0.01930 -0.87060
vt 0.02150 -0.86540
vt 0.00880 -0.87060
vt 0.01930 -0.86010
vt 0.00660 -0.86540
vt 0.01390 -0.85790
vt 0.00880 -0.86010
vt 0.01730 -0.76750
vt 0.01070 -0.76240
vt 0.01730 -0.76240
vt 0.01070 -0.75750
vt 0.01070 -0.76750
vt 0.01730 -0.77240
vt 0.01070 -0.77240
vt 0.01730 -0.75750
vt 0.01070 -0.75240
vt 0.01730 -0.75240
vt 0.01070 -0.74750
vt 0.01730 -0.74750
vt 0.01070 -0.74240
vt 0.01730 -0.74240
vt 0.01070 -0.73750
vt 0.01730 -0.73750
vt 0.01070 -0.73240
vt 0.01730 -0.73240
vt 0.01390 -0.87280
vt 0.01390 -0.86540
vt 0.01930 -0.87060
vt 0.02150 -0.86540
vt 0.00880 -0.87060
vt 0.01930 -0.86010
vt 0.00660 -0.86540
vt 0.01390 -0.85790
vt 0.00880 -0.86010
vt 0.01730 -0.76750
vt 0.01070 -0.76240
vt 0.01730 -0.76240
vt 0.01070 -0.75750
vt 0.01070 -0.76750
vt 0.01730 -0.77240
vt 0.01070 -0.77240
vt 0.01730 -0.75750
vt 0.01070 -0.75240
vt 0.01730 -0.75240
vt 0.01070 -0.74750
vt 0.01730 -0.74750
vt 0.01070 -0.74240
vt 0.01730 -0.74240
vt 0.01070 -0.73750
vt 0.01730 -0.73750
vt 0.01070 -0.73240
vt 0.01730 -0.73240
vt 0.01390 -0.87280
vt 0.01390 -0.86540
vt 0.01930 -0.87060
vt 0.02150 -0.86540
vt 0.00880 -0.87060
vt 0.01930 -0.86010
vt 0.00660 -0.86540
vt 0.01390 -0.85790
vt 0.00880 -0.86010
vt 0.01730 -0.76750
vt 0.01070 -0.76240
vt 0.01730 -0.76240
vt 0.01070 -0.75750
vt 0.01070 -0.76750
vt 0.01730 -0.77240
vt 0.01070 -0.77240
vt 0.01730 -0.75750
vt 0.01070 -0.75240
vt 0.01730 -0.75240
vt 0.01070 -0.74750
vt 0.01730 -0.74750
vt 0.01070 -0.74240
vt 0.01730 -0.74240
vt 0.01070 -0.73750
vt 0.01730 -0.73750
vt 0.01070 -0.73240
vt 0.01730 -0.73240
vt 0.01390 -0.87280
vt 0.01390 -0.86540
vt 0.01930 -0.87060
vt 0.02150 -0.86540
vt 0.00880 -0.87060
vt 0.01930 -0.86010
vt 0.00660 -0.86540
vt 0.01390 -0.85790
vt 0.00880 -0.86010
vt 0.01730 -0.76750
vt 0.01070 -0.76240
vt 0.01730 -0.76240
vt 0.01070 -0.75750
vt 0.01070 -0.76750
vt 0.01730 -0.77240
vt 0.01070 -0.77240
vt 0.01730 -0.75750
vt 0.01070 -0.75240
vt 0.01730 -0.75240
vt 0.01070 -0.74750
vt 0.01730 -0.74750
vt 0.01070 -0.74240
vt 0.01730 -0.74240
vt 0.01070 -0.73750
vt 0.01730 -0.73750
vt 0.01070 -0.73240
vt 0.01730 -0.73240
vt 0.01390 -0.87280
vt 0.01390 -0.86540
vt 0.01930 -0.87060
vt 0.02150 -0.86540
vt 0.00880 -0.87060
vt 0.01930 -0.86010
vt 0.00660 -0.86540
vt 0.01390 -0.85790
vt 0.00880 -0.86010
vt 0.01730 -0.76750
vt 0.01070 -0.76240
vt 0.01730 -0.76240
vt 0.01070 -0.75750
vt 0.01070 -0.76750
vt 0.01730 -0.77240
vt 0.01070 -0.77240
vt 0.01730 -0.75750
vt 0.01070 -0.75240
vt 0.01730 -0.75240
vt 0.01070 -0.74750
vt 0.01730 -0.74750
vt 0.01070 -0.74240
vt 0.01730 -0.74240
vt 0.01070 -0.73750
vt 0.01730 -0.73750
vt 0.01070 -0.73240
vt 0.01730 -0.73240
vt 0.01390 -0.87280
vt 0.01390 -0.86540
vt 0.01930 -0.87060
vt 0.02150 -0.86540
vt 0.00880 -0.87060
vt 0.01930 -0.86010
vt 0.00660 -0.86540
vt 0.01390 -0.85790
vt 0.00880 -0.86010
vt 0.01730 -0.76750
vt 0.01070 -0.76240
vt 0.01730 -0.76240
vt 0.01070 -0.75750
vt 0.01070 -0.76750
vt 0.01730 -0.77240
vt 0.01070 -0.77240
vt 0.01730 -0.75750
vt 0.01070 -0.75240
vt 0.01730 -0.75240
vt 0.01070 -0.74750
vt 0.01730 -0.74750
vt 0.01070 -0.74240
vt 0.01730 -0.74240
vt 0.01070 -0.73750
vt 0.01730 -0.73750
vt 0.01070 -0.73240
vt 0.01730 -0.73240
vt 0.01390 -0.87280
vt 0.01390 -0.86540
vt 0.01930 -0.87060
vt 0.02150 -0.86540
vt 0.00880 -0.87060
vt 0.01930 -0.86010
vt 0.00660 -0.86540
vt 0.01390 -0.85790
vt 0.00880 -0.86010
vt 0.01730 -0.76750
vt 0.01070 -0.76240
vt 0.01730 -0.76240
vt 0.01070 -0.75750
vt 0.01070 -0.76750
vt 0.01730 -0.77240
vt 0.01070 -0.77240
vt 0.01730 -0.75750
vt 0.01070 -0.75240
vt 0.01730 -0.75240
vt 0.01070 -0.74750
vt 0.01730 -0.74750
vt 0.01070 -0.74240
vt 0.01730 -0.74240
vt 0.01070 -0.73750
vt 0.01730 -0.73750
vt 0.01070 -0.73240
vt 0.01730 -0.73240
vt 0.01390 -0.87280
vt 0.01390 -0.86540
vt 0.01930 -0.87060
vt 0.02150 -0.86540
vt 0.00880 -0.87060
vt 0.01930 -0.86010
vt 0.00660 -0.86540
vt 0.01390 -0.85790
vt 0.00880 -0.86010
vt 0.01730 -0.76750
vt 0.01070 -0.76240
vt 0.01730 -0.76240
vt 0.01070 -0.75750
vt 0.01070 -0.76750
vt 0.01730 -0.77240
vt 0.01070 -0.77240
vt 0.01730 -0.75750
vt 0.01070 -0.75240
vt 0.01730 -0.75240
vt 0.01070 -0.74750
vt 0.01730 -0.74750
vt 0.01070 -0.74240
vt 0.01730 -0.74240
vt 0.01070 -0.73750
vt 0.01730 -0.73750
vt 0.01070 -0.73240
vt 0.01730 -0.73240
vt 0.01390 -0.87280
vt 0.01390 -0.86540
vt 0.01930 -0.87060
vt 0.02150 -0.86540
vt 0.00880 -0.87060
vt 0.01930 -0.86010
vt 0.00660 -0.86540
vt 0.01390 -0.85790
vt 0.00880 -0.86010
vt 0.01730 -0.76750
vt 0.01070 -0.76240
vt 0.01730 -0.76240
vt 0.01070 -0.75750
vt 0.01070 -0.76750
vt 0.01730 -0.77240
vt 0.01070 -0.77240
vt 0.01730 -0.75750
vt 0.01070 -0.75240
vt 0.01730 -0.75240
vt 0.01070 -0.74750
vt 0.01730 -0.74750
vt 0.01070 -0.74240
vt 0.01730 -0.74240
vt 0.01070 -0.73750
vt 0.01730 -0.73750
vt 0.01070 -0.73240
vt 0.01730 -0.73240
vt 0.01390 -0.87280
vt 0.01390 -0.86540
vt 0.01930 -0.87060
vt 0.02150 -0.86540
vt 0.00880 -0.87060
vt 0.01930 -0.86010
vt 0.00660 -0.86540
vt 0.01390 -0.85790
vt 0.00880 -0.86010
vt 0.01730 -0.76750
vt 0.01070 -0.76240
vt 0.01730 -0.76240
vt 0.01070 -0.75750
vt 0.01070 -0.76750
vt 0.01730 -0.77240
vt 0.01070 -0.77240
vt 0.01730 -0.75750
vt 0.01070 -0.75240
vt 0.01730 -0.75240
vt 0.01070 -0.74750
vt 0.01730 -0.74750
vt 0.01070 -0.74240
vt 0.01730 -0.74240
vt 0.01070 -0.73750
vt 0.01730 -0.73750
vt 0.01070 -0.73240
vt 0.01730 -0.73240
vt 0.01390 -0.87280
vt 0.01390 -0.86540
vt 0.01930 -0.87060
vt 0.02150 -0.86540
vt 0.00880 -0.87060
vt 0.01930 -0.86010
vt 0.00660 -0.86540
vt 0.01390 -0.85790
vt 0.00880 -0.86010
vt 0.01730 -0.76750
vt 0.01070 -0.76240
vt 0.01730 -0.76240
vt 0.01070 -0.75750
vt 0.01070 -0.76750
vt 0.01730 -0.77240
vt 0.01070 -0.77240
vt 0.01730 -0.75750
vt 0.01070 -0.75240
vt 0.01730 -0.75240
vt 0.01070 -0.74750
vt 0.01730 -0.74750
vt 0.01070 -0.74240
vt 0.01730 -0.74240
vt 0.01070 -0.73750
vt 0.01730 -0.73750
vt 0.01070 -0.73240
vt 0.01730 -0.73240
vt 0.01390 -0.87280
vt 0.01390 -0.86540
vt 0.01930 -0.87060
vt 0.02150 -0.86540
vt 0.00880 -0.87060
vt 0.01930 -0.86010
vt 0.00660 -0.86540
vt 0.01390 -0.85790
vt 0.00880 -0.86010
vt 0.01730 -0.76750
vt 0.01070 -0.76240
vt 0.01730 -0.76240
vt 0.01070 -0.75750
vt 0.01070 -0.76750
vt 0.01730 -0.77240
vt 0.01070 -0.77240
vt 0.01730 -0.75750
vt 0.01070 -0.75240
vt 0.01730 -0.75240
vt 0.01070 -0.74750
vt 0.01730 -0.74750
vt 0.01070 -0.74240
vt 0.01730 -0.74240
vt 0.01070 -0.73750
vt 0.01730 -0.73750
vt 0.01070 -0.73240
vt 0.01730 -0.73240
vt 0.01390 -0.87280
vt 0.01390 -0.86540
vt 0.01930 -0.87060
vt 0.02150 -0.86540
vt 0.00880 -0.87060
vt 0.01930 -0.86010
vt 0.00660 -0.86540
vt 0.01390 -0.85790
vt 0.00880 -0.86010
vt 0.01730 -0.76750
vt 0.01070 -0.76240
vt 0.01730 -0.76240
vt 0.01070 -0.75750
vt 0.01070 -0.76750
vt 0.01730 -0.77240
vt 0.01070 -0.77240
vt 0.01730 -0.75750
vt 0.01070 -0.75240
vt 0.01730 -0.75240
vt 0.01070 -0.74750
vt 0.01730 -0.74750
vt 0.01070 -0.74240
vt 0.01730 -0.74240
vt 0.01070 -0.73750
vt 0.01730 -0.73750
vt 0.01070 -0.73240
vt 0.01730 -0.73240
vt 0.01390 -0.87280
vt 0.01390 -0.86540
vt 0.01930 -0.87060
vt 0.02150 -0.86540
vt 0.00880 -0.87060
vt 0.01930 -0.86010
vt 0.00660 -0.86540
vt 0.01390 -0.85790
vt 0.00880 -0.86010
vt 0.01730 -0.76750
vt 0.01070 -0.76240
vt 0.01730 -0.76240
vt 0.01070 -0.75750
vt 0.01070 -0.76750
vt 0.01730 -0.77240
vt 0.01070 -0.77240
vt 0.01730 -0.75750
vt 0.01070 -0.75240
vt 0.01730 -0.75240
vt 0.01070 -0.74750
vt 0.01730 -0.74750
vt 0.01070 -0.74240
vt 0.01730 -0.74240
vt 0.01070 -0.73750
vt 0.01730 -0.73750
vt 0.01070 -0.73240
vt 0.01730 -0.73240
vt 0.01390 -0.87280
vt 0.01390 -0.86540
vt 0.01930 -0.87060
vt 0.02150 -0.86540
vt 0.00880 -0.87060
vt 0.01930 -0.86010
vt 0.00660 -0.86540
vt 0.01390 -0.85790
vt 0.00880 -0.86010
vt 0.01730 -0.76750
vt 0.01070 -0.76240
vt 0.01730 -0.76240
vt 0.01070 -0.75750
vt 0.01070 -0.76750
vt 0.01730 -0.77240
vt 0.01070 -0.77240
vt 0.01730 -0.75750
vt 0.01070 -0.75240
vt 0.01730 -0.75240
vt 0.01070 -0.74750
vt 0.01730 -0.74750
vt 0.01070 -0.74240
vt 0.01730 -0.74240
vt 0.01070 -0.73750
vt 0.01730 -0.73750
vt 0.01070 -0.73240
vt 0.01730 -0.73240
vt 0.01390 -0.87280
vt 0.01390 -0.86540
vt 0.01930 -0.87060
vt 0.02150 -0.86540
vt 0.00880 -0.87060
vt 0.01930 -0.86010
vt 0.00660 -0.86540
vt 0.01390 -0.85790
vt 0.00880 -0.86010
vt 0.01730 -0.76750
vt 0.01070 -0.76240
vt 0.01730 -0.76240
vt 0.01070 -0.75750
vt 0.01070 -0.76750
vt 0.01730 -0.77240
vt 0.01070 -0.77240
vt 0.01730 -0.75750
vt 0.01070 -0.75240
vt 0.01730 -0.75240
vt 0.01070 -0.74750
vt 0.01730 -0.74750
vt 0.01070 -0.74240
vt 0.01730 -0.74240
vt 0.01070 -0.73750
vt 0.01730 -0.73750
vt 0.01070 -0.73240
vt 0.01730 -0.73240
vt 0.01390 -0.87280
vt 0.01390 -0.86540
vt 0.01930 -0.87060
vt 0.02150 -0.86540
vt 0.00880 -0.87060
vt 0.01930 -0.86010
vt 0.00660 -0.86540
vt 0.01390 -0.85790
vt 0.00880 -0.86010
vt 0.01730 -0.76750
vt 0.01070 -0.76240
vt 0.01730 -0.76240
vt 0.01070 -0.75750
vt 0.01070 -0.76750
vt 0.01730 -0.77240
vt 0.01070 -0.77240
vt 0.01730 -0.75750
vt 0.01070 -0.75240
vt 0.01730 -0.75240
vt 0.01070 -0.74750
vt 0.01730 -0.74750
vt 0.01070 -0.74240
vt 0.01730 -0.74240
vt 0.01070 -0.73750
vt 0.01730 -0.73750
vt 0.01070 -0.73240
vt 0.01730 -0.73240
vt 0.01390 -0.87280
vt 0.01390 -0.86540
vt 0.01930 -0.87060
vt 0.02150 -0.86540
vt 0.00880 -0.87060
vt 0.01930 -0.86010
vt 0.00660 -0.86540
vt 0.01390 -0.85790
vt 0.00880 -0.86010
vt 0.01730 -0.76750
vt 0.01070 -0.76240
vt 0.01730 -0.76240
vt 0.01070 -0.75750
vt 0.01070 -0.76750
vt 0.01730 -0.77240
vt 0.01070 -0.77240
vt 0.01730 -0.75750
vt 0.01070 -0.75240
vt 0.01730 -0.75240
vt 0.01070 -0.74750
vt 0.01730 -0.74750
vt 0.01070 -0.74240
vt 0.01730 -0.74240
vt 0.01070 -0.73750
vt 0.01730 -0.73750
vt 0.01070 -0.73240
vt 0.01730 -0.73240
vt 0.01390 -0.87280
vt 0.01390 -0.86540
vt 0.01930 -0.87060
vt 0.02150 -0.86540
vt 0.00880 -0.87060
vt 0.01930 -0.86010
vt 0.00660 -0.86540
vt 0.01390 -0.85790
vt 0.00880 -0.86010
vt 0.01730 -0.76750
vt 0.01070 -0.76240
vt 0.01730 -0.76240
vt 0.01070 -0.75750
vt 0.01070 -0.76750
vt 0.01730 -0.77240
vt 0.01070 -0.77240
vt 0.01730 -0.75750
vt 0.01070 -0.75240
vt 0.01730 -0.75240
vt 0.01070 -0.74750
vt 0.01730 -0.74750
vt 0.01070 -0.74240
vt 0.01730 -0.74240
vt 0.01070 -0.73750
vt 0.01730 -0.73750
vt 0.01070 -0.73240
vt 0.01730 -0.73240
vt 0.01390 -0.87280
vt 0.01390 -0.86540
vt 0.01930 -0.87060
vt 0.02150 -0.86540
vt 0.00880 -0.87060
vt 0.01930 -0.86010
vt 0.00660 -0.86540
vt 0.01390 -0.85790
vt 0.00880 -0.86010
vt 0.01730 -0.76750
vt 0.01070 -0.76240
vt 0.01730 -0.76240
vt 0.01070 -0.75750
vt 0.01070 -0.76750
vt 0.01730 -0.77240
vt 0.01070 -0.77240
vt 0.01730 -0.75750
vt 0.01070 -0.75240
vt 0.01730 -0.75240
vt 0.01070 -0.74750
vt 0.01730 -0.74750
vt 0.01070 -0.74240
vt 0.01730 -0.74240
vt 0.01070 -0.73750
vt 0.01730 -0.73750
vt 0.01070 -0.73240
vt 0.01730 -0.73240
vt 0.01390 -0.87280
vt 0.01390 -0.86540
vt 0.01930 -0.87060
vt 0.02150 -0.86540
vt 0.00880 -0.87060
vt 0.01930 -0.86010
vt 0.00660 -0.86540
vt 0.01390 -0.85790
vt 0.00880 -0.86010
vt 0.01730 -0.76750
vt 0.01070 -0.76240
vt 0.01730 -0.76240
vt 0.01070 -0.75750
vt 0.01070 -0.76750
vt 0.01730 -0.77240
vt 0.01070 -0.77240
vt 0.01730 -0.75750
vt 0.01070 -0.75240
vt 0.01730 -0.75240
vt 0.01070 -0.74750
vt 0.01730 -0.74750
vt 0.01070 -0.74240
vt 0.01730 -0.74240
vt 0.01070 -0.73750
vt 0.01730 -0.73750
vt 0.01070 -0.73240
vt 0.01730 -0.73240
vt 0.01390 -0.87280
vt 0.01390 -0.86540
vt 0.01930 -0.87060
vt 0.02150 -0.86540
vt 0.00880 -0.87060
vt 0.01930 -0.86010
vt 0.00660 -0.86540
vt 0.01390 -0.85790
vt 0.00880 -0.86010
vt 0.01730 -0.76750
vt 0.01070 -0.76240
vt 0.01730 -0.76240
vt 0.01070 -0.75750
vt 0.01070 -0.76750
vt 0.01730 -0.77240
vt 0.01070 -0.77240
vt 0.01730 -0.75750
vt 0.01070 -0.75240
vt 0.01730 -0.75240
vt 0.01070 -0.74750
vt 0.01730 -0.74750
vt 0.01070 -0.74240
vt 0.01730 -0.74240
vt 0.01070 -0.73750
vt 0.01730 -0.73750
vt 0.01070 -0.73240
vt 0.01730 -0.73240
vt 0.01390 -0.87280
vt 0.01390 -0.86540
vt 0.01930 -0.87060
vt 0.02150 -0.86540
vt 0.00880 -0.87060
vt 0.01930 -0.86010
vt 0.00660 -0.86540
vt 0.01390 -0.85790
vt 0.00880 -0.86010
vt 0.01730 -0.76750
vt 0.01070 -0.76240
vt 0.01730 -0.76240
vt 0.01070 -0.75750
vt 0.01070 -0.76750
vt 0.01730 -0.77240
vt 0.01070 -0.77240
vt 0.01730 -0.75750
vt 0.01070 -0.75240
vt 0.01730 -0.75240
vt 0.01070 -0.74750
vt 0.01730 -0.74750
vt 0.01070 -0.74240
vt 0.01730 -0.74240
vt 0.01070 -0.73750
vt 0.01730 -0.73750
vt 0.01070 -0.73240
vt 0.01730 -0.73240
vt 0.01390 -0.87280
vt 0.01390 -0.86540
vt 0.01930 -0.87060
vt 0.02150 -0.86540
vt 0.00880 -0.87060
vt 0.01930 -0.86010
vt 0.00660 -0.86540
vt 0.01390 -0.85790
vt 0.00880 -0.86010
vt 0.01730 -0.76750
vt 0.01070 -0.76240
vt 0.01730 -0.76240
vt 0.01070 -0.75750
vt 0.01070 -0.76750
vt 0.01730 -0.77240
vt 0.01070 -0.77240
vt 0.01730 -0.75750
vt 0.01070 -0.75240
vt 0.01730 -0.75240
vt 0.01070 -0.74750
vt 0.01730 -0.74750
vt 0.01070 -0.74240
vt 0.01730 -0.74240
vt 0.01070 -0.73750
vt 0.01730 -0.73750
vt 0.01070 -0.73240
vt 0.01730 -0.73240
vt 0.01390 -0.87280
vt 0.01390 -0.86540
vt 0.01930 -0.87060
vt 0.02150 -0.86540
vt 0.00880 -0.87060
vt 0.01930 -0.86010
vt 0.00660 -0.86540
vt 0.01390 -0.85790
vt 0.00880 -0.86010
vt 0.01730 -0.76750
vt 0.01070 -0.76240
vt 0.01730 -0.76240
vt 0.01070 -0.75750
vt 0.01070 -0.76750
vt 0.01730 -0.77240
vt 0.01070 -0.77240
vt 0.01730 -0.75750
vt 0.01070 -0.75240
vt 0.01730 -0.75240
vt 0.01070 -0.74750
vt 0.01730 -0.74750
vt 0.01070 -0.74240
vt 0.01730 -0.74240
vt 0.01070 -0.73750
vt 0.01730 -0.73750
vt 0.01070 -0.73240
vt 0.01730 -0.73240
vt 0.01390 -0.87280
vt 0.01390 -0.86540
vt 0.01930 -0.87060
vt 0.02150 -0.86540
vt 0.00880 -0.87060
vt 0.01930 -0.86010
vt 0.00660 -0.86540
vt 0.01390 -0.85790
vt 0.00880 -0.86010
vt 0.01730 -0.76750
vt 0.01070 -0.76240
vt 0.01730 -0.76240
vt 0.01070 -0.75750
vt 0.01070 -0.76750
vt 0.01730 -0.77240
vt 0.01070 -0.77240
vt 0.01730 -0.75750
vt 0.01070 -0.75240
vt 0.01730 -0.75240
vt 0.01070 -0.74750
vt 0.01730 -0.74750
vt 0.01070 -0.74240
vt 0.01730 -0.74240
vt 0.01070 -0.73750
vt 0.01730 -0.73750
vt 0.01070 -0.73240
vt 0.01730 -0.73240
vt 0.01390 -0.87280
vt 0.01390 -0.86540
vt 0.01930 -0.87060
vt 0.02150 -0.86540
vt 0.00880 -0.87060
vt 0.01930 -0.86010
vt 0.00660 -0.86540
vt 0.01390 -0.85790
vt 0.00880 -0.86010
vt 0.01730 -0.76750
vt 0.01070 -0.76240
vt 0.01730 -0.76240
vt 0.01070 -0.75750
vt 0.01070 -0.76750
vt 0.01730 -0.77240
vt 0.01070 -0.77240
vt 0.01730 -0.75750
vt 0.01070 -0.75240
vt 0.01730 -0.75240
vt 0.01070 -0.74750
vt 0.01730 -0.74750
vt 0.01070 -0.74240
vt 0.01730 -0.74240
vt 0.01070 -0.73750
vt 0.01730 -0.73750
vt 0.01070 -0.73240
vt 0.01730 -0.73240
vt 0.01390 -0.87280
vt 0.01390 -0.86540
vt 0.01930 -0.87060
vt 0.02150 -0.86540
vt 0.00880 -0.87060
vt 0.01930 -0.86010
vt 0.00660 -0.86540
vt 0.01390 -0.85790
vt 0.00880 -0.86010
vt 0.01730 -0.76750
vt 0.01070 -0.76240
vt 0.01730 -0.76240
vt 0.01070 -0.75750
vt 0.01070 -0.76750
vt 0.01730 -0.77240
vt 0.01070 -0.77240
vt 0.01730 -0.75750
vt 0.01070 -0.75240
vt 0.01730 -0.75240
vt 0.01070 -0.74750
vt 0.01730 -0.74750
vt 0.01070 -0.74240
vt 0.01730 -0.74240
vt 0.01070 -0.73750
vt 0.01730 -0.73750
vt 0.01070 -0.73240
vt 0.01730 -0.73240
vt 0.01390 -0.87280
vt 0.01390 -0.86540
vt 0.01930 -0.87060
vt 0.02150 -0.86540
vt 0.00880 -0.87060
vt 0.01930 -0.86010
vt 0.00660 -0.86540
vt 0.01390 -0.85790
vt 0.00880 -0.86010
vt 0.01730 -0.76750
vt 0.01070 -0.76240
vt 0.01730 -0.76240
vt 0.01070 -0.75750
vt 0.01070 -0.76750
vt 0.01730 -0.77240
vt 0.01070 -0.77240
vt 0.01730 -0.75750
vt 0.01070 -0.75240
vt 0.01730 -0.75240
vt 0.01070 -0.74750
vt 0.01730 -0.74750
vt 0.01070 -0.74240
vt 0.01730 -0.74240
vt 0.01070 -0.73750
vt 0.01730 -0.73750
vt 0.01070 -0.73240
vt 0.01730 -0.73240
vt 0.01390 -0.87280
vt 0.01390 -0.86540
vt 0.01930 -0.87060
vt 0.02150 -0.86540
vt 0.00880 -0.87060
vt 0.01930 -0.86010
vt 0.00660 -0.86540
vt 0.01390 -0.85790
vt 0.00880 -0.86010
vt 0.01730 -0.76750
vt 0.01070 -0.76240
vt 0.01730 -0.76240
vt 0.01070 -0.75750
vt 0.01070 -0.76750
vt 0.01730 -0.77240
vt 0.01070 -0.77240
vt 0.01730 -0.75750
vt 0.01070 -0.75240
vt 0.01730 -0.75240
vt 0.01070 -0.74750
vt 0.01730 -0.74750
vt 0.01070 -0.74240
vt 0.01730 -0.74240
vt 0.01070 -0.73750
vt 0.01730 -0.73750
vt 0.01070 -0.73240
vt 0.01730 -0.73240
vt 0.01390 -0.87280
vt 0.01390 -0.86540
vt 0.01930 -0.87060
vt 0.02150 -0.86540
vt 0.00880 -0.87060
vt 0.01930 -0.86010
vt 0.00660 -0.86540
vt 0.01390 -0.85790
vt 0.00880 -0.86010
vt 0.01730 -0.76750
vt 0.01070 -0.76240
vt 0.01730 -0.76240
vt 0.01070 -0.75750
vt 0.01070 -0.76750
vt 0.01730 -0.77240
vt 0.01070 -0.77240
vt 0.01730 -0.75750
vt 0.01070 -0.75240
vt 0.01730 -0.75240
vt 0.01070 -0.74750
vt 0.01730 -0.74750
vt 0.01070 -0.74240
vt 0.01730 -0.74240
vt 0.01070 -0.73750
vt 0.01730 -0.73750
vt 0.01070 -0.73240
vt 0.01730 -0.73240
vt 0.01390 -0.87280
vt 0.01390 -0.86540
vt 0.01930 -0.87060
vt 0.02150 -0.86540
vt 0.00880 -0.87060
vt 0.01930 -0.86010
vt 0.00660 -0.86540
vt 0.01390 -0.85790
vt 0.00880 -0.86010
vt 0.01730 -0.76750
vt 0.01070 -0.76240
vt 0.01730 -0.76240
vt 0.01070 -0.75750
vt 0.01070 -0.76750
vt 0.01730 -0.77240
vt 0.01070 -0.77240
vt 0.01730 -0.75750
vt 0.01070 -0.75240
vt 0.01730 -0.75240
vt 0.01070 -0.74750
vt 0.01730 -0.74750
vt 0.01070 -0.74240
vt 0.01730 -0.74240
vt 0.01070 -0.73750
vt 0.01730 -0.73750
vt 0.01070 -0.73240
vt 0.01730 -0.73240
vt 0.01390 -0.87280
vt 0.01390 -0.86540
vt 0.01930 -0.87060
vt 0.02150 -0.86540
vt 0.00880 -0.87060
vt 0.01930 -0.86010
vt 0.00660 -0.86540
vt 0.01390 -0.85790
vt 0.00880 -0.86010
vt 0.00710 -0.09500
vt 0.00950 -0.09890
vt 0.00760 -0.09910
vt 0.00900 -0.09500
vt 0.00950 -0.09110
vt 0.00760 -0.09080
vt 0.93480 -0.05710
vt 0.93940 -0.05980
vt 0.93480 -0.05980
vt 0.01490 -0.05980
vt 0.01490 -0.05710
vt 0.01490 -0.05540
vt 0.93480 -0.05540
vt 0.93940 -0.05570
vt 0.93940 -0.05740
vt 0.94480 -0.05590
vt 0.94480 -0.05760
vt 0.94480 -0.06030
vt 0.96210 -0.05620
vt 0.96210 -0.05790
vt 0.96210 -0.06060
vt 0.97920 -0.05640
vt 0.97920 -0.05810
vt 0.97920 -0.06080
vt 0.99460 -0.05670
vt 0.99460 -0.06080
vt 0.99460 -0.05810
vt 0.93940 -0.03930
vt 0.93480 -0.04440
vt 0.93480 -0.03960
vt 0.01490 -0.04440
vt 0.01490 -0.03960
vt 0.01490 -0.04640
vt 0.93480 -0.03250
vt 0.01490 -0.03250
vt 0.01490 -0.02520
vt 0.93480 -0.02540
vt 0.01490 -0.02030
vt 0.93940 -0.02560
vt 0.93480 -0.02050
vt 0.01490 -0.01830
vt 0.93480 -0.01830
vt 0.01490 -0.01590
vt 0.93940 -0.02050
vt 0.93940 -0.03250
vt 0.93480 -0.01590
vt 0.01490 -0.01340
vt 0.93480 -0.01340
vt 0.93940 -0.01590
vt 0.01490 -0.01150
vt 0.93940 -0.01810
vt 0.93940 -0.01340
vt 0.94480 -0.02050
vt 0.94480 -0.01610
vt 0.94480 -0.01320
vt 0.93940 -0.01120
vt 0.93480 -0.01150
vt 0.01490 -0.00930
vt 0.93480 -0.00930
vt 0.93940 -0.00930
vt 0.94480 -0.01100
vt 0.94480 -0.00880
vt 0.96210 -0.00850
vt 0.96210 -0.01270
vt 0.96210 -0.01070
vt 0.97920 -0.00830
vt 0.96210 -0.01660
vt 0.97920 -0.01220
vt 0.97920 -0.01030
vt 0.99460 -0.00830
vt 0.99460 -0.01030
vt 0.99460 -0.01200
vt 0.97920 -0.01680
vt 0.99460 -0.01760
vt 0.96210 -0.02100
vt 0.97920 -0.02170
vt 0.99460 -0.02250
vt 0.94480 -0.02590
vt 0.96210 -0.02660
vt 0.94480 -0.03250
vt 0.97920 -0.02710
vt 0.99460 -0.02760
vt 0.96210 -0.03250
vt 0.94480 -0.03910
vt 0.97920 -0.03250
vt 0.99460 -0.03250
vt 0.99460 -0.03740
vt 0.97920 -0.03760
vt 0.99460 -0.04250
vt 0.96210 -0.03830
vt 0.97920 -0.04320
vt 0.99460 -0.04740
vt 0.96210 -0.04370
vt 0.97920 -0.04790
vt 0.99460 -0.05270
vt 0.94480 -0.04440
vt 0.96210 -0.04840
vt 0.93940 -0.04440
vt 0.93940 -0.04660
vt 0.94480 -0.04880
vt 0.93480 -0.04660
vt 0.93940 -0.04910
vt 0.93480 -0.04910
vt 0.01490 -0.04910
vt 0.01490 -0.05150
vt 0.93480 -0.05130
vt 0.01490 -0.05350
vt 0.94480 -0.05150
vt 0.93940 -0.05150
vt 0.96210 -0.05230
vt 0.94480 -0.05370
vt 0.93940 -0.05350
vt 0.93480 -0.05350
vt 0.93480 -0.05540
vt 0.01490 -0.05540
vt 0.93940 -0.05570
vt 0.94480 -0.05590
vt 0.96210 -0.05420
vt 0.96210 -0.05620
vt 0.97920 -0.05270
vt 0.97920 -0.05450
vt 0.97920 -0.05640
vt 0.99460 -0.05470
vt 0.99460 -0.05670
vt 0.03570 -0.11600
vt 0.03860 -0.11790
vt 0.03570 -0.11820
vt 0.03860 -0.11600
vt 0.15800 -0.11790
vt 0.03250 -0.11620
vt 0.03250 -0.11820
vt 0.02980 -0.11620
vt 0.02980 -0.11790
vt 0.02420 -0.11720
vt 0.02420 -0.11600
vt 0.01900 -0.11670
vt 0.02980 -0.11430
vt 0.03250 -0.11430
vt 0.03570 -0.11400
vt 0.01880 -0.11580
vt 0.01390 -0.11600
vt 0.03570 -0.11160
vt 0.01370 -0.11530
vt 0.00930 -0.11550
vt 0.01370 -0.11400
vt 0.01880 -0.11360
vt 0.01880 -0.11500
vt 0.02420 -0.11310
vt 0.02420 -0.11450
vt 0.02980 -0.11230
vt 0.03250 -0.11180
vt 0.03860 -0.11380
vt 0.11360 -0.11360
vt 0.11430 -0.11430
vt 0.11260 -0.11160
vt 0.11500 -0.11330
vt 0.15800 -0.11580
vt 0.21880 -0.11790
vt 0.21880 -0.11600
vt 0.03860 -0.11160
vt 0.03860 -0.10920
vt 0.11260 -0.10960
vt 0.11360 -0.10870
vt 0.20900 -0.11430
vt 0.21880 -0.11380
vt 0.15800 -0.11380
vt 0.11620 -0.11140
vt 0.20980 -0.11330
vt 0.21070 -0.11140
vt 0.20830 -0.11360
vt 0.21880 -0.11160
vt 0.21070 -0.10960
vt 0.21880 -0.10920
vt 0.20950 -0.10870
vt 0.21880 -0.10700
vt 0.15800 -0.11160
vt 0.20710 -0.11160
vt 0.11620 -0.10960
vt 0.20710 -0.10960
vt 0.15800 -0.10920
vt 0.11500 -0.10870
vt 0.20810 -0.10870
vt 0.15800 -0.10700
vt 0.03860 -0.10700
vt 0.15800 -0.10230
vt 0.03860 -0.10230
vt 0.21880 -0.10230
vt 0.03570 -0.10700
vt 0.15800 -0.09500
vt 0.21880 -0.09500
vt 0.03860 -0.09500
vt 0.03570 -0.09500
vt 0.15800 -0.08770
vt 0.21880 -0.08790
vt 0.03860 -0.08770
vt 0.15800 -0.08300
vt 0.21880 -0.08300
vt 0.03570 -0.08790
vt 0.20950 -0.08130
vt 0.21880 -0.08080
vt 0.21070 -0.08030
vt 0.21880 -0.07840
vt 0.21070 -0.07860
vt 0.21880 -0.07620
vt 0.20980 -0.07640
vt 0.20810 -0.08130
vt 0.20900 -0.07570
vt 0.21880 -0.07400
vt 0.20830 -0.07640
vt 0.15800 -0.07200
vt 0.21880 -0.07200
vt 0.15800 -0.07400
vt 0.03860 -0.07200
vt 0.15800 -0.07620
vt 0.15800 -0.07840
vt 0.20710 -0.07840
vt 0.11500 -0.07640
vt 0.11620 -0.07860
vt 0.11430 -0.07570
vt 0.11620 -0.08030
vt 0.11360 -0.07640
vt 0.20710 -0.08030
vt 0.15800 -0.08080
vt 0.11500 -0.08130
vt 0.11360 -0.08130
vt 0.03860 -0.08300
vt 0.03860 -0.08080
vt 0.11260 -0.08030
vt 0.03570 -0.08300
vt 0.11260 -0.07840
vt 0.03860 -0.07840
vt 0.03570 -0.08080
vt 0.03250 -0.08790
vt 0.03860 -0.07620
vt 0.03860 -0.07400
vt 0.03570 -0.07400
vt 0.03570 -0.07180
vt 0.03570 -0.07590
vt 0.03250 -0.07180
vt 0.03570 -0.07840
vt 0.03250 -0.07570
vt 0.03250 -0.07370
vt 0.02980 -0.07200
vt 0.03250 -0.07810
vt 0.02980 -0.07570
vt 0.02980 -0.07770
vt 0.02420 -0.07690
vt 0.02980 -0.07370
vt 0.02420 -0.07520
vt 0.01880 -0.07640
vt 0.02420 -0.07400
vt 0.02420 -0.07250
vt 0.01880 -0.07420
vt 0.01900 -0.07330
vt 0.01880 -0.07500
vt 0.01370 -0.07590
vt 0.01370 -0.07450
vt 0.01390 -0.07400
vt 0.00930 -0.07450
vt 0.03860 -0.11790
vt 0.03570 -0.11990
vt 0.03570 -0.11820
vt 0.03250 -0.11820
vt 0.03250 -0.11990
vt 0.02980 -0.11790
vt 0.03860 -0.11970
vt 0.03860 -0.12230
vt 0.03570 -0.12230
vt 0.15800 -0.12230
vt 0.03250 -0.12230
vt 0.02980 -0.12190
vt 0.15800 -0.11970
vt 0.21880 -0.12230
vt 0.15800 -0.11790
vt 0.21880 -0.11970
vt 0.21880 -0.11790
vt 0.02980 -0.11940
vt 0.02420 -0.12060
vt 0.02420 -0.11840
vt 0.02420 -0.11720
vt 0.01880 -0.11970
vt 0.01900 -0.11720
vt 0.01900 -0.11670
vt 0.01340 -0.11870
vt 0.01390 -0.11620
vt 0.01390 -0.11600
vt 0.00930 -0.11550
vt 0.00980 -0.11750
vt 0.02980 -0.10160
vt 0.03250 -0.10670
vt 0.02980 -0.10600
vt 0.02910 -0.10380
vt 0.02830 -0.10260
vt 0.02880 -0.10530
vt 0.02690 -0.10210
vt 0.02980 -0.10790
vt 0.02760 -0.10600
vt 0.03250 -0.10890
vt 0.03250 -0.11110
vt 0.02980 -0.10990
vt 0.02420 -0.10720
vt 0.03570 -0.10920
vt 0.02420 -0.10550
vt 0.02590 -0.10570
vt 0.01900 -0.10450
vt 0.02520 -0.10430
vt 0.01900 -0.10330
vt 0.01370 -0.10210
vt 0.02420 -0.10430
vt 0.01370 -0.10110
vt 0.00950 -0.09890
vt 0.01900 -0.10260
vt 0.02420 -0.10090
vt 0.02560 -0.10280
vt 0.01900 -0.10040
vt 0.01370 -0.09960
vt 0.02420 -0.09500
vt 0.01390 -0.09500
vt 0.01900 -0.09500
vt 0.00900 -0.09500
vt 0.02980 -0.09500
vt 0.01370 -0.09040
vt 0.00950 -0.09110
vt 0.01900 -0.08960
vt 0.02420 -0.08910
vt 0.01370 -0.08890
vt 0.01370 -0.08790
vt 0.01900 -0.08550
vt 0.01900 -0.08740
vt 0.01900 -0.08670
vt 0.02420 -0.08280
vt 0.02420 -0.08570
vt 0.02420 -0.08450
vt 0.02980 -0.08010
vt 0.02520 -0.08570
vt 0.02560 -0.08720
vt 0.02590 -0.08420
vt 0.02690 -0.08790
vt 0.02740 -0.08400
vt 0.02980 -0.08840
vt 0.02830 -0.08740
vt 0.02910 -0.08620
vt 0.02980 -0.08210
vt 0.02880 -0.08470
vt 0.02980 -0.08400
vt 0.03250 -0.07890
vt 0.03250 -0.08330
vt 0.03250 -0.08110
vt 0.03250 -0.09500
vt 0.03250 -0.10210
vt 0.03570 -0.10230
vt 0.99460 -0.06080
vt 0.99610 -0.05810
vt 0.99610 -0.06080
vt 0.99460 -0.05810
vt 0.93480 -0.00760
vt 0.93940 -0.00490
vt 0.93940 -0.00760
vt 0.93480 -0.00510
vt 0.01490 -0.00510
vt 0.01490 -0.00760
vt 0.93480 -0.00930
vt 0.01490 -0.00930
vt 0.93940 -0.00930
vt 0.94480 -0.00880
vt 0.94480 -0.00710
vt 0.94480 -0.00460
vt 0.96210 -0.00850
vt 0.96210 -0.00680
vt 0.96210 -0.00440
vt 0.97920 -0.00830
vt 0.97920 -0.00680
vt 0.97920 -0.00420
vt 0.99460 -0.00830
vt 0.99460 -0.00420
vt 0.99460 -0.00660
vt 0.03570 -0.07010
vt 0.03860 -0.07200
vt 0.03570 -0.07180
vt 0.03250 -0.07180
vt 0.03860 -0.07030
vt 0.03250 -0.07010
vt 0.15800 -0.07200
vt 0.03570 -0.06760
vt 0.03860 -0.06760
vt 0.03250 -0.06760
vt 0.02980 -0.07200
vt 0.02980 -0.06810
vt 0.15800 -0.07030
vt 0.21880 -0.07200
vt 0.15800 -0.06760
vt 0.21880 -0.07030
vt 0.21880 -0.06760
vt 0.02980 -0.07060
vt 0.02420 -0.06910
vt 0.02420 -0.07160
vt 0.02420 -0.07250
vt 0.01900 -0.07330
vt 0.01900 -0.07250
vt 0.01880 -0.07030
vt 0.01390 -0.07400
vt 0.01390 -0.07370
vt 0.01340 -0.07130
vt 0.00930 -0.07450
vt 0.00980 -0.07250
vt 0.99460 -0.00420
vt 0.99610 -0.00660
vt 0.99460 -0.00660
vt 0.99610 -0.00420
vt 0.00440 -0.13480
vt 0.00930 -0.13310
vt 0.00420 -0.13310
vt 0.00420 -0.13160
vt 0.00930 -0.13480
vt 0.00930 -0.13160
vt 0.00540 -0.13650
vt 0.00440 -0.12990
vt 0.00930 -0.13650
vt 0.00930 -0.13800
vt 0.00730 -0.13800
vt 0.00930 -0.12990
vt 0.00540 -0.12820
vt 0.00930 -0.12820
vt 0.00730 -0.12670
vt 0.00930 -0.12670
vt 0.00930 -0.12500
vt 0.00730 -0.12500
vt 0.00440 -0.12990
vt 0.00930 -0.13160
vt 0.00390 -0.13160
vt 0.00390 -0.13330
vt 0.00930 -0.12990
vt 0.00930 -0.13330
vt 0.00540 -0.12840
vt 0.00440 -0.13480
vt 0.00930 -0.12840
vt 0.00930 -0.13480
vt 0.00730 -0.12670
vt 0.00540 -0.13650
vt 0.00930 -0.12670
vt 0.00730 -0.12500
vt 0.00930 -0.12500
vt 0.00930 -0.13650
vt 0.00730 -0.13820
vt 0.00930 -0.13820
vt 0.01930 -0.12920
vt 0.01610 -0.12770
vt 0.01810 -0.12770
vt 0.01810 -0.13240
vt 0.01930 -0.13110
vt 0.01490 -0.13110
vt 0.01610 -0.13240
vt 0.01490 -0.12920
vt 0.01930 -0.12920
vt 0.01610 -0.12770
vt 0.01810 -0.12770
vt 0.01810 -0.13240
vt 0.01930 -0.13110
vt 0.01490 -0.13110
vt 0.01610 -0.13240
vt 0.01490 -0.12920
vt 0.01070 -0.84440
vt 0.01730 -0.84980
vt 0.01070 -0.84980
vt 0.01730 -0.84440
vt 0.01070 -0.83930
vt 0.01730 -0.83930
vt 0.01070 -0.83390
vt 0.01730 -0.83390
vt 0.01070 -0.82880
vt 0.01730 -0.82880
vt 0.01070 -0.82370
vt 0.01730 -0.82370
vt 0.01070 -0.81830
vt 0.01710 -0.81830
vt 0.01070 -0.81320
vt 0.01730 -0.81320
vt 0.01070 -0.80780
vt 0.01730 -0.80780
vt 0.01900 -0.79460
vt 0.01390 -0.78970
vt 0.02100 -0.78970
vt 0.01900 -0.78460
vt 0.01390 -0.79680
vt 0.01390 -0.78270
vt 0.00900 -0.79460
vt 0.00900 -0.78460
vt 0.00680 -0.78970
vt 0.01370 -0.18880
vt 0.02200 -0.18530
vt 0.01390 -0.18530
vt 0.01640 -0.18290
vt 0.01980 -0.18290
vt 0.02170 -0.18880
vt 0.01930 -0.19120
vt 0.01590 -0.19120
vt 0.00780 -0.19100
vt 0.00560 -0.19320
vt 0.00780 -0.19340
vt 0.00610 -0.19560
vt 0.00490 -0.19100
vt 0.00780 -0.19560
vt 0.00610 -0.19800
vt 0.00780 -0.19800
vt 0.00780 -0.18880
vt 0.00440 -0.18880
vt 0.00780 -0.18630
vt 0.00440 -0.18630
vt 0.00780 -0.18410
vt 0.00490 -0.18410
vt 0.00780 -0.18170
vt 0.00560 -0.18170
vt 0.00780 -0.17950
vt 0.00610 -0.17950
vt 0.00440 -0.13480
vt 0.00930 -0.13310
vt 0.00930 -0.13480
vt 0.00390 -0.13310
vt 0.00540 -0.13650
vt 0.00420 -0.13160
vt 0.00930 -0.13650
vt 0.00930 -0.13800
vt 0.00730 -0.13800
vt 0.00930 -0.13160
vt 0.00440 -0.12990
vt 0.00930 -0.12990
vt 0.00540 -0.12820
vt 0.00930 -0.12820
vt 0.00730 -0.12670
vt 0.00930 -0.12670
vt 0.00930 -0.12500
vt 0.00730 -0.12500
vt 0.00440 -0.12990
vt 0.00930 -0.13160
vt 0.00930 -0.12990
vt 0.00390 -0.13160
vt 0.00540 -0.12820
vt 0.00390 -0.13310
vt 0.00930 -0.12820
vt 0.00930 -0.13310
vt 0.00730 -0.12670
vt 0.00440 -0.13480
vt 0.00930 -0.12670
vt 0.00730 -0.12500
vt 0.00930 -0.12500
vt 0.00930 -0.13480
vt 0.00540 -0.13650
vt 0.00930 -0.13650
vt 0.00730 -0.13800
vt 0.00930 -0.13800
vt 0.01490 -0.12920
vt 0.01610 -0.13240
vt 0.01490 -0.13110
vt 0.01810 -0.12770
vt 0.01610 -0.12770
vt 0.01930 -0.13110
vt 0.01930 -0.12920
vt 0.01810 -0.13240
vt 0.01490 -0.12920
vt 0.01610 -0.13240
vt 0.01490 -0.13110
vt 0.01810 -0.12770
vt 0.01610 -0.12770
vt 0.01930 -0.13110
vt 0.01930 -0.12920
vt 0.01810 -0.13240
vt 0.01370 -0.18880
vt 0.01930 -0.19120
vt 0.01590 -0.19120
vt 0.02170 -0.18880
vt 0.02200 -0.18530
vt 0.01390 -0.18530
vt 0.01640 -0.18290
vt 0.01980 -0.18290
vt 0.00780 -0.19100
vt 0.00560 -0.19340
vt 0.00490 -0.19100
vt 0.00780 -0.19340
vt 0.00780 -0.18880
vt 0.00610 -0.19560
vt 0.00440 -0.18880
vt 0.00780 -0.19560
vt 0.00610 -0.19800
vt 0.00780 -0.19800
vt 0.00780 -0.18630
vt 0.00440 -0.18630
vt 0.00780 -0.18410
vt 0.00490 -0.18410
vt 0.00780 -0.18170
vt 0.00560 -0.18170
vt 0.00780 -0.17950
vt 0.00610 -0.17950
vt 0.01070 -0.84440
vt 0.01730 -0.84980
vt 0.01070 -0.84980
vt 0.01730 -0.84440
vt 0.01070 -0.83930
vt 0.01730 -0.83930
vt 0.01070 -0.83390
vt 0.01730 -0.83390
vt 0.01070 -0.82880
vt 0.01730 -0.82880
vt 0.01070 -0.82370
vt 0.01730 -0.82370
vt 0.01070 -0.81830
vt 0.01710 -0.81830
vt 0.01070 -0.81320
vt 0.01730 -0.81320
vt 0.01070 -0.80780
vt 0.01730 -0.80780
vt 0.01900 -0.79460
vt 0.01390 -0.78970
vt 0.02100 -0.78970
vt 0.01900 -0.78460
vt 0.01390 -0.79680
vt 0.01390 -0.78270
vt 0.00900 -0.79460
vt 0.00900 -0.78460
vt 0.00680 -0.78970
vt 0.01070 -0.84440
vt 0.01730 -0.84980
vt 0.01070 -0.84980
vt 0.01730 -0.84440
vt 0.01070 -0.83930
vt 0.01730 -0.83930
vt 0.01070 -0.83390
vt 0.01730 -0.83390
vt 0.01070 -0.82880
vt 0.01730 -0.82880
vt 0.01070 -0.82370
vt 0.01730 -0.82370
vt 0.01070 -0.81830
vt 0.01710 -0.81830
vt 0.01070 -0.81320
vt 0.01730 -0.81320
vt 0.01070 -0.80780
vt 0.01730 -0.80780
vt 0.01900 -0.79460
vt 0.01390 -0.78970
vt 0.02100 -0.78970
vt 0.01900 -0.78460
vt 0.01390 -0.79680
vt 0.01390 -0.78270
vt 0.00900 -0.79460
vt 0.00900 -0.78460
vt 0.00680 -0.78970
vt 0.01070 -0.84440
vt 0.01730 -0.84980
vt 0.01070 -0.84980
vt 0.01730 -0.84440
vt 0.01070 -0.83930
vt 0.01730 -0.83930
vt 0.01070 -0.83390
vt 0.01730 -0.83390
vt 0.01070 -0.82880
vt 0.01730 -0.82880
vt 0.01070 -0.82370
vt 0.01730 -0.82370
vt 0.01070 -0.81830
vt 0.01710 -0.81830
vt 0.01070 -0.81320
vt 0.01730 -0.81320
vt 0.01070 -0.80780
vt 0.01730 -0.80780
vt 0.01900 -0.79460
vt 0.01390 -0.78970
vt 0.02100 -0.78970
vt 0.01900 -0.78460
vt 0.01390 -0.79680
vt 0.01390 -0.78270
vt 0.00900 -0.79460
vt 0.00900 -0.78460
vt 0.00680 -0.78970
vt 0.01070 -0.84440
vt 0.01730 -0.84980
vt 0.01070 -0.84980
vt 0.01730 -0.84440
vt 0.01070 -0.83930
vt 0.01730 -0.83930
vt 0.01070 -0.83390
vt 0.01730 -0.83390
vt 0.01070 -0.82880
vt 0.01730 -0.82880
vt 0.01070 -0.82370
vt 0.01730 -0.82370
vt 0.01070 -0.81830
vt 0.01710 -0.81830
vt 0.01070 -0.81320
vt 0.01730 -0.81320
vt 0.01070 -0.80780
vt 0.01730 -0.80780
vt 0.01900 -0.79460
vt 0.01390 -0.78970
vt 0.02100 -0.78970
vt 0.01900 -0.78460
vt 0.01390 -0.79680
vt 0.01390 -0.78270
vt 0.00900 -0.79460
vt 0.00900 -0.78460
vt 0.00680 -0.78970
vt 0.01070 -0.84440
vt 0.01730 -0.84980
vt 0.01070 -0.84980
vt 0.01730 -0.84440
vt 0.01070 -0.83930
vt 0.01730 -0.83930
vt 0.01070 -0.83390
vt 0.01730 -0.83390
vt 0.01070 -0.82880
vt 0.01730 -0.82880
vt 0.01070 -0.82370
vt 0.01730 -0.82370
vt 0.01070 -0.81830
vt 0.01710 -0.81830
vt 0.01070 -0.81320
vt 0.01730 -0.81320
vt 0.01070 -0.80780
vt 0.01730 -0.80780
vt 0.01900 -0.79460
vt 0.01390 -0.78970
vt 0.02100 -0.78970
vt 0.01900 -0.78460
vt 0.01390 -0.79680
vt 0.01390 -0.78270
vt 0.00900 -0.79460
vt 0.00900 -0.78460
vt 0.00680 -0.78970
vt 0.01070 -0.84440
vt 0.01730 -0.84980
vt 0.01070 -0.84980
vt 0.01730 -0.84440
vt 0.01070 -0.83930
vt 0.01730 -0.83930
vt 0.01070 -0.83390
vt 0.01730 -0.83390
vt 0.01070 -0.82880
vt 0.01730 -0.82880
vt 0.01070 -0.82370
vt 0.01730 -0.82370
vt 0.01070 -0.81830
vt 0.01710 -0.81830
vt 0.01070 -0.81320
vt 0.01730 -0.81320
vt 0.01070 -0.80780
vt 0.01730 -0.80780
vt 0.01900 -0.79460
vt 0.01390 -0.78970
vt 0.02100 -0.78970
vt 0.01900 -0.78460
vt 0.01390 -0.79680
vt 0.01390 -0.78270
vt 0.00900 -0.79460
vt 0.00900 -0.78460
vt 0.00680 -0.78970
vt 0.01070 -0.84440
vt 0.01730 -0.84980
vt 0.01070 -0.84980
vt 0.01730 -0.84440
vt 0.01070 -0.83930
vt 0.01730 -0.83930
vt 0.01070 -0.83390
vt 0.01730 -0.83390
vt 0.01070 -0.82880
vt 0.01730 -0.82880
vt 0.01070 -0.82370
vt 0.01730 -0.82370
vt 0.01070 -0.81830
vt 0.01710 -0.81830
vt 0.01070 -0.81320
vt 0.01730 -0.81320
vt 0.01070 -0.80780
vt 0.01730 -0.80780
vt 0.01900 -0.79460
vt 0.01390 -0.78970
vt 0.02100 -0.78970
vt 0.01900 -0.78460
vt 0.01390 -0.79680
vt 0.01390 -0.78270
vt 0.00900 -0.79460
vt 0.00900 -0.78460
vt 0.00680 -0.78970
vt 0.01070 -0.84440
vt 0.01730 -0.84980
vt 0.01070 -0.84980
vt 0.01730 -0.84440
vt 0.01070 -0.83930
vt 0.01730 -0.83930
vt 0.01070 -0.83390
vt 0.01730 -0.83390
vt 0.01070 -0.82880
vt 0.01730 -0.82880
vt 0.01070 -0.82370
vt 0.01730 -0.82370
vt 0.01070 -0.81830
vt 0.01710 -0.81830
vt 0.01070 -0.81320
vt 0.01730 -0.81320
vt 0.01070 -0.80780
vt 0.01730 -0.80780
vt 0.01900 -0.79460
vt 0.01390 -0.78970
vt 0.02100 -0.78970
vt 0.01900 -0.78460
vt 0.01390 -0.79680
vt 0.01390 -0.78270
vt 0.00900 -0.79460
vt 0.00900 -0.78460
vt 0.00680 -0.78970
vt 0.01070 -0.84440
vt 0.01730 -0.84980
vt 0.01070 -0.84980
vt 0.01730 -0.84440
vt 0.01070 -0.83930
vt 0.01730 -0.83930
vt 0.01070 -0.83390
vt 0.01730 -0.83390
vt 0.01070 -0.82880
vt 0.01730 -0.82880
vt 0.01070 -0.82370
vt 0.01730 -0.82370
vt 0.01070 -0.81830
vt 0.01710 -0.81830
vt 0.01070 -0.81320
vt 0.01730 -0.81320
vt 0.01070 -0.80780
vt 0.01730 -0.80780
vt 0.01900 -0.79460
vt 0.01390 -0.78970
vt 0.02100 -0.78970
vt 0.01900 -0.78460
vt 0.01390 -0.79680
vt 0.01390 -0.78270
vt 0.00900 -0.79460
vt 0.00900 -0.78460
vt 0.00680 -0.78970
vt 0.01070 -0.84440
vt 0.01730 -0.84980
vt 0.01070 -0.84980
vt 0.01730 -0.84440
vt 0.01070 -0.83930
vt 0.01730 -0.83930
vt 0.01070 -0.83390
vt 0.01730 -0.83390
vt 0.01070 -0.82880
vt 0.01730 -0.82880
vt 0.01070 -0.82370
vt 0.01730 -0.82370
vt 0.01070 -0.81830
vt 0.01710 -0.81830
vt 0.01070 -0.81320
vt 0.01730 -0.81320
vt 0.01070 -0.80780
vt 0.01730 -0.80780
vt 0.01900 -0.79460
vt 0.01390 -0.78970
vt 0.02100 -0.78970
vt 0.01900 -0.78460
vt 0.01390 -0.79680
vt 0.01390 -0.78270
vt 0.00900 -0.79460
vt 0.00900 -0.78460
vt 0.00680 -0.78970
vt 0.01070 -0.84440
vt 0.01730 -0.84980
vt 0.01070 -0.84980
vt 0.01730 -0.84440
vt 0.01070 -0.83930
vt 0.01730 -0.83930
vt 0.01070 -0.83390
vt 0.01730 -0.83390
vt 0.01070 -0.82880
vt 0.01730 -0.82880
vt 0.01070 -0.82370
vt 0.01730 -0.82370
vt 0.01070 -0.81830
vt 0.01710 -0.81830
vt 0.01070 -0.81320
vt 0.01730 -0.81320
vt 0.01070 -0.80780
vt 0.01730 -0.80780
vt 0.01900 -0.79460
vt 0.01390 -0.78970
vt 0.02100 -0.78970
vt 0.01900 -0.78460
vt 0.01390 -0.79680
vt 0.01390 -0.78270
vt 0.00900 -0.79460
vt 0.00900 -0.78460
vt 0.00680 -0.78970
vt 0.01070 -0.84440
vt 0.01730 -0.84980
vt 0.01070 -0.84980
vt 0.01730 -0.84440
vt 0.01070 -0.83930
vt 0.01730 -0.83930
vt 0.01070 -0.83390
vt 0.01730 -0.83390
vt 0.01070 -0.82880
vt 0.01730 -0.82880
vt 0.01070 -0.82370
vt 0.01730 -0.82370
vt 0.01070 -0.81830
vt 0.01710 -0.81830
vt 0.01070 -0.81320
vt 0.01730 -0.81320
vt 0.01070 -0.80780
vt 0.01730 -0.80780
vt 0.01900 -0.79460
vt 0.01390 -0.78970
vt 0.02100 -0.78970
vt 0.01900 -0.78460
vt 0.01390 -0.79680
vt 0.01390 -0.78270
vt 0.00900 -0.79460
vt 0.00900 -0.78460
vt 0.00680 -0.78970
vt 0.01070 -0.84440
vt 0.01730 -0.84980
vt 0.01070 -0.84980
vt 0.01730 -0.84440
vt 0.01070 -0.83930
vt 0.01730 -0.83930
vt 0.01070 -0.83390
vt 0.01730 -0.83390
vt 0.01070 -0.82880
vt 0.01730 -0.82880
vt 0.01070 -0.82370
vt 0.01730 -0.82370
vt 0.01070 -0.81830
vt 0.01710 -0.81830
vt 0.01070 -0.81320
vt 0.01730 -0.81320
vt 0.01070 -0.80780
vt 0.01730 -0.80780
vt 0.01900 -0.79460
vt 0.01390 -0.78970
vt 0.02100 -0.78970
vt 0.01900 -0.78460
vt 0.01390 -0.79680
vt 0.01390 -0.78270
vt 0.00900 -0.79460
vt 0.00900 -0.78460
vt 0.00680 -0.78970
vt 0.01070 -0.84440
vt 0.01730 -0.84980
vt 0.01070 -0.84980
vt 0.01730 -0.84440
vt 0.01070 -0.83930
vt 0.01730 -0.83930
vt 0.01070 -0.83390
vt 0.01730 -0.83390
vt 0.01070 -0.82880
vt 0.01730 -0.82880
vt 0.01070 -0.82370
vt 0.01730 -0.82370
vt 0.01070 -0.81830
vt 0.01710 -0.81830
vt 0.01070 -0.81320
vt 0.01730 -0.81320
vt 0.01070 -0.80780
vt 0.01730 -0.80780
vt 0.01900 -0.79460
vt 0.01390 -0.78970
vt 0.02100 -0.78970
vt 0.01900 -0.78460
vt 0.01390 -0.79680
vt 0.01390 -0.78270
vt 0.00900 -0.79460
vt 0.00900 -0.78460
vt 0.00680 -0.78970
vt 0.01070 -0.84440
vt 0.01730 -0.84980
vt 0.01070 -0.84980
vt 0.01730 -0.84440
vt 0.01070 -0.83930
vt 0.01730 -0.83930
vt 0.01070 -0.83390
vt 0.01730 -0.83390
vt 0.01070 -0.82880
vt 0.01730 -0.82880
vt 0.01070 -0.82370
vt 0.01730 -0.82370
vt 0.01070 -0.81830
vt 0.01710 -0.81830
vt 0.01070 -0.81320
vt 0.01730 -0.81320
vt 0.01070 -0.80780
vt 0.01730 -0.80780
vt 0.01900 -0.79460
vt 0.01390 -0.78970
vt 0.02100 -0.78970
vt 0.01900 -0.78460
vt 0.01390 -0.79680
vt 0.01390 -0.78270
vt 0.00900 -0.79460
vt 0.00900 -0.78460
vt 0.00680 -0.78970
vt 0.01070 -0.84440
vt 0.01730 -0.84980
vt 0.01070 -0.84980
vt 0.01730 -0.84440
vt 0.01070 -0.83930
vt 0.01730 -0.83930
vt 0.01070 -0.83390
vt 0.01730 -0.83390
vt 0.01070 -0.82880
vt 0.01730 -0.82880
vt 0.01070 -0.82370
vt 0.01730 -0.82370
vt 0.01070 -0.81830
vt 0.01710 -0.81830
vt 0.01070 -0.81320
vt 0.01730 -0.81320
vt 0.01070 -0.80780
vt 0.01730 -0.80780
vt 0.01900 -0.79460
vt 0.01390 -0.78970
vt 0.02100 -0.78970
vt 0.01900 -0.78460
vt 0.01390 -0.79680
vt 0.01390 -0.78270
vt 0.00900 -0.79460
vt 0.00900 -0.78460
vt 0.00680 -0.78970
vt 0.01070 -0.84440
vt 0.01730 -0.84980
vt 0.01070 -0.84980
vt 0.01730 -0.84440
vt 0.01070 -0.83930
vt 0.01730 -0.83930
vt 0.01070 -0.83390
vt 0.01730 -0.83390
vt 0.01070 -0.82880
vt 0.01730 -0.82880
vt 0.01070 -0.82370
vt 0.01730 -0.82370
vt 0.01070 -0.81830
vt 0.01710 -0.81830
vt 0.01070 -0.81320
vt 0.01730 -0.81320
vt 0.01070 -0.80780
vt 0.01730 -0.80780
vt 0.01900 -0.79460
vt 0.01390 -0.78970
vt 0.02100 -0.78970
vt 0.01900 -0.78460
vt 0.01390 -0.79680
vt 0.01390 -0.78270
vt 0.00900 -0.79460
vt 0.00900 -0.78460
vt 0.00680 -0.78970
vt 0.01070 -0.84440
vt 0.01730 -0.84980
vt 0.01070 -0.84980
vt 0.01730 -0.84440
vt 0.01070 -0.83930
vt 0.01730 -0.83930
vt 0.01070 -0.83390
vt 0.01730 -0.83390
vt 0.01070 -0.82880
vt 0.01730 -0.82880
vt 0.01070 -0.82370
vt 0.01730 -0.82370
vt 0.01070 -0.81830
vt 0.01710 -0.81830
vt 0.01070 -0.81320
vt 0.01730 -0.81320
vt 0.01070 -0.80780
vt 0.01730 -0.80780
vt 0.01900 -0.79460
vt 0.01390 -0.78970
vt 0.02100 -0.78970
vt 0.01900 -0.78460
vt 0.01390 -0.79680
vt 0.01390 -0.78270
vt 0.00900 -0.79460
vt 0.00900 -0.78460
vt 0.00680 -0.78970
vt 0.01070 -0.84440
vt 0.01730 -0.84980
vt 0.01070 -0.84980
vt 0.01730 -0.84440
vt 0.01070 -0.83930
vt 0.01730 -0.83930
vt 0.01070 -0.83390
vt 0.01730 -0.83390
vt 0.01070 -0.82880
vt 0.01730 -0.82880
vt 0.01070 -0.82370
vt 0.01730 -0.82370
vt 0.01070 -0.81830
vt 0.01710 -0.81830
vt 0.01070 -0.81320
vt 0.01730 -0.81320
vt 0.01070 -0.80780
vt 0.01730 -0.80780
vt 0.01900 -0.79460
vt 0.01390 -0.78970
vt 0.02100 -0.78970
vt 0.01900 -0.78460
vt 0.01390 -0.79680
vt 0.01390 -0.78270
vt 0.00900 -0.79460
vt 0.00900 -0.78460
vt 0.00680 -0.78970
vt 0.01070 -0.84440
vt 0.01730 -0.84980
vt 0.01070 -0.84980
vt 0.01730 -0.84440
vt 0.01070 -0.83930
vt 0.01730 -0.83930
vt 0.01070 -0.83390
vt 0.01730 -0.83390
vt 0.01070 -0.82880
vt 0.01730 -0.82880
vt 0.01070 -0.82370
vt 0.01730 -0.82370
vt 0.01070 -0.81830
vt 0.01710 -0.81830
vt 0.01070 -0.81320
vt 0.01730 -0.81320
vt 0.01070 -0.80780
vt 0.01730 -0.80780
vt 0.01900 -0.79460
vt 0.01390 -0.78970
vt 0.02100 -0.78970
vt 0.01900 -0.78460
vt 0.01390 -0.79680
vt 0.01390 -0.78270
vt 0.00900 -0.79460
vt 0.00900 -0.78460
vt 0.00680 -0.78970
vt 0.01070 -0.84440
vt 0.01730 -0.84980
vt 0.01070 -0.84980
vt 0.01730 -0.84440
vt 0.01070 -0.83930
vt 0.01730 -0.83930
vt 0.01070 -0.83390
vt 0.01730 -0.83390
vt 0.01070 -0.82880
vt 0.01730 -0.82880
vt 0.01070 -0.82370
vt 0.01730 -0.82370
vt 0.01070 -0.81830
vt 0.01710 -0.81830
vt 0.01070 -0.81320
vt 0.01730 -0.81320
vt 0.01070 -0.80780
vt 0.01730 -0.80780
vt 0.01900 -0.79460
vt 0.01390 -0.78970
vt 0.02100 -0.78970
vt 0.01900 -0.78460
vt 0.01390 -0.79680
vt 0.01390 -0.78270
vt 0.00900 -0.79460
vt 0.00900 -0.78460
vt 0.00680 -0.78970
vt 0.01070 -0.84440
vt 0.01730 -0.84980
vt 0.01070 -0.84980
vt 0.01730 -0.84440
vt 0.01070 -0.83930
vt 0.01730 -0.83930
vt 0.01070 -0.83390
vt 0.01730 -0.83390
vt 0.01070 -0.82880
vt 0.01730 -0.82880
vt 0.01070 -0.82370
vt 0.01730 -0.82370
vt 0.01070 -0.81830
vt 0.01710 -0.81830
vt 0.01070 -0.81320
vt 0.01730 -0.81320
vt 0.01070 -0.80780
vt 0.01730 -0.80780
vt 0.01900 -0.79460
vt 0.01390 -0.78970
vt 0.02100 -0.78970
vt 0.01900 -0.78460
vt 0.01390 -0.79680
vt 0.01390 -0.78270
vt 0.00900 -0.79460
vt 0.00900 -0.78460
vt 0.00680 -0.78970
vt 0.01070 -0.84440
vt 0.01730 -0.84980
vt 0.01070 -0.84980
vt 0.01730 -0.84440
vt 0.01070 -0.83930
vt 0.01730 -0.83930
vt 0.01070 -0.83390
vt 0.01730 -0.83390
vt 0.01070 -0.82880
vt 0.01730 -0.82880
vt 0.01070 -0.82370
vt 0.01730 -0.82370
vt 0.01070 -0.81830
vt 0.01710 -0.81830
vt 0.01070 -0.81320
vt 0.01730 -0.81320
vt 0.01070 -0.80780
vt 0.01730 -0.80780
vt 0.01900 -0.79460
vt 0.01390 -0.78970
vt 0.02100 -0.78970
vt 0.01900 -0.78460
vt 0.01390 -0.79680
vt 0.01390 -0.78270
vt 0.00900 -0.79460
vt 0.00900 -0.78460
vt 0.00680 -0.78970
vt 0.53820 -0.98710
vt 0.79000 -0.99630
vt 0.53820 -0.99630
vt 0.53110 -0.98710
vt 0.53110 -0.99630
vt 0.53110 -0.97780
vt 0.79000 -0.98710
vt 0.79850 -0.99630
vt 0.79850 -0.98710
vt 0.53820 -0.97780
vt 0.53110 -0.96850
vt 0.79000 -0.97780
vt 0.79850 -0.97780
vt 0.53820 -0.96850
vt 0.53110 -0.95850
vt 0.79000 -0.96850
vt 0.79850 -0.96850
vt 0.53820 -0.95850
vt 0.53110 -0.94990
vt 0.79000 -0.95850
vt 0.79850 -0.95850
vt 0.53820 -0.94990
vt 0.53110 -0.94070
vt 0.79000 -0.94990
vt 0.79850 -0.94990
vt 0.53820 -0.94070
vt 0.53110 -0.93140
vt 0.79000 -0.94070
vt 0.79850 -0.94070
vt 0.53820 -0.93140
vt 0.53110 -0.92210
vt 0.79000 -0.93140
vt 0.79850 -0.93140
vt 0.53820 -0.92210
vt 0.53110 -0.91280
vt 0.79000 -0.92210
vt 0.79850 -0.92210
vt 0.53820 -0.91280
vt 0.53110 -0.90350
vt 0.79000 -0.91280
vt 0.79850 -0.91280
vt 0.53820 -0.90350
vt 0.53110 -0.89430
vt 0.79000 -0.90350
vt 0.79850 -0.90350
vt 0.53820 -0.89430
vt 0.53110 -0.88420
vt 0.79000 -0.89430
vt 0.79850 -0.89430
vt 0.53820 -0.88420
vt 0.53110 -0.87570
vt 0.79000 -0.88420
vt 0.79850 -0.88420
vt 0.53820 -0.87570
vt 0.53110 -0.86640
vt 0.79000 -0.87570
vt 0.79850 -0.87570
vt 0.53820 -0.86640
vt 0.53110 -0.85710
vt 0.79000 -0.86640
vt 0.79850 -0.86640
vt 0.53820 -0.85710
vt 0.53110 -0.84790
vt 0.79000 -0.85710
vt 0.79850 -0.85710
vt 0.53820 -0.84790
vt 0.53110 -0.83860
vt 0.79000 -0.84790
vt 0.79850 -0.84790
vt 0.53820 -0.83860
vt 0.53110 -0.82930
vt 0.79000 -0.83860
vt 0.79850 -0.83860
vt 0.53820 -0.82930
vt 0.53110 -0.82000
vt 0.79000 -0.82930
vt 0.79850 -0.82930
vt 0.53820 -0.82000
vt 0.53110 -0.81000
vt 0.79000 -0.82000
vt 0.79850 -0.82000
vt 0.53820 -0.81000
vt 0.53110 -0.80150
vt 0.79000 -0.81000
vt 0.79850 -0.81000
vt 0.53820 -0.80150
vt 0.53110 -0.79220
vt 0.79000 -0.80150
vt 0.79850 -0.80150
vt 0.53820 -0.79220
vt 0.53110 -0.78290
vt 0.79000 -0.79220
vt 0.79850 -0.79220
vt 0.53820 -0.78290
vt 0.53110 -0.77360
vt 0.79000 -0.78290
vt 0.79850 -0.78290
vt 0.53820 -0.77360
vt 0.53110 -0.76430
vt 0.79000 -0.77360
vt 0.79850 -0.77360
vt 0.53820 -0.76430
vt 0.53110 -0.75510
vt 0.79000 -0.76430
vt 0.79850 -0.76430
vt 0.53820 -0.75510
vt 0.53110 -0.74580
vt 0.79000 -0.75510
vt 0.79850 -0.75510
vt 0.53820 -0.74580
vt 0.53110 -0.73580
vt 0.79000 -0.74580
vt 0.79850 -0.74580
vt 0.53820 -0.73580
vt 0.53110 -0.72720
vt 0.79000 -0.73580
vt 0.79850 -0.73580
vt 0.53820 -0.72720
vt 0.53110 -0.71790
vt 0.79000 -0.72720
vt 0.79850 -0.72720
vt 0.53820 -0.71790
vt 0.53110 -0.70870
vt 0.79000 -0.71790
vt 0.79850 -0.71790
vt 0.53820 -0.70870
vt 0.53110 -0.69940
vt 0.53820 -0.69910
vt 0.79000 -0.70870
vt 0.79850 -0.70870
vt 0.79000 -0.69910
vt 0.79850 -0.69940
g us_aim_120a_missile#@root_1_0
usemtl ec09193d-e38b-4cc4-800d-c18f072796d9
f 3/3 2/2 1/1
f 3/3 4/4 2/2
f 5/5 1/1 2/2
f 6/6 2/2 4/4
f 1/1 5/5 7/7
f 4/4 8/8 6/6
f 9/9 7/7 5/5
f 10/10 6/6 8/8
f 7/7 9/9 11/11
f 8/8 12/12 10/10
f 13/13 11/11 9/9
f 14/14 10/10 12/12
f 11/11 13/13 15/15
f 12/12 16/16 14/14
f 17/17 15/15 13/13
f 18/18 14/14 16/16
f 15/15 17/17 19/19
f 16/16 20/20 18/18
f 21/21 19/19 17/17
f 22/22 18/18 20/20
f 19/19 21/21 23/23
f 20/20 24/24 22/22
f 25/25 23/23 21/21
f 26/26 22/22 24/24
f 23/23 25/25 27/27
f 24/24 28/28 26/26
f 29/29 27/27 25/25
f 27/27 29/29 30/30
f 31/31 30/30 29/29
f 32/32 26/26 28/28
f 28/28 33/33 32/32
f 34/34 32/32 33/33
f 37/37 36/36 35/35
f 36/36 38/38 35/35
f 38/38 39/39 35/35
f 40/40 38/38 36/36
f 41/41 38/38 40/40
f 42/42 38/38 41/41
f 43/43 41/41 40/40
f 43/43 44/44 41/41
f 41/41 44/44 45/45
f 46/46 41/41 45/45
f 44/44 47/47 45/45
f 45/45 47/47 48/48
f 47/47 49/49 48/48
f 50/50 45/45 48/48
f 53/53 52/52 51/51
f 53/53 54/54 52/52
f 55/55 52/52 54/54
f 56/56 51/51 52/52
f 51/51 56/56 57/57
f 52/52 55/55 58/58
f 52/52 58/58 56/56
f 59/59 58/58 55/55
f 60/60 57/57 56/56
f 57/57 60/60 61/61
f 62/62 56/56 58/58
f 56/56 62/62 60/60
f 58/58 59/59 63/63
f 58/58 63/63 62/62
f 64/64 63/63 59/59
f 65/65 61/61 60/60
f 61/61 65/65 66/66
f 67/67 60/60 62/62
f 60/60 67/67 65/65
f 68/68 62/62 63/63
f 62/62 68/68 67/67
f 63/63 64/64 69/69
f 63/63 69/69 68/68
f 70/70 69/69 64/64
f 71/71 66/66 65/65
f 66/66 71/71 72/72
f 73/73 65/65 67/67
f 65/65 73/73 71/71
f 74/74 67/67 68/68
f 67/67 74/74 73/73
f 75/75 68/68 69/69
f 68/68 75/75 74/74
f 69/69 70/70 76/76
f 69/69 76/76 75/75
f 77/77 76/76 70/70
f 76/76 77/77 78/78
f 79/79 78/78 77/77
f 80/80 75/75 76/76
f 76/76 78/78 80/80
f 81/81 74/74 75/75
f 75/75 80/80 81/81
f 78/78 79/79 82/82
f 74/74 81/81 83/83
f 83/83 73/73 74/74
f 84/84 82/82 79/79
f 85/85 80/80 78/78
f 78/78 82/82 85/85
f 86/86 81/81 80/80
f 80/80 85/85 86/86
f 82/82 84/84 87/87
f 81/81 86/86 88/88
f 88/88 83/83 81/81
f 89/89 87/87 84/84
f 90/90 85/85 82/82
f 82/82 87/87 90/90
f 91/91 86/86 85/85
f 85/85 90/90 91/91
f 87/87 89/89 92/92
f 86/86 91/91 93/93
f 93/93 88/88 86/86
f 94/94 92/92 89/89
f 95/95 90/90 87/87
f 87/87 92/92 95/95
f 96/96 91/91 90/90
f 90/90 95/95 96/96
f 92/92 94/94 97/97
f 91/91 96/96 98/98
f 98/98 93/93 91/91
f 99/99 97/97 94/94
f 100/100 95/95 92/92
f 92/92 97/97 100/100
f 101/101 96/96 95/95
f 95/95 100/100 101/101
f 97/97 99/99 102/102
f 96/96 101/101 103/103
f 103/103 98/98 96/96
f 104/104 102/102 99/99
f 105/105 103/103 101/101
f 106/106 100/100 97/97
f 97/97 102/102 106/106
f 107/107 101/101 100/100
f 100/100 106/106 107/107
f 101/101 107/107 108/108
f 103/103 105/105 109/109
f 110/110 109/109 105/105
f 109/109 111/111 103/103
f 98/98 103/103 111/111
f 109/109 110/110 112/112
f 113/113 112/112 110/110
f 111/111 109/109 114/114
f 112/112 114/114 109/109
f 111/111 115/115 98/98
f 93/93 98/98 115/115
f 114/114 116/116 111/111
f 115/115 111/111 116/116
f 112/112 113/113 117/117
f 118/118 117/117 113/113
f 114/114 112/112 119/119
f 117/117 119/119 112/112
f 116/116 114/114 120/120
f 119/119 120/120 114/114
f 117/117 118/118 121/121
f 122/122 121/121 118/118
f 119/119 117/117 123/123
f 121/121 123/123 117/117
f 120/120 119/119 124/124
f 123/123 124/124 119/119
f 121/121 122/122 125/125
f 126/126 125/125 122/122
f 123/123 121/121 127/127
f 125/125 127/127 121/121
f 124/124 123/123 128/128
f 127/127 128/128 123/123
f 125/125 126/126 129/129
f 130/130 129/129 126/126
f 127/127 125/125 131/131
f 129/129 131/131 125/125
f 128/128 127/127 132/132
f 131/131 132/132 127/127
f 129/129 130/130 133/133
f 134/134 133/133 130/130
f 131/131 129/129 135/135
f 133/133 135/135 129/129
f 132/132 131/131 136/136
f 135/135 136/136 131/131
f 133/133 134/134 137/137
f 138/138 137/137 134/134
f 135/135 133/133 139/139
f 137/137 139/139 133/133
f 136/136 135/135 140/140
f 139/139 140/140 135/135
f 137/137 138/138 141/141
f 142/142 141/141 138/138
f 142/142 143/143 141/141
f 141/141 144/144 137/137
f 139/139 137/137 144/144
f 141/141 143/143 145/145
f 144/144 141/141 145/145
f 147/147 146/146 143/143
f 145/145 143/143 146/146
f 146/146 148/148 145/145
f 144/144 149/149 139/139
f 144/144 145/145 149/149
f 140/140 139/139 149/149
f 150/150 145/145 148/148
f 149/149 145/145 150/150
f 148/148 151/151 150/150
f 149/149 152/152 140/140
f 152/152 149/149 150/150
f 153/153 140/140 152/152
f 154/154 150/150 151/151
f 151/151 155/155 154/154
f 152/152 150/150 156/156
f 156/156 150/150 154/154
f 152/152 156/156 153/153
f 157/157 154/154 155/155
f 140/140 153/153 136/136
f 158/158 136/136 153/153
f 136/136 158/158 132/132
f 159/159 153/153 156/156
f 153/153 159/159 158/158
f 160/160 156/156 154/154
f 156/156 160/160 159/159
f 161/161 154/154 157/157
f 160/160 154/154 161/161
f 162/162 161/161 157/157
f 163/163 132/132 158/158
f 132/132 163/163 128/128
f 164/164 158/158 159/159
f 158/158 164/164 163/163
f 165/165 159/159 160/160
f 160/160 161/161 165/165
f 159/159 165/165 164/164
f 161/161 162/162 166/166
f 166/166 165/165 161/161
f 167/167 166/166 162/162
f 168/168 164/164 165/165
f 165/165 166/166 168/168
f 166/166 167/167 169/169
f 169/169 168/168 166/166
f 170/170 169/169 167/167
f 164/164 168/168 171/171
f 171/171 163/163 164/164
f 168/168 169/169 172/172
f 172/172 171/171 168/168
f 169/169 170/170 173/173
f 173/173 172/172 169/169
f 174/174 173/173 170/170
f 163/163 171/171 175/175
f 175/175 128/128 163/163
f 128/128 175/175 124/124
f 176/176 175/175 171/171
f 171/171 172/172 176/176
f 177/177 124/124 175/175
f 175/175 176/176 177/177
f 124/124 177/177 120/120
f 178/178 176/176 172/172
f 172/172 173/173 178/178
f 179/179 177/177 176/176
f 176/176 178/178 179/179
f 180/180 120/120 177/177
f 177/177 179/179 180/180
f 120/120 180/180 116/116
f 181/181 178/178 173/173
f 173/173 174/174 181/181
f 182/182 181/181 174/174
f 178/178 181/181 183/183
f 183/183 179/179 178/178
f 181/181 182/182 184/184
f 184/184 183/183 181/181
f 185/185 184/184 182/182
f 179/179 183/183 186/186
f 186/186 180/180 179/179
f 183/183 184/184 187/187
f 187/187 186/186 183/183
f 184/184 185/185 188/188
f 188/188 187/187 184/184
f 189/189 188/188 185/185
f 180/180 186/186 190/190
f 190/190 116/116 180/180
f 116/116 190/190 115/115
f 191/191 190/190 186/186
f 186/186 187/187 191/191
f 192/192 115/115 190/190
f 190/190 191/191 192/192
f 115/115 192/192 93/93
f 88/88 93/93 192/192
f 192/192 193/193 88/88
f 193/193 192/192 191/191
f 83/83 88/88 193/193
f 194/194 191/191 187/187
f 191/191 194/194 193/193
f 187/187 188/188 194/194
f 193/193 195/195 83/83
f 195/195 193/193 194/194
f 73/73 83/83 195/195
f 195/195 71/71 73/73
f 194/194 196/196 195/195
f 196/196 194/194 188/188
f 71/71 195/195 196/196
f 188/188 189/189 196/196
f 196/196 72/72 71/71
f 72/72 196/196 189/189
f 199/199 198/198 197/197
f 201/201 197/197 200/200
f 202/202 200/200 197/197
f 202/202 197/197 198/198
f 200/200 202/202 203/203
f 198/198 199/199 204/204
f 205/205 204/204 199/199
f 206/206 203/203 202/202
f 203/203 206/206 207/207
f 198/198 208/208 202/202
f 206/206 202/202 208/208
f 204/204 209/209 198/198
f 208/208 198/198 209/209
f 204/204 205/205 210/210
f 211/211 210/210 205/205
f 211/211 212/212 210/210
f 213/213 210/210 212/212
f 210/210 214/214 204/204
f 210/210 213/213 214/214
f 209/209 204/204 214/214
f 215/215 214/214 213/213
f 214/214 215/215 216/216
f 214/214 216/216 209/209
f 217/217 216/216 215/215
f 218/218 209/209 216/216
f 209/209 218/218 208/208
f 216/216 217/217 219/219
f 216/216 219/219 218/218
f 220/220 219/219 217/217
f 221/221 208/208 218/218
f 208/208 221/221 206/206
f 222/222 218/218 219/219
f 218/218 222/222 221/221
f 219/219 220/220 223/223
f 219/219 223/223 222/222
f 224/224 223/223 220/220
f 225/225 206/206 221/221
f 225/225 207/207 206/206
f 207/207 225/225 226/226
f 221/221 227/227 225/225
f 227/227 221/221 222/222
f 228/228 226/226 225/225
f 228/228 225/225 227/227
f 226/226 228/228 229/229
f 222/222 230/230 227/227
f 230/230 222/222 223/223
f 227/227 231/231 228/228
f 231/231 227/227 230/230
f 232/232 229/229 228/228
f 232/232 228/228 231/231
f 229/229 232/232 233/233
f 223/223 234/234 230/230
f 223/223 224/224 234/234
f 235/235 234/234 224/224
f 236/236 230/230 234/234
f 230/230 236/236 231/231
f 234/234 235/235 237/237
f 234/234 237/237 236/236
f 238/238 237/237 235/235
f 239/239 231/231 236/236
f 231/231 239/239 232/232
f 240/240 236/236 237/237
f 236/236 240/240 239/239
f 237/237 238/238 241/241
f 237/237 241/241 240/240
f 242/242 241/241 238/238
f 243/243 233/233 232/232
f 243/243 232/232 239/239
f 233/233 243/243 244/244
f 245/245 239/239 240/240
f 239/239 245/245 243/243
f 246/246 244/244 243/243
f 246/246 243/243 245/245
f 244/244 246/246 247/247
f 240/240 248/248 245/245
f 248/248 240/240 241/241
f 245/245 249/249 246/246
f 249/249 245/245 248/248
f 250/250 247/247 246/246
f 250/250 246/246 249/249
f 247/247 250/250 251/251
f 241/241 252/252 248/248
f 241/241 242/242 252/252
f 253/253 252/252 242/242
f 254/254 248/248 252/252
f 248/248 254/254 249/249
f 252/252 253/253 255/255
f 252/252 255/255 254/254
f 256/256 255/255 253/253
f 257/257 249/249 254/254
f 249/249 257/257 250/250
f 258/258 254/254 255/255
f 254/254 258/258 257/257
f 255/255 256/256 259/259
f 255/255 259/259 258/258
f 260/260 259/259 256/256
f 261/261 251/251 250/250
f 261/261 250/250 257/257
f 251/251 261/261 262/262
f 263/263 257/257 258/258
f 257/257 263/263 261/261
f 264/264 262/262 261/261
f 264/264 261/261 263/263
f 262/262 264/264 265/265
f 258/258 266/266 263/263
f 266/266 258/258 259/259
f 263/263 267/267 264/264
f 267/267 263/263 266/266
f 268/268 265/265 264/264
f 268/268 264/264 267/267
f 265/265 268/268 269/269
f 259/259 270/270 266/266
f 259/259 260/260 270/270
f 271/271 270/270 260/260
f 272/272 266/266 270/270
f 266/266 272/272 267/267
f 270/270 271/271 273/273
f 270/270 273/273 272/272
f 274/274 273/273 271/271
f 275/275 267/267 272/272
f 267/267 275/275 268/268
f 276/276 272/272 273/273
f 272/272 276/276 275/275
f 273/273 274/274 277/277
f 273/273 277/277 276/276
f 278/278 277/277 274/274
f 279/279 269/269 268/268
f 279/279 268/268 275/275
f 269/269 279/279 280/280
f 281/281 275/275 276/276
f 275/275 281/281 279/279
f 282/282 280/280 279/279
f 282/282 279/279 281/281
f 280/280 282/282 283/283
f 276/276 284/284 281/281
f 284/284 276/276 277/277
f 281/281 285/285 282/282
f 285/285 281/281 284/284
f 286/286 283/283 282/282
f 286/286 282/282 285/285
f 283/283 286/286 287/287
f 288/288 287/287 286/286
f 287/287 288/288 289/289
f 285/285 290/290 286/286
f 288/288 286/286 290/290
f 284/284 291/291 285/285
f 290/290 285/285 291/291
f 291/291 284/284 292/292
f 277/277 292/292 284/284
f 293/293 289/289 288/288
f 289/289 293/293 294/294
f 290/290 295/295 288/288
f 293/293 288/288 295/295
f 291/291 296/296 290/290
f 295/295 290/290 296/296
f 296/296 291/291 297/297
f 292/292 297/297 291/291
f 298/298 294/294 293/293
f 294/294 298/298 299/299
f 295/295 300/300 293/293
f 298/298 293/293 300/300
f 296/296 301/301 295/295
f 300/300 295/295 301/301
f 301/301 296/296 302/302
f 297/297 302/302 296/296
f 303/303 299/299 298/298
f 299/299 303/303 304/304
f 300/300 305/305 298/298
f 303/303 298/298 305/305
f 301/301 306/306 300/300
f 305/305 300/300 306/306
f 306/306 301/301 307/307
f 302/302 307/307 301/301
f 308/308 304/304 303/303
f 304/304 308/308 309/309
f 305/305 310/310 303/303
f 308/308 303/303 310/310
f 306/306 311/311 305/305
f 310/310 305/305 311/311
f 311/311 306/306 312/312
f 307/307 312/312 306/306
f 313/313 309/309 308/308
f 309/309 313/313 314/314
f 310/310 315/315 308/308
f 313/313 308/308 315/315
f 311/311 316/316 310/310
f 315/315 310/310 316/316
f 312/312 317/317 311/311
f 316/316 311/311 317/317
f 312/312 318/318 317/317
f 319/319 317/317 318/318
f 318/318 312/312 320/320
f 317/317 319/319 321/321
f 317/317 321/321 316/316
f 322/322 321/321 319/319
f 316/316 323/323 315/315
f 323/323 316/316 321/321
f 321/321 322/322 324/324
f 321/321 324/324 323/323
f 325/325 324/324 322/322
f 326/326 315/315 323/323
f 315/315 326/326 313/313
f 327/327 323/323 324/324
f 323/323 327/327 326/326
f 324/324 325/325 328/328
f 324/324 328/328 327/327
f 329/329 328/328 325/325
f 330/330 313/313 326/326
f 330/330 314/314 313/313
f 314/314 330/330 331/331
f 326/326 332/332 330/330
f 332/332 326/326 327/327
f 333/333 331/331 330/330
f 333/333 330/330 332/332
f 331/331 333/333 334/334
f 327/327 335/335 332/332
f 335/335 327/327 328/328
f 332/332 336/336 333/333
f 336/336 332/332 335/335
f 337/337 334/334 333/333
f 337/337 333/333 336/336
f 334/334 337/337 338/338
f 328/328 339/339 335/335
f 328/328 329/329 339/339
f 340/340 339/339 329/329
f 341/341 335/335 339/339
f 335/335 341/341 336/336
f 339/339 340/340 342/342
f 339/339 342/342 341/341
f 343/343 342/342 340/340
f 344/344 336/336 341/341
f 336/336 344/344 337/337
f 345/345 341/341 342/342
f 341/341 345/345 344/344
f 342/342 343/343 346/346
f 342/342 346/346 345/345
f 347/347 346/346 343/343
f 348/348 338/338 337/337
f 348/348 337/337 344/344
f 338/338 348/348 349/349
f 350/350 344/344 345/345
f 344/344 350/350 348/348
f 351/351 349/349 348/348
f 351/351 348/348 350/350
f 349/349 351/351 352/352
f 345/345 353/353 350/350
f 353/353 345/345 346/346
f 350/350 354/354 351/351
f 354/354 350/350 353/353
f 355/355 352/352 351/351
f 355/355 351/351 354/354
f 352/352 355/355 356/356
f 346/346 357/357 353/353
f 346/346 347/347 357/357
f 358/358 357/357 347/347
f 359/359 353/353 357/357
f 353/353 359/359 354/354
f 357/357 358/358 360/360
f 357/357 360/360 359/359
f 361/361 360/360 358/358
f 362/362 354/354 359/359
f 354/354 362/362 355/355
f 363/363 359/359 360/360
f 359/359 363/363 362/362
f 360/360 361/361 364/364
f 360/360 364/364 363/363
f 365/365 364/364 361/361
f 366/366 356/356 355/355
f 366/366 355/355 362/362
f 356/356 366/366 367/367
f 368/368 362/362 363/363
f 362/362 368/368 366/366
f 369/369 367/367 366/366
f 369/369 366/366 368/368
f 367/367 369/369 370/370
f 363/363 371/371 368/368
f 371/371 363/363 364/364
f 368/368 372/372 369/369
f 372/372 368/368 371/371
f 373/373 370/370 369/369
f 373/373 369/369 372/372
f 370/370 373/373 374/374
f 364/364 375/375 371/371
f 364/364 365/365 375/375
f 376/376 375/375 365/365
f 377/377 371/371 375/375
f 371/371 377/377 372/372
f 375/375 376/376 378/378
f 375/375 378/378 377/377
f 379/379 378/378 376/376
f 378/378 379/379 380/380
f 381/381 380/380 379/379
f 378/378 380/380 382/382
f 382/382 377/377 378/378
f 383/383 382/382 380/380
f 384/384 372/372 377/377
f 377/377 382/382 384/384
f 372/372 384/384 373/373
f 382/382 383/383 385/385
f 385/385 384/384 382/382
f 386/386 385/385 383/383
f 387/387 373/373 384/384
f 384/384 385/385 387/387
f 387/387 374/374 373/373
f 374/374 387/387 388/388
f 389/389 387/387 385/385
f 389/389 388/388 387/387
f 385/385 386/386 389/389
f 388/388 389/389 390/390
f 391/391 389/389 386/386
f 391/391 390/390 389/389
f 394/394 393/393 392/392
f 396/396 392/392 395/395
f 397/397 395/395 392/392
f 397/397 392/392 393/393
f 395/395 397/397 398/398
f 393/393 394/394 399/399
f 400/400 399/399 394/394
f 401/401 398/398 397/397
f 398/398 401/401 402/402
f 393/393 403/403 397/397
f 401/401 397/397 403/403
f 399/399 404/404 393/393
f 403/403 393/393 404/404
f 399/399 400/400 405/405
f 406/406 405/405 400/400
f 404/404 399/399 407/407
f 405/405 407/407 399/399
f 404/404 408/408 403/403
f 405/405 406/406 409/409
f 410/410 409/409 406/406
f 407/407 405/405 411/411
f 409/409 411/411 405/405
f 407/407 412/412 404/404
f 408/408 404/404 412/412
f 411/411 413/413 407/407
f 412/412 407/407 413/413
f 409/409 410/410 414/414
f 415/415 414/414 410/410
f 415/415 416/416 414/414
f 414/414 417/417 409/409
f 411/411 409/409 417/417
f 418/418 414/414 416/416
f 414/414 418/418 417/417
f 416/416 419/419 418/418
f 417/417 420/420 411/411
f 413/413 411/411 420/420
f 421/421 417/417 418/418
f 417/417 421/421 420/420
f 422/422 418/418 419/419
f 418/418 422/422 421/421
f 419/419 423/423 422/422
f 424/424 421/421 422/422
f 426/426 425/425 423/423
f 427/427 423/423 425/425
f 427/427 422/422 423/423
f 425/425 428/428 427/427
f 429/429 427/427 428/428
f 422/422 427/427 430/430
f 424/424 422/422 430/430
f 429/429 431/431 427/427
f 430/430 427/427 431/431
f 429/429 433/433 432/432
f 434/434 433/433 429/429
f 424/424 430/430 435/435
f 430/430 436/436 435/435
f 430/430 437/437 436/436
f 430/430 431/431 437/437
f 431/431 438/438 437/437
f 431/431 439/439 438/438
f 424/424 435/435 440/440
f 431/431 441/441 439/439
f 429/429 441/441 431/431
f 439/439 441/441 442/442
f 429/429 443/443 441/441
f 441/441 444/444 442/442
f 444/444 445/445 442/442
f 446/446 445/445 444/444
f 446/446 444/444 447/447
f 448/448 446/446 447/447
f 444/444 441/441 449/449
f 448/448 447/447 450/450
f 451/451 448/448 450/450
f 452/452 451/451 450/450
f 447/447 444/444 453/453
f 449/449 453/453 444/444
f 453/453 454/454 447/447
f 450/450 447/447 454/454
f 452/452 450/450 455/455
f 456/456 452/452 455/455
f 457/457 456/456 455/455
f 457/457 455/455 458/458
f 459/459 457/457 458/458
f 455/455 450/450 460/460
f 454/454 461/461 450/450
f 460/460 450/450 461/461
f 461/461 454/454 462/462
f 454/454 453/453 463/463
f 463/463 462/462 454/454
f 464/464 463/463 453/453
f 453/453 449/449 464/464
f 462/462 463/463 465/465
f 463/463 464/464 466/466
f 466/466 465/465 463/463
f 467/467 466/466 464/464
f 468/468 464/464 449/449
f 464/464 468/468 467/467
f 449/449 469/469 468/468
f 469/469 449/449 441/441
f 469/469 441/441 443/443
f 443/443 470/470 469/469
f 443/443 471/471 470/470
f 472/472 470/470 471/471
f 473/473 469/469 470/470
f 473/473 468/468 469/469
f 470/470 472/472 474/474
f 470/470 474/474 473/473
f 475/475 474/474 472/472
f 468/468 473/473 476/476
f 476/476 467/467 468/468
f 477/477 473/473 474/474
f 477/477 476/476 473/473
f 474/474 475/475 478/478
f 474/474 478/478 477/477
f 479/479 478/478 475/475
f 478/478 479/479 480/480
f 481/481 480/480 479/479
f 482/482 477/477 478/478
f 478/478 480/480 482/482
f 476/476 477/477 483/483
f 482/482 483/483 477/477
f 480/480 481/481 484/484
f 485/485 484/484 481/481
f 484/484 485/485 486/486
f 484/484 486/486 487/487
f 483/483 488/488 476/476
f 467/467 476/476 488/488
f 487/487 489/489 484/484
f 480/480 484/484 490/490
f 489/489 490/490 484/484
f 490/490 482/482 480/480
f 487/487 491/491 489/489
f 488/488 492/492 467/467
f 466/466 467/467 492/492
f 490/490 493/493 482/482
f 483/483 482/482 493/493
f 489/489 494/494 490/490
f 493/493 490/490 494/494
f 494/494 489/489 491/491
f 492/492 495/495 466/466
f 465/465 466/466 495/495
f 493/493 496/496 483/483
f 488/488 483/483 496/496
f 494/494 497/497 493/493
f 496/496 493/493 497/497
f 497/497 494/494 498/498
f 491/491 498/498 494/494
f 491/491 499/499 498/498
f 499/499 491/491 500/500
f 501/501 500/500 491/491
f 502/502 498/498 499/499
f 500/500 501/501 503/503
f 504/504 503/503 501/501
f 504/504 505/505 503/503
f 505/505 506/506 503/503
f 507/507 503/503 506/506
f 507/507 506/506 508/508
f 509/509 508/508 506/506
f 508/508 509/509 510/510
f 511/511 510/510 509/509
f 498/498 502/502 512/512
f 513/513 512/512 502/502
f 498/498 512/512 497/497
f 512/512 513/513 514/514
f 515/515 497/497 512/512
f 512/512 514/514 515/515
f 497/497 515/515 496/496
f 516/516 514/514 513/513
f 517/517 496/496 515/515
f 496/496 517/517 488/488
f 492/492 488/488 517/517
f 515/515 518/518 517/517
f 518/518 515/515 514/514
f 517/517 519/519 492/492
f 519/519 517/517 518/518
f 495/495 492/492 519/519
f 514/514 520/520 518/518
f 514/514 516/516 520/520
f 521/521 520/520 516/516
f 522/522 518/518 520/520
f 518/518 522/522 519/519
f 520/520 521/521 523/523
f 520/520 523/523 522/522
f 524/524 523/523 521/521
f 525/525 519/519 522/522
f 519/519 525/525 495/495
f 526/526 522/522 523/523
f 522/522 526/526 525/525
f 523/523 524/524 527/527
f 523/523 527/527 526/526
f 528/528 527/527 524/524
f 529/529 495/495 525/525
f 495/495 529/529 465/465
f 530/530 525/525 526/526
f 525/525 530/530 529/529
f 531/531 526/526 527/527
f 526/526 531/531 530/530
f 527/527 528/528 532/532
f 527/527 532/532 531/531
f 533/533 532/532 528/528
f 534/534 465/465 529/529
f 465/465 534/534 462/462
f 535/535 529/529 530/530
f 529/529 535/535 534/534
f 536/536 530/530 531/531
f 530/530 536/536 535/535
f 537/537 531/531 532/532
f 531/531 537/537 536/536
f 532/532 533/533 538/538
f 532/532 538/538 537/537
f 539/539 538/538 533/533
f 538/538 539/539 540/540
f 541/541 540/540 539/539
f 542/542 537/537 538/538
f 538/538 540/540 542/542
f 543/543 536/536 537/537
f 537/537 542/542 543/543
f 540/540 541/541 544/544
f 536/536 543/543 545/545
f 545/545 535/535 536/536
f 546/546 544/544 541/541
f 547/547 542/542 540/540
f 540/540 544/544 547/547
f 548/548 543/543 542/542
f 542/542 547/547 548/548
f 544/544 546/546 549/549
f 543/543 548/548 550/550
f 550/550 545/545 543/543
f 551/551 549/549 546/546
f 552/552 547/547 544/544
f 544/544 549/549 552/552
f 553/553 548/548 547/547
f 547/547 552/552 553/553
f 549/549 551/551 554/554
f 555/555 554/554 551/551
f 555/555 556/556 554/554
f 557/557 552/552 549/549
f 549/549 554/554 557/557
f 558/558 553/553 552/552
f 552/552 557/557 558/558
f 559/559 554/554 556/556
f 556/556 560/560 559/559
f 561/561 557/557 554/554
f 562/562 559/559 560/560
f 560/560 563/563 562/562
f 559/559 564/564 554/554
f 561/561 554/554 564/564
f 562/562 565/565 559/559
f 564/564 559/559 565/565
f 566/566 562/562 563/563
f 563/563 567/567 566/566
f 565/565 562/562 568/568
f 566/566 568/568 562/562
f 569/569 566/566 567/567
f 567/567 570/570 569/569
f 568/568 566/566 571/571
f 569/569 571/571 566/566
f 572/572 569/569 570/570
f 570/570 573/573 572/572
f 571/571 569/569 574/574
f 572/572 574/574 569/569
f 575/575 572/572 573/573
f 573/573 576/576 575/575
f 574/574 572/572 577/577
f 575/575 577/577 572/572
f 578/578 575/575 576/576
f 576/576 579/579 578/578
f 577/577 575/575 580/580
f 578/578 580/580 575/575
f 581/581 578/578 579/579
f 579/579 582/582 581/581
f 580/580 578/578 583/583
f 581/581 583/583 578/578
f 584/584 581/581 582/582
f 582/582 585/585 584/584
f 583/583 581/581 586/586
f 584/584 586/586 581/581
f 587/587 584/584 585/585
f 585/585 588/588 587/587
f 586/586 584/584 589/589
f 587/587 589/589 584/584
f 590/590 587/587 588/588
f 588/588 591/591 590/590
f 589/589 587/587 592/592
f 590/590 592/592 587/587
f 593/593 590/590 591/591
f 591/591 594/594 593/593
f 595/595 593/593 594/594
f 594/594 596/596 595/595
f 597/597 595/595 596/596
f 598/598 597/597 596/596
f 598/598 596/596 599/599
f 600/600 599/599 596/596
f 600/600 601/601 599/599
f 602/602 599/599 601/601
f 601/601 603/603 602/602
f 604/604 602/602 603/603
f 593/593 605/605 590/590
f 592/592 590/590 605/605
f 605/605 593/593 606/606
f 607/607 606/606 593/593
f 606/606 607/607 608/608
f 609/609 608/608 607/607
f 610/610 608/608 609/609
f 610/610 611/611 608/608
f 606/606 608/608 612/612
f 606/606 612/612 605/605
f 613/613 608/608 611/611
f 613/613 612/612 608/608
f 611/611 614/614 613/613
f 615/615 605/605 612/612
f 605/605 615/615 592/592
f 612/612 613/613 616/616
f 612/612 616/616 615/615
f 617/617 613/613 614/614
f 617/617 616/616 613/613
f 614/614 618/618 617/617
f 619/619 592/592 615/615
f 592/592 619/619 589/589
f 620/620 615/615 616/616
f 615/615 620/620 619/619
f 616/616 617/617 621/621
f 616/616 621/621 620/620
f 622/622 617/617 618/618
f 622/622 621/621 617/617
f 618/618 623/623 622/622
f 624/624 589/589 619/619
f 589/589 624/624 586/586
f 625/625 619/619 620/620
f 619/619 625/625 624/624
f 626/626 586/586 624/624
f 620/620 627/627 625/625
f 627/627 620/620 621/621
f 628/628 624/624 625/625
f 624/624 628/628 626/626
f 586/586 626/626 583/583
f 625/625 629/629 628/628
f 629/629 625/625 627/627
f 630/630 583/583 626/626
f 583/583 630/630 580/580
f 631/631 626/626 628/628
f 626/626 631/631 630/630
f 632/632 628/628 629/629
f 628/628 632/632 631/631
f 633/633 580/580 630/630
f 580/580 633/633 577/577
f 634/634 630/630 631/631
f 630/630 634/634 633/633
f 635/635 631/631 632/632
f 631/631 635/635 634/634
f 636/636 577/577 633/633
f 577/577 636/636 574/574
f 637/637 633/633 634/634
f 633/633 637/637 636/636
f 638/638 634/634 635/635
f 634/634 638/638 637/637
f 639/639 574/574 636/636
f 574/574 639/639 571/571
f 640/640 636/636 637/637
f 636/636 640/640 639/639
f 641/641 637/637 638/638
f 637/637 641/641 640/640
f 642/642 571/571 639/639
f 571/571 642/642 568/568
f 643/643 639/639 640/640
f 639/639 643/643 642/642
f 644/644 640/640 641/641
f 640/640 644/644 643/643
f 645/645 568/568 642/642
f 568/568 645/645 565/565
f 646/646 642/642 643/643
f 642/642 646/646 645/645
f 647/647 643/643 644/644
f 643/643 647/647 646/646
f 648/648 565/565 645/645
f 565/565 648/648 564/564
f 649/649 645/645 646/646
f 645/645 649/649 648/648
f 650/650 646/646 647/647
f 646/646 650/650 649/649
f 651/651 564/564 648/648
f 564/564 651/651 561/561
f 652/652 648/648 649/649
f 648/648 652/652 651/651
f 653/653 649/649 650/650
f 649/649 653/653 652/652
f 647/647 654/654 650/650
f 650/650 655/655 653/653
f 655/655 650/650 654/654
f 654/654 647/647 656/656
f 644/644 656/656 647/647
f 656/656 644/644 657/657
f 641/641 657/657 644/644
f 656/656 658/658 654/654
f 654/654 659/659 655/655
f 659/659 654/654 658/658
f 657/657 641/641 660/660
f 638/638 660/660 641/641
f 657/657 661/661 656/656
f 658/658 656/656 661/661
f 660/660 662/662 657/657
f 661/661 657/657 662/662
f 660/660 638/638 663/663
f 635/635 663/663 638/638
f 662/662 660/660 664/664
f 663/663 664/664 660/660
f 662/662 665/665 661/661
f 661/661 666/666 658/658
f 666/666 661/661 665/665
f 663/663 635/635 667/667
f 632/632 667/667 635/635
f 664/664 663/663 668/668
f 667/667 668/668 663/663
f 664/664 669/669 662/662
f 665/665 662/662 669/669
f 668/668 670/670 664/664
f 669/669 664/664 670/670
f 667/667 632/632 671/671
f 629/629 671/671 632/632
f 668/668 667/667 672/672
f 671/671 672/672 667/667
f 672/672 673/673 668/668
f 670/670 668/668 673/673
f 671/671 629/629 674/674
f 627/627 674/674 629/629
f 672/672 671/671 675/675
f 674/674 675/675 671/671
f 673/673 672/672 676/676
f 675/675 676/676 672/672
f 674/674 627/627 677/677
f 621/621 677/677 627/627
f 621/621 622/622 677/677
f 677/677 678/678 674/674
f 675/675 674/674 678/678
f 679/679 677/677 622/622
f 677/677 679/679 678/678
f 679/679 622/622 623/623
f 623/623 680/680 679/679
f 681/681 679/679 680/680
f 681/681 678/678 679/679
f 678/678 682/682 675/675
f 678/678 681/681 682/682
f 676/676 675/675 682/682
f 683/683 682/682 681/681
f 684/684 683/683 681/681
f 684/684 685/685 683/683
f 686/686 676/676 682/682
f 686/686 687/687 676/676
f 676/676 687/687 688/688
f 689/689 686/686 682/682
f 673/673 676/676 688/688
f 690/690 673/673 688/688
f 670/670 673/673 690/690
f 670/670 690/690 691/691
f 670/670 691/691 692/692
f 689/689 682/682 693/693
f 682/682 683/683 693/693
f 694/694 689/689 693/693
f 695/695 694/694 693/693
f 696/696 670/670 692/692
f 696/696 692/692 697/697
f 696/696 669/669 670/670
f 696/696 697/697 698/698
f 695/695 693/693 699/699
f 700/700 695/695 699/699
f 701/701 700/700 699/699
f 702/702 669/669 696/696
f 703/703 696/696 698/698
f 703/703 702/702 696/696
f 669/669 702/702 665/665
f 703/703 698/698 704/704
f 701/701 699/699 705/705
f 706/706 701/701 705/705
f 707/707 665/665 702/702
f 708/708 703/703 704/704
f 704/704 709/709 708/708
f 703/703 710/710 702/702
f 709/709 711/711 708/708
f 709/709 712/712 711/711
f 711/711 712/712 713/713
f 708/708 714/714 703/703
f 710/710 703/703 714/714
f 711/711 715/715 708/708
f 714/714 708/708 715/715
f 716/716 711/711 713/713
f 706/706 716/716 713/713
f 716/716 706/706 705/705
f 716/716 717/717 711/711
f 715/715 711/711 717/717
f 705/705 718/718 716/716
f 717/717 716/716 718/718
f 718/718 705/705 719/719
f 717/717 720/720 715/715
f 718/718 721/721 717/717
f 720/720 717/717 721/721
f 722/722 715/715 720/720
f 715/715 722/722 714/714
f 720/720 721/721 723/723
f 724/724 714/714 722/722
f 714/714 724/724 710/710
f 722/722 720/720 725/725
f 723/723 725/725 720/720
f 724/724 722/722 726/726
f 725/725 726/726 722/722
f 727/727 710/710 724/724
f 726/726 728/728 724/724
f 727/727 724/724 728/728
f 710/710 727/727 729/729
f 729/729 702/702 710/710
f 702/702 729/729 707/707
f 730/730 729/729 727/727
f 731/731 707/707 729/729
f 729/729 730/730 731/731
f 730/730 727/727 732/732
f 728/728 732/732 727/727
f 733/733 731/731 730/730
f 732/732 734/734 730/730
f 733/733 730/730 734/734
f 732/732 728/728 735/735
f 734/734 732/732 736/736
f 735/735 736/736 732/732
f 737/737 735/735 728/728
f 728/728 726/726 737/737
f 738/738 737/737 726/726
f 726/726 725/725 738/738
f 735/735 737/737 739/739
f 740/740 738/738 725/725
f 725/725 723/723 740/740
f 737/737 738/738 741/741
f 741/741 739/739 737/737
f 738/738 740/740 742/742
f 742/742 741/741 738/738
f 743/743 740/740 723/723
f 739/739 744/744 735/735
f 736/736 735/735 744/744
f 739/739 741/741 745/745
f 744/744 739/739 746/746
f 745/745 746/746 739/739
f 747/747 745/745 741/741
f 741/741 742/742 747/747
f 748/748 742/742 740/740
f 740/740 743/743 748/748
f 749/749 747/747 742/742
f 742/742 748/748 749/749
f 745/745 747/747 750/750
f 747/747 749/749 751/751
f 751/751 750/750 747/747
f 751/751 752/752 750/750
f 752/752 751/751 753/753
f 754/754 750/750 752/752
f 755/755 753/753 751/751
f 755/755 751/751 749/749
f 753/753 755/755 756/756
f 750/750 754/754 757/757
f 750/750 757/757 745/745
f 758/758 757/757 754/754
f 746/746 745/745 757/757
f 757/757 758/758 759/759
f 757/757 759/759 746/746
f 760/760 759/759 758/758
f 761/761 746/746 759/759
f 746/746 761/761 744/744
f 759/759 760/760 762/762
f 759/759 762/762 761/761
f 763/763 762/762 760/760
f 764/764 744/744 761/761
f 744/744 764/764 736/736
f 765/765 761/761 762/762
f 761/761 765/765 764/764
f 762/762 763/763 766/766
f 762/762 766/766 765/765
f 767/767 766/766 763/763
f 768/768 736/736 764/764
f 736/736 768/768 734/734
f 769/769 764/764 765/765
f 764/764 769/769 768/768
f 770/770 765/765 766/766
f 765/765 770/770 769/769
f 766/766 767/767 771/771
f 766/766 771/771 770/770
f 772/772 771/771 767/767
f 773/773 734/734 768/768
f 734/734 773/773 733/733
f 774/774 768/768 769/769
f 768/768 774/774 773/773
f 775/775 769/769 770/770
f 769/769 775/775 774/774
f 776/776 770/770 771/771
f 770/770 776/776 775/775
f 771/771 772/772 777/777
f 771/771 777/777 776/776
f 778/778 777/777 772/772
f 777/777 778/778 779/779
f 780/780 779/779 778/778
f 781/781 776/776 777/777
f 777/777 779/779 781/781
f 782/782 775/775 776/776
f 776/776 781/781 782/782
f 779/779 780/780 783/783
f 775/775 782/782 784/784
f 784/784 774/774 775/775
f 785/785 783/783 780/780
f 786/786 781/781 779/779
f 779/779 783/783 786/786
f 787/787 782/782 781/781
f 781/781 786/786 787/787
f 783/783 785/785 788/788
f 782/782 787/787 789/789
f 789/789 784/784 782/782
f 790/790 788/788 785/785
f 791/791 786/786 783/783
f 783/783 788/788 791/791
f 792/792 787/787 786/786
f 786/786 791/791 792/792
f 788/788 790/790 793/793
f 787/787 792/792 794/794
f 794/794 789/789 787/787
f 795/795 793/793 790/790
f 796/796 791/791 788/788
f 788/788 793/793 796/796
f 797/797 792/792 791/791
f 791/791 796/796 797/797
f 793/793 795/795 798/798
f 792/792 797/797 799/799
f 799/799 794/794 792/792
f 800/800 798/798 795/795
f 801/801 796/796 793/793
f 793/793 798/798 801/801
f 802/802 797/797 796/796
f 796/796 801/801 802/802
f 798/798 800/800 803/803
f 797/797 802/802 804/804
f 804/804 799/799 797/797
f 805/805 803/803 800/800
f 806/806 801/801 798/798
f 798/798 803/803 806/806
f 807/807 802/802 801/801
f 801/801 806/806 807/807
f 803/803 805/805 808/808
f 802/802 807/807 809/809
f 809/809 804/804 802/802
f 810/810 808/808 805/805
f 811/811 806/806 803/803
f 803/803 808/808 811/811
f 812/812 807/807 806/806
f 806/806 811/811 812/812
f 808/808 810/810 813/813
f 807/807 812/812 814/814
f 814/814 809/809 807/807
f 815/815 813/813 810/810
f 816/816 811/811 808/808
f 808/808 813/813 816/816
f 817/817 812/812 811/811
f 811/811 816/816 817/817
f 813/813 815/815 818/818
f 812/812 817/817 819/819
f 819/819 814/814 812/812
f 820/820 818/818 815/815
f 821/821 816/816 813/813
f 813/813 818/818 821/821
f 822/822 817/817 816/816
f 816/816 821/821 822/822
f 818/818 820/820 823/823
f 817/817 822/822 824/824
f 824/824 819/819 817/817
f 825/825 823/823 820/820
f 826/826 821/821 818/818
f 818/818 823/823 826/826
f 827/827 822/822 821/821
f 821/821 826/826 827/827
f 823/823 825/825 828/828
f 822/822 827/827 829/829
f 829/829 824/824 822/822
f 830/830 828/828 825/825
f 831/831 826/826 823/823
f 823/823 828/828 831/831
f 832/832 827/827 826/826
f 826/826 831/831 832/832
f 828/828 830/830 833/833
f 827/827 832/832 834/834
f 834/834 829/829 827/827
f 835/835 833/833 830/830
f 836/836 831/831 828/828
f 828/828 833/833 836/836
f 837/837 832/832 831/831
f 831/831 836/836 837/837
f 833/833 835/835 838/838
f 832/832 837/837 839/839
f 839/839 834/834 832/832
f 840/840 838/838 835/835
f 841/841 836/836 833/833
f 833/833 838/838 841/841
f 842/842 837/837 836/836
f 836/836 841/841 842/842
f 838/838 840/840 843/843
f 837/837 842/842 844/844
f 844/844 839/839 837/837
f 845/845 843/843 840/840
f 846/846 841/841 838/838
f 838/838 843/843 846/846
f 847/847 842/842 841/841
f 841/841 846/846 847/847
f 843/843 845/845 848/848
f 842/842 847/847 849/849
f 849/849 844/844 842/842
f 850/850 848/848 845/845
f 851/851 846/846 843/843
f 843/843 848/848 851/851
f 852/852 847/847 846/846
f 846/846 851/851 852/852
f 848/848 850/850 853/853
f 402/402 853/853 850/850
f 853/853 402/402 401/401
f 848/848 853/853 854/854
f 854/854 851/851 848/848
f 853/853 401/401 855/855
f 855/855 854/854 853/853
f 403/403 855/855 401/401
f 855/855 403/403 408/408
f 856/856 852/852 851/851
f 851/851 854/854 856/856
f 854/854 855/855 857/857
f 857/857 856/856 854/854
f 408/408 857/857 855/855
f 857/857 408/408 858/858
f 412/412 858/858 408/408
f 856/856 857/857 859/859
f 858/858 859/859 857/857
f 852/852 856/856 860/860
f 859/859 860/860 856/856
f 860/860 861/861 852/852
f 847/847 852/852 861/861
f 861/861 849/849 847/847
f 858/858 412/412 862/862
f 413/413 862/862 412/412
f 859/859 858/858 863/863
f 862/862 863/863 858/858
f 863/863 864/864 859/859
f 860/860 859/859 864/864
f 862/862 413/413 865/865
f 420/420 865/865 413/413
f 863/863 862/862 866/866
f 865/865 866/866 862/862
f 864/864 863/863 867/867
f 866/866 867/867 863/863
f 864/864 868/868 860/860
f 861/861 860/860 868/868
f 867/867 869/869 864/864
f 868/868 864/864 869/869
f 866/866 870/870 867/867
f 867/867 871/871 869/869
f 871/871 867/867 870/870
f 868/868 872/872 861/861
f 849/849 861/861 872/872
f 869/869 873/873 868/868
f 872/872 868/868 873/873
f 874/874 869/869 871/871
f 869/869 874/874 873/873
f 872/872 875/875 849/849
f 844/844 849/849 875/875
f 873/873 876/876 872/872
f 875/875 872/872 876/876
f 877/877 873/873 874/874
f 873/873 877/877 876/876
f 875/875 878/878 844/844
f 839/839 844/844 878/878
f 876/876 879/879 875/875
f 878/878 875/875 879/879
f 880/880 876/876 877/877
f 876/876 880/880 879/879
f 878/878 881/881 839/839
f 834/834 839/839 881/881
f 879/879 882/882 878/878
f 881/881 878/878 882/882
f 883/883 879/879 880/880
f 879/879 883/883 882/882
f 881/881 884/884 834/834
f 829/829 834/834 884/884
f 882/882 885/885 881/881
f 884/884 881/881 885/885
f 886/886 882/882 883/883
f 882/882 886/886 885/885
f 880/880 887/887 883/883
f 884/884 888/888 829/829
f 883/883 889/889 886/886
f 889/889 883/883 887/887
f 824/824 829/829 888/888
f 885/885 890/890 884/884
f 888/888 884/884 890/890
f 891/891 885/885 886/886
f 885/885 891/891 890/890
f 886/886 892/892 891/891
f 892/892 886/886 889/889
f 888/888 893/893 824/824
f 819/819 824/824 893/893
f 890/890 894/894 888/888
f 893/893 888/888 894/894
f 892/892 889/889 895/895
f 895/895 896/896 892/892
f 889/889 897/897 895/895
f 896/896 898/898 892/892
f 898/898 891/891 892/892
f 896/896 899/899 898/898
f 898/898 899/899 900/900
f 889/889 901/901 897/897
f 901/901 902/902 897/897
f 901/901 903/903 902/902
f 889/889 887/887 901/901
f 904/904 898/898 900/900
f 905/905 904/904 900/900
f 891/891 898/898 906/906
f 904/904 906/906 898/898
f 906/906 890/890 891/891
f 890/890 906/906 894/894
f 904/904 905/905 907/907
f 906/906 904/904 908/908
f 908/908 894/894 906/906
f 907/907 908/908 904/904
f 905/905 909/909 907/907
f 894/894 908/908 910/910
f 909/909 911/911 907/907
f 909/909 912/912 911/911
f 894/894 910/910 893/893
f 912/912 913/913 911/911
f 914/914 893/893 910/910
f 893/893 914/914 819/819
f 814/814 819/819 914/914
f 914/914 915/915 814/814
f 809/809 814/814 915/915
f 910/910 916/916 914/914
f 915/915 914/914 916/916
f 910/910 917/917 916/916
f 917/917 910/910 908/908
f 908/908 907/907 917/917
f 915/915 918/918 809/809
f 804/804 809/809 918/918
f 916/916 919/919 915/915
f 918/918 915/915 919/919
f 920/920 916/916 917/917
f 916/916 920/920 919/919
f 921/921 917/917 907/907
f 917/917 921/921 920/920
f 907/907 911/911 921/921
f 918/918 922/922 804/804
f 799/799 804/804 922/922
f 919/919 923/923 918/918
f 922/922 918/918 923/923
f 924/924 919/919 920/920
f 919/919 924/924 923/923
f 925/925 920/920 921/921
f 920/920 925/925 924/924
f 921/921 926/926 925/925
f 921/921 911/911 926/926
f 927/927 924/924 925/925
f 928/928 923/923 924/924
f 924/924 927/927 928/928
f 923/923 928/928 929/929
f 923/923 929/929 922/922
f 930/930 922/922 929/929
f 922/922 930/930 799/799
f 794/794 799/799 930/930
f 930/930 931/931 794/794
f 789/789 794/794 931/931
f 929/929 932/932 930/930
f 931/931 930/930 932/932
f 933/933 929/929 928/928
f 929/929 933/933 932/932
f 928/928 934/934 933/933
f 934/934 928/928 927/927
f 931/931 935/935 789/789
f 784/784 789/789 935/935
f 932/932 936/936 931/931
f 935/935 931/931 936/936
f 937/937 932/932 933/933
f 932/932 937/937 936/936
f 933/933 938/938 937/937
f 938/938 933/933 934/934
f 935/935 939/939 784/784
f 774/774 784/784 939/939
f 939/939 773/773 774/774
f 939/939 935/935 940/940
f 936/936 940/940 935/935
f 773/773 939/939 941/941
f 940/940 941/941 939/939
f 941/941 733/733 773/773
f 936/936 942/942 940/940
f 942/942 936/936 937/937
f 940/940 943/943 941/941
f 943/943 940/940 942/942
f 941/941 944/944 733/733
f 944/944 941/941 943/943
f 731/731 733/733 944/944
f 937/937 945/945 942/942
f 943/943 946/946 944/944
f 942/942 947/947 943/943
f 947/947 942/942 945/945
f 946/946 943/943 947/947
f 945/945 937/937 938/938
f 944/944 948/948 731/731
f 948/948 944/944 946/946
f 707/707 731/731 948/948
f 947/947 949/949 946/946
f 949/949 947/947 950/950
f 947/947 945/945 950/950
f 949/949 951/951 946/946
f 945/945 952/952 950/950
f 953/953 952/952 945/945
f 953/953 945/945 938/938
f 954/954 953/953 938/938
f 938/938 934/934 954/954
f 934/934 955/955 954/954
f 951/951 956/956 946/946
f 946/946 956/956 948/948
f 951/951 957/957 956/956
f 957/957 958/958 956/956
f 934/934 959/959 955/955
f 959/959 960/960 955/955
f 934/934 927/927 959/959
f 959/959 961/961 960/960
f 958/958 962/962 956/956
f 958/958 963/963 962/962
f 948/948 956/956 666/666
f 956/956 962/962 666/666
f 948/948 666/666 707/707
f 665/665 707/707 666/666
f 962/962 658/658 666/666
f 963/963 964/964 962/962
f 658/658 962/962 659/659
f 964/964 965/965 962/962
f 965/965 659/659 962/962
f 964/964 966/966 965/965
f 966/966 967/967 965/965
f 966/966 968/968 967/967
f 659/659 965/965 969/969
f 967/967 969/969 965/965
f 969/969 655/655 659/659
f 967/967 968/968 970/970
f 655/655 969/969 971/971
f 971/971 653/653 655/655
f 969/969 967/967 972/972
f 972/972 971/971 969/969
f 973/973 967/967 970/970
f 973/973 972/972 967/967
f 974/974 973/973 970/970
f 653/653 971/971 975/975
f 975/975 652/652 653/653
f 971/971 972/972 976/976
f 976/976 975/975 971/971
f 972/972 973/973 977/977
f 977/977 976/976 972/972
f 978/978 973/973 974/974
f 978/978 977/977 973/973
f 978/978 974/974 979/979
f 978/978 979/979 961/961
f 959/959 978/978 961/961
f 959/959 980/980 978/978
f 927/927 980/980 959/959
f 977/977 978/978 981/981
f 980/980 981/981 978/978
f 981/981 982/982 977/977
f 976/976 977/977 982/982
f 980/980 927/927 983/983
f 925/925 983/983 927/927
f 983/983 925/925 926/926
f 983/983 984/984 980/980
f 983/983 926/926 984/984
f 981/981 980/980 984/984
f 982/982 985/985 976/976
f 975/975 976/976 985/985
f 982/982 981/981 986/986
f 984/984 986/986 981/981
f 985/985 982/982 987/987
f 986/986 987/987 982/982
f 985/985 988/988 975/975
f 652/652 975/975 988/988
f 988/988 651/651 652/652
f 988/988 985/985 989/989
f 987/987 989/989 985/985
f 651/651 988/988 990/990
f 989/989 990/990 988/988
f 990/990 561/561 651/651
f 990/990 991/991 561/561
f 557/557 561/561 991/991
f 991/991 558/558 557/557
f 991/991 990/990 992/992
f 989/989 992/992 990/990
f 558/558 991/991 993/993
f 992/992 993/993 991/991
f 993/993 994/994 558/558
f 553/553 558/558 994/994
f 992/992 989/989 995/995
f 987/987 995/995 989/989
f 993/993 992/992 996/996
f 995/995 996/996 992/992
f 994/994 993/993 997/997
f 996/996 997/997 993/993
f 994/994 998/998 553/553
f 548/548 553/553 998/998
f 998/998 550/550 548/548
f 998/998 994/994 999/999
f 997/997 999/999 994/994
f 550/550 998/998 1000/1000
f 999/999 1000/1000 998/998
f 1000/1000 1001/1001 550/550
f 545/545 550/550 1001/1001
f 1000/1000 999/999 1002/1002
f 1001/1001 1003/1003 545/545
f 535/535 545/545 1003/1003
f 1003/1003 534/534 535/535
f 1001/1001 1000/1000 1004/1004
f 1002/1002 1004/1004 1000/1000
f 1003/1003 1001/1001 1005/1005
f 1004/1004 1005/1005 1001/1001
f 534/534 1003/1003 1006/1006
f 1005/1005 1006/1006 1003/1003
f 1006/1006 462/462 534/534
f 462/462 1006/1006 461/461
f 1007/1007 461/461 1006/1006
f 1006/1006 1005/1005 1007/1007
f 461/461 1007/1007 460/460
f 1005/1005 1004/1004 1008/1008
f 1008/1008 1007/1007 1005/1005
f 1009/1009 460/460 1007/1007
f 1007/1007 1008/1008 1009/1009
f 1010/1010 1008/1008 1004/1004
f 1004/1004 1002/1002 1010/1010
f 1011/1011 1009/1009 1008/1008
f 1008/1008 1010/1010 1011/1011
f 1011/1011 887/887 1009/1009
f 887/887 1011/1011 901/901
f 1012/1012 1009/1009 887/887
f 1009/1009 1012/1012 460/460
f 887/887 880/880 1012/1012
f 877/877 1012/1012 880/880
f 1013/1013 460/460 1012/1012
f 1012/1012 877/877 1013/1013
f 1013/1013 455/455 460/460
f 874/874 1013/1013 877/877
f 458/458 455/455 1013/1013
f 1013/1013 874/874 458/458
f 871/871 458/458 874/874
f 458/458 871/871 1014/1014
f 1014/1014 459/459 458/458
f 870/870 1014/1014 871/871
f 459/459 1014/1014 1015/1015
f 1014/1014 1016/1016 1015/1015
f 1014/1014 870/870 1016/1016
f 1016/1016 1017/1017 1015/1015
f 1018/1018 1017/1017 1016/1016
f 1019/1019 1016/1016 870/870
f 870/870 866/866 1019/1019
f 865/865 1019/1019 866/866
f 1018/1018 1016/1016 1020/1020
f 1016/1016 1019/1019 1020/1020
f 440/440 1018/1018 1020/1020
f 1020/1020 424/424 440/440
f 1021/1021 1020/1020 1019/1019
f 1019/1019 865/865 1021/1021
f 1020/1020 1021/1021 424/424
f 420/420 1021/1021 865/865
f 421/421 424/424 1021/1021
f 1021/1021 420/420 421/421
f 1022/1022 106/106 102/102
f 106/106 1022/1022 1023/1023
f 1023/1023 107/107 106/106
f 102/102 1024/1024 1022/1022
f 102/102 104/104 1024/1024
f 1025/1025 1024/1024 104/104
f 107/107 1023/1023 1026/1026
f 1026/1026 108/108 107/107
f 108/108 1026/1026 1027/1027
f 1024/1024 1025/1025 1028/1028
f 1029/1029 1028/1028 1025/1025
f 1024/1024 1028/1028 1030/1030
f 1030/1030 1022/1022 1024/1024
f 1028/1028 1029/1029 1031/1031
f 1032/1032 1031/1031 1029/1029
f 1033/1033 1030/1030 1028/1028
f 1028/1028 1031/1031 1033/1033
f 1022/1022 1030/1030 1034/1034
f 1034/1034 1023/1023 1022/1022
f 1030/1030 1033/1033 1035/1035
f 1035/1035 1034/1034 1030/1030
f 1031/1031 1032/1032 1036/1036
f 1037/1037 1036/1036 1032/1032
f 1038/1038 1033/1033 1031/1031
f 1031/1031 1036/1036 1038/1038
f 1039/1039 1035/1035 1033/1033
f 1033/1033 1038/1038 1039/1039
f 1036/1036 1037/1037 1040/1040
f 1041/1041 1040/1040 1037/1037
f 1042/1042 1038/1038 1036/1036
f 1036/1036 1040/1040 1042/1042
f 1043/1043 1039/1039 1038/1038
f 1038/1038 1042/1042 1043/1043
f 1040/1040 1041/1041 1044/1044
f 1045/1045 1044/1044 1041/1041
f 1046/1046 1042/1042 1040/1040
f 1040/1040 1044/1044 1046/1046
f 1047/1047 1043/1043 1042/1042
f 1042/1042 1046/1046 1047/1047
f 1044/1044 1045/1045 1048/1048
f 1049/1049 1048/1048 1045/1045
f 1050/1050 1046/1046 1044/1044
f 1044/1044 1048/1048 1050/1050
f 1051/1051 1047/1047 1046/1046
f 1046/1046 1050/1050 1051/1051
f 1048/1048 1049/1049 1052/1052
f 1053/1053 1052/1052 1049/1049
f 1054/1054 1050/1050 1048/1048
f 1048/1048 1052/1052 1054/1054
f 1055/1055 1051/1051 1050/1050
f 1050/1050 1054/1054 1055/1055
f 1051/1051 1055/1055 1056/1056
f 1052/1052 1053/1053 1057/1057
f 1058/1058 1057/1057 1053/1053
f 1059/1059 1054/1054 1052/1052
f 1052/1052 1057/1057 1059/1059
f 1060/1060 1055/1055 1054/1054
f 1054/1054 1059/1059 1060/1060
f 1061/1061 1056/1056 1055/1055
f 1055/1055 1060/1060 1061/1061
f 1056/1056 1061/1061 1062/1062
f 1057/1057 1058/1058 1063/1063
f 1064/1064 1063/1063 1058/1058
f 1065/1065 1059/1059 1057/1057
f 1057/1057 1063/1063 1065/1065
f 1066/1066 1060/1060 1059/1059
f 1059/1059 1065/1065 1066/1066
f 1067/1067 1061/1061 1060/1060
f 1060/1060 1066/1066 1067/1067
f 1068/1068 1062/1062 1061/1061
f 1061/1061 1067/1067 1068/1068
f 1062/1062 1068/1068 1069/1069
f 1070/1070 1069/1069 1068/1068
f 1069/1069 1070/1070 1071/1071
f 1072/1072 1068/1068 1067/1067
f 1068/1068 1072/1072 1070/1070
f 1073/1073 1067/1067 1066/1066
f 1067/1067 1073/1073 1072/1072
f 1066/1066 1074/1074 1073/1073
f 1074/1074 1066/1066 1065/1065
f 1075/1075 1071/1071 1070/1070
f 1071/1071 1075/1075 1076/1076
f 1077/1077 1070/1070 1072/1072
f 1070/1070 1077/1077 1075/1075
f 1078/1078 1072/1072 1073/1073
f 1072/1072 1078/1078 1077/1077
f 1073/1073 1079/1079 1078/1078
f 1079/1079 1073/1073 1074/1074
f 1080/1080 1076/1076 1075/1075
f 1076/1076 1080/1080 1081/1081
f 1082/1082 1075/1075 1077/1077
f 1075/1075 1082/1082 1080/1080
f 1083/1083 1077/1077 1078/1078
f 1077/1077 1083/1083 1082/1082
f 1078/1078 1084/1084 1083/1083
f 1084/1084 1078/1078 1079/1079
f 1085/1085 1081/1081 1080/1080
f 1081/1081 1085/1085 1086/1086
f 1087/1087 1080/1080 1082/1082
f 1080/1080 1087/1087 1085/1085
f 1088/1088 1082/1082 1083/1083
f 1082/1082 1088/1088 1087/1087
f 1083/1083 1089/1089 1088/1088
f 1089/1089 1083/1083 1084/1084
f 1090/1090 1086/1086 1085/1085
f 1086/1086 1090/1090 1091/1091
f 1092/1092 1085/1085 1087/1087
f 1085/1085 1092/1092 1090/1090
f 1093/1093 1087/1087 1088/1088
f 1087/1087 1093/1093 1092/1092
f 1088/1088 1094/1094 1093/1093
f 1094/1094 1088/1088 1089/1089
f 1095/1095 1091/1091 1090/1090
f 1091/1091 1095/1095 1096/1096
f 1097/1097 1090/1090 1092/1092
f 1090/1090 1097/1097 1095/1095
f 1098/1098 1092/1092 1093/1093
f 1092/1092 1098/1098 1097/1097
f 1093/1093 1099/1099 1098/1098
f 1099/1099 1093/1093 1094/1094
f 1100/1100 1096/1096 1095/1095
f 1096/1096 1100/1100 1101/1101
f 1102/1102 1095/1095 1097/1097
f 1095/1095 1102/1102 1100/1100
f 1103/1103 1097/1097 1098/1098
f 1097/1097 1103/1103 1102/1102
f 1098/1098 1104/1104 1103/1103
f 1104/1104 1098/1098 1099/1099
f 1105/1105 1101/1101 1100/1100
f 1101/1101 1105/1105 1106/1106
f 1107/1107 1100/1100 1102/1102
f 1100/1100 1107/1107 1105/1105
f 1105/1105 1108/1108 1106/1106
f 1106/1106 1108/1108 1109/1109
f 1110/1110 1105/1105 1107/1107
f 1110/1110 1108/1108 1105/1105
f 1111/1111 1109/1109 1108/1108
f 1108/1108 1112/1112 1111/1111
f 1113/1113 1111/1111 1112/1112
f 1110/1110 1114/1114 1108/1108
f 1114/1114 1112/1112 1108/1108
f 1107/1107 1115/1115 1110/1110
f 1114/1114 1110/1110 1115/1115
f 1102/1102 1116/1116 1107/1107
f 1115/1115 1107/1107 1116/1116
f 1116/1116 1102/1102 1103/1103
f 1112/1112 1117/1117 1113/1113
f 1118/1118 1113/1113 1117/1117
f 1120/1120 1118/1118 1119/1119
f 1117/1117 1119/1119 1118/1118
f 1103/1103 1121/1121 1116/1116
f 1121/1121 1103/1103 1104/1104
f 1122/1122 1116/1116 1121/1121
f 1116/1116 1122/1122 1115/1115
f 1123/1123 1119/1119 1117/1117
f 1124/1124 1119/1119 1123/1123
f 1124/1124 1123/1123 1125/1125
f 1126/1126 1125/1125 1123/1123
f 1125/1125 1126/1126 1127/1127
f 1128/1128 1123/1123 1117/1117
f 1123/1123 1128/1128 1126/1126
f 1128/1128 1117/1117 1129/1129
f 1129/1129 1117/1117 1112/1112
f 1130/1130 1126/1126 1128/1128
f 1128/1128 1129/1129 1130/1130
f 1131/1131 1127/1127 1126/1126
f 1126/1126 1130/1130 1131/1131
f 1127/1127 1131/1131 1132/1132
f 1133/1133 1129/1129 1112/1112
f 1133/1133 1112/1112 1114/1114
f 1134/1134 1130/1130 1129/1129
f 1129/1129 1133/1133 1134/1134
f 1133/1133 1114/1114 1135/1135
f 1135/1135 1134/1134 1133/1133
f 1115/1115 1135/1135 1114/1114
f 1135/1135 1115/1115 1122/1122
f 1136/1136 1131/1131 1130/1130
f 1130/1130 1134/1134 1136/1136
f 1134/1134 1135/1135 1137/1137
f 1137/1137 1136/1136 1134/1134
f 1122/1122 1137/1137 1135/1135
f 1138/1138 1132/1132 1131/1131
f 1131/1131 1136/1136 1138/1138
f 1132/1132 1138/1138 1139/1139
f 1136/1136 1137/1137 1140/1140
f 1140/1140 1138/1138 1136/1136
f 1137/1137 1122/1122 1141/1141
f 1141/1141 1140/1140 1137/1137
f 1121/1121 1141/1141 1122/1122
f 1142/1142 1139/1139 1138/1138
f 1138/1138 1140/1140 1142/1142
f 1139/1139 1142/1142 1143/1143
f 1140/1140 1141/1141 1144/1144
f 1144/1144 1142/1142 1140/1140
f 1141/1141 1121/1121 1145/1145
f 1145/1145 1144/1144 1141/1141
f 1104/1104 1145/1145 1121/1121
f 1146/1146 1143/1143 1142/1142
f 1142/1142 1144/1144 1146/1146
f 1143/1143 1146/1146 1147/1147
f 1144/1144 1145/1145 1148/1148
f 1148/1148 1146/1146 1144/1144
f 1145/1145 1104/1104 1149/1149
f 1149/1149 1148/1148 1145/1145
f 1099/1099 1149/1149 1104/1104
f 1150/1150 1147/1147 1146/1146
f 1146/1146 1148/1148 1150/1150
f 1147/1147 1150/1150 1151/1151
f 1148/1148 1149/1149 1152/1152
f 1152/1152 1150/1150 1148/1148
f 1149/1149 1099/1099 1153/1153
f 1153/1153 1152/1152 1149/1149
f 1094/1094 1153/1153 1099/1099
f 1154/1154 1151/1151 1150/1150
f 1150/1150 1152/1152 1154/1154
f 1151/1151 1154/1154 1155/1155
f 1152/1152 1153/1153 1156/1156
f 1156/1156 1154/1154 1152/1152
f 1153/1153 1094/1094 1157/1157
f 1157/1157 1156/1156 1153/1153
f 1089/1089 1157/1157 1094/1094
f 1158/1158 1155/1155 1154/1154
f 1154/1154 1156/1156 1158/1158
f 1155/1155 1158/1158 1159/1159
f 1156/1156 1157/1157 1160/1160
f 1160/1160 1158/1158 1156/1156
f 1157/1157 1089/1089 1161/1161
f 1161/1161 1160/1160 1157/1157
f 1084/1084 1161/1161 1089/1089
f 1162/1162 1159/1159 1158/1158
f 1158/1158 1160/1160 1162/1162
f 1159/1159 1162/1162 1163/1163
f 1160/1160 1161/1161 1164/1164
f 1164/1164 1162/1162 1160/1160
f 1161/1161 1084/1084 1165/1165
f 1165/1165 1164/1164 1161/1161
f 1079/1079 1165/1165 1084/1084
f 1162/1162 1164/1164 1166/1166
f 1166/1166 1163/1163 1162/1162
f 1164/1164 1165/1165 1167/1167
f 1167/1167 1166/1166 1164/1164
f 1165/1165 1079/1079 1168/1168
f 1168/1168 1167/1167 1165/1165
f 1074/1074 1168/1168 1079/1079
f 1168/1168 1074/1074 1169/1169
f 1065/1065 1169/1169 1074/1074
f 1169/1169 1065/1065 1063/1063
f 1169/1169 1170/1170 1168/1168
f 1167/1167 1168/1168 1170/1170
f 1063/1063 1171/1171 1169/1169
f 1170/1170 1169/1169 1171/1171
f 1063/1063 1064/1064 1171/1171
f 1172/1172 1171/1171 1064/1064
f 1171/1171 1172/1172 1173/1173
f 1171/1171 1173/1173 1170/1170
f 1174/1174 1173/1173 1172/1172
f 1170/1170 1175/1175 1167/1167
f 1175/1175 1170/1170 1173/1173
f 1166/1166 1167/1167 1175/1175
f 1173/1173 1174/1174 1176/1176
f 1173/1173 1176/1176 1175/1175
f 1177/1177 1176/1176 1174/1174
f 1175/1175 1178/1178 1166/1166
f 1178/1178 1175/1175 1176/1176
f 1163/1163 1166/1166 1178/1178
f 1176/1176 1177/1177 1179/1179
f 1176/1176 1179/1179 1178/1178
f 1180/1180 1179/1179 1177/1177
f 1178/1178 1181/1181 1163/1163
f 1181/1181 1178/1178 1179/1179
f 1179/1179 1180/1180 1182/1182
f 1179/1179 1182/1182 1181/1181
f 1183/1183 1182/1182 1180/1180
f 1184/1184 1163/1163 1181/1181
f 1163/1163 1184/1184 1185/1185
f 1186/1186 1181/1181 1182/1182
f 1181/1181 1186/1186 1184/1184
f 1182/1182 1183/1183 1187/1187
f 1182/1182 1187/1187 1186/1186
f 1188/1188 1187/1187 1183/1183
f 1189/1189 1185/1185 1184/1184
f 1185/1185 1189/1189 1190/1190
f 1191/1191 1184/1184 1186/1186
f 1184/1184 1191/1191 1189/1189
f 1192/1192 1186/1186 1187/1187
f 1186/1186 1192/1192 1191/1191
f 1187/1187 1188/1188 1193/1193
f 1187/1187 1193/1193 1192/1192
f 1194/1194 1193/1193 1188/1188
f 1195/1195 1190/1190 1189/1189
f 1190/1190 1195/1195 1196/1196
f 1197/1197 1189/1189 1191/1191
f 1189/1189 1197/1197 1195/1195
f 1198/1198 1191/1191 1192/1192
f 1191/1191 1198/1198 1197/1197
f 1199/1199 1192/1192 1193/1193
f 1192/1192 1199/1199 1198/1198
f 1193/1193 1194/1194 1200/1200
f 1193/1193 1200/1200 1199/1199
f 1201/1201 1200/1200 1194/1194
f 1200/1200 1201/1201 1202/1202
f 1203/1203 1202/1202 1201/1201
f 1204/1204 1199/1199 1200/1200
f 1200/1200 1202/1202 1204/1204
f 1205/1205 1198/1198 1199/1199
f 1199/1199 1204/1204 1205/1205
f 1202/1202 1203/1203 1206/1206
f 1198/1198 1205/1205 1207/1207
f 1207/1207 1197/1197 1198/1198
f 1208/1208 1206/1206 1203/1203
f 1206/1206 1208/1208 1209/1209
f 1210/1210 1209/1209 1208/1208
f 1202/1202 1206/1206 1211/1211
f 1211/1211 1204/1204 1202/1202
f 1206/1206 1209/1209 1212/1212
f 1212/1212 1211/1211 1206/1206
f 1213/1213 1212/1212 1209/1209
f 1204/1204 1211/1211 1214/1214
f 1214/1214 1205/1205 1204/1204
f 1211/1211 1212/1212 1215/1215
f 1215/1215 1214/1214 1211/1211
f 1212/1212 1213/1213 1216/1216
f 1216/1216 1215/1215 1212/1212
f 1217/1217 1216/1216 1213/1213
f 1205/1205 1214/1214 1218/1218
f 1218/1218 1207/1207 1205/1205
f 1214/1214 1215/1215 1219/1219
f 1219/1219 1218/1218 1214/1214
f 1215/1215 1216/1216 1220/1220
f 1220/1220 1219/1219 1215/1215
f 1216/1216 1217/1217 1221/1221
f 1221/1221 1220/1220 1216/1216
f 1222/1222 1221/1221 1217/1217
f 1221/1221 1222/1222 1223/1223
f 1224/1224 1223/1223 1222/1222
f 1220/1220 1221/1221 1225/1225
f 1223/1223 1225/1225 1221/1221
f 1219/1219 1220/1220 1226/1226
f 1225/1225 1226/1226 1220/1220
f 1226/1226 1227/1227 1219/1219
f 1218/1218 1219/1219 1227/1227
f 1223/1223 1224/1224 1228/1228
f 1229/1229 1228/1228 1224/1224
f 1225/1225 1223/1223 1230/1230
f 1228/1228 1230/1230 1223/1223
f 1226/1226 1225/1225 1231/1231
f 1230/1230 1231/1231 1225/1225
f 1227/1227 1226/1226 1232/1232
f 1231/1231 1232/1232 1226/1226
f 1228/1228 1229/1229 1233/1233
f 1234/1234 1233/1233 1229/1229
f 1230/1230 1228/1228 1235/1235
f 1233/1233 1235/1235 1228/1228
f 1231/1231 1230/1230 1236/1236
f 1235/1235 1236/1236 1230/1230
f 1232/1232 1231/1231 1237/1237
f 1236/1236 1237/1237 1231/1231
f 1233/1233 1234/1234 1238/1238
f 1239/1239 1238/1238 1234/1234
f 1235/1235 1233/1233 1240/1240
f 1238/1238 1240/1240 1233/1233
f 1236/1236 1235/1235 1241/1241
f 1240/1240 1241/1241 1235/1235
f 1237/1237 1236/1236 1242/1242
f 1241/1241 1242/1242 1236/1236
f 1238/1238 1239/1239 1243/1243
f 1244/1244 1243/1243 1239/1239
f 1240/1240 1238/1238 1245/1245
f 1243/1243 1245/1245 1238/1238
f 1241/1241 1240/1240 1246/1246
f 1245/1245 1246/1246 1240/1240
f 1242/1242 1241/1241 1247/1247
f 1246/1246 1247/1247 1241/1241
f 1243/1243 1244/1244 1248/1248
f 1249/1249 1248/1248 1244/1244
f 1245/1245 1243/1243 1250/1250
f 1248/1248 1250/1250 1243/1243
f 1246/1246 1245/1245 1251/1251
f 1250/1250 1251/1251 1245/1245
f 1247/1247 1246/1246 1252/1252
f 1251/1251 1252/1252 1246/1246
f 1248/1248 1249/1249 1253/1253
f 1254/1254 1253/1253 1249/1249
f 1250/1250 1248/1248 1255/1255
f 1253/1253 1255/1255 1248/1248
f 1251/1251 1250/1250 1256/1256
f 1255/1255 1256/1256 1250/1250
f 1252/1252 1251/1251 1257/1257
f 1256/1256 1257/1257 1251/1251
f 1253/1253 1254/1254 1258/1258
f 1259/1259 1258/1258 1254/1254
f 1255/1255 1253/1253 1260/1260
f 1258/1258 1260/1260 1253/1253
f 1256/1256 1255/1255 1261/1261
f 1260/1260 1261/1261 1255/1255
f 1257/1257 1256/1256 1262/1262
f 1261/1261 1262/1262 1256/1256
f 1258/1258 1259/1259 1263/1263
f 1264/1264 1263/1263 1259/1259
f 1264/1264 1265/1265 1263/1263
f 1263/1263 1266/1266 1258/1258
f 1260/1260 1258/1258 1266/1266
f 1263/1263 1265/1265 1267/1267
f 1266/1266 1263/1263 1267/1267
f 1269/1269 1268/1268 1265/1265
f 1267/1267 1265/1265 1268/1268
f 1268/1268 1270/1270 1267/1267
f 1266/1266 1271/1271 1260/1260
f 1266/1266 1267/1267 1271/1271
f 1261/1261 1260/1260 1271/1271
f 1272/1272 1267/1267 1270/1270
f 1271/1271 1267/1267 1272/1272
f 1270/1270 1273/1273 1272/1272
f 1271/1271 1274/1274 1261/1261
f 1274/1274 1271/1271 1272/1272
f 1262/1262 1261/1261 1274/1274
f 1275/1275 1272/1272 1273/1273
f 1273/1273 1276/1276 1275/1275
f 1274/1274 1272/1272 1277/1277
f 1274/1274 1277/1277 1262/1262
f 1277/1277 1272/1272 1275/1275
f 1278/1278 1275/1275 1276/1276
f 1279/1279 1262/1262 1277/1277
f 1262/1262 1279/1279 1257/1257
f 1280/1280 1277/1277 1275/1275
f 1277/1277 1280/1280 1279/1279
f 1281/1281 1275/1275 1278/1278
f 1280/1280 1275/1275 1281/1281
f 1282/1282 1281/1281 1278/1278
f 1283/1283 1279/1279 1280/1280
f 1280/1280 1281/1281 1283/1283
f 1284/1284 1257/1257 1279/1279
f 1279/1279 1283/1283 1284/1284
f 1257/1257 1284/1284 1252/1252
f 1281/1281 1282/1282 1285/1285
f 1285/1285 1283/1283 1281/1281
f 1286/1286 1285/1285 1282/1282
f 1287/1287 1284/1284 1283/1283
f 1283/1283 1285/1285 1287/1287
f 1288/1288 1252/1252 1284/1284
f 1284/1284 1287/1287 1288/1288
f 1252/1252 1288/1288 1247/1247
f 1285/1285 1286/1286 1289/1289
f 1289/1289 1287/1287 1285/1285
f 1290/1290 1289/1289 1286/1286
f 1291/1291 1288/1288 1287/1287
f 1287/1287 1289/1289 1291/1291
f 1292/1292 1247/1247 1288/1288
f 1288/1288 1291/1291 1292/1292
f 1247/1247 1292/1292 1242/1242
f 1289/1289 1290/1290 1293/1293
f 1293/1293 1291/1291 1289/1289
f 1294/1294 1293/1293 1290/1290
f 1295/1295 1292/1292 1291/1291
f 1291/1291 1293/1293 1295/1295
f 1296/1296 1242/1242 1292/1292
f 1292/1292 1295/1295 1296/1296
f 1242/1242 1296/1296 1237/1237
f 1293/1293 1294/1294 1297/1297
f 1297/1297 1295/1295 1293/1293
f 1298/1298 1297/1297 1294/1294
f 1299/1299 1296/1296 1295/1295
f 1295/1295 1297/1297 1299/1299
f 1300/1300 1237/1237 1296/1296
f 1296/1296 1299/1299 1300/1300
f 1237/1237 1300/1300 1232/1232
f 1297/1297 1298/1298 1301/1301
f 1301/1301 1299/1299 1297/1297
f 1302/1302 1301/1301 1298/1298
f 1303/1303 1300/1300 1299/1299
f 1299/1299 1301/1301 1303/1303
f 1304/1304 1232/1232 1300/1300
f 1300/1300 1303/1303 1304/1304
f 1232/1232 1304/1304 1227/1227
f 1301/1301 1302/1302 1305/1305
f 1305/1305 1303/1303 1301/1301
f 1306/1306 1305/1305 1302/1302
f 1307/1307 1304/1304 1303/1303
f 1303/1303 1305/1305 1307/1307
f 1308/1308 1227/1227 1304/1304
f 1304/1304 1307/1307 1308/1308
f 1227/1227 1308/1308 1218/1218
f 1207/1207 1218/1218 1308/1308
f 1305/1305 1306/1306 1309/1309
f 1309/1309 1307/1307 1305/1305
f 1196/1196 1309/1309 1306/1306
f 1309/1309 1196/1196 1195/1195
f 1308/1308 1310/1310 1207/1207
f 1310/1310 1308/1308 1307/1307
f 1307/1307 1309/1309 1310/1310
f 1195/1195 1310/1310 1309/1309
f 1197/1197 1207/1207 1310/1310
f 1310/1310 1195/1195 1197/1197
f 307/307 320/320 312/312
f 307/307 1311/1311 320/320
f 1312/1312 1311/1311 307/307
f 1311/1311 1313/1313 320/320
f 1314/1314 1312/1312 307/307
f 1313/1313 1315/1315 320/320
f 302/302 1314/1314 307/307
f 1315/1315 1316/1316 320/320
f 1317/1317 1314/1314 302/302
f 1315/1315 1318/1318 1316/1316
f 1319/1319 1317/1317 302/302
f 1320/1320 1316/1316 1318/1318
f 302/302 297/297 1319/1319
f 1321/1321 1316/1316 1320/1320
f 1322/1322 1319/1319 297/297
f 1323/1323 1321/1321 1320/1320
f 1322/1322 297/297 1324/1324
f 1323/1323 1325/1325 1321/1321
f 297/297 292/292 1324/1324
f 1326/1326 1321/1321 1325/1325
f 1324/1324 292/292 1327/1327
f 1325/1325 1328/1328 1326/1326
f 1329/1329 1327/1327 292/292
f 1328/1328 1330/1330 1326/1326
f 292/292 277/277 1329/1329
f 278/278 1326/1326 1330/1330
f 1329/1329 277/277 1331/1331
f 1332/1332 278/278 1330/1330
f 1331/1331 277/277 1333/1333
f 277/277 278/278 1333/1333
f 1333/1333 278/278 1332/1332
f 749/749 1334/1334 755/755
f 1334/1334 749/749 748/748
f 1335/1335 755/755 1334/1334
f 1335/1335 756/756 755/755
f 756/756 1335/1335 1336/1336
f 748/748 1337/1337 1334/1334
f 1337/1337 748/748 743/743
f 1334/1334 1338/1338 1335/1335
f 1338/1338 1334/1334 1337/1337
f 1339/1339 1336/1336 1335/1335
f 1339/1339 1335/1335 1338/1338
f 1336/1336 1339/1339 1340/1340
f 1341/1341 1340/1340 1339/1339
f 1340/1340 1341/1341 1342/1342
f 1338/1338 1343/1343 1339/1339
f 1341/1341 1339/1339 1343/1343
f 1337/1337 1344/1344 1338/1338
f 1343/1343 1338/1338 1344/1344
f 1344/1344 1337/1337 1345/1345
f 743/743 1345/1345 1337/1337
f 1346/1346 1342/1342 1341/1341
f 1342/1342 1346/1346 1347/1347
f 1348/1348 1347/1347 1346/1346
f 1348/1348 1346/1346 1349/1349
f 1346/1346 1341/1341 1350/1350
f 1350/1350 1349/1349 1346/1346
f 1343/1343 1350/1350 1341/1341
f 1349/1349 1350/1350 1351/1351
f 1350/1350 1343/1343 1352/1352
f 1352/1352 1351/1351 1350/1350
f 1344/1344 1352/1352 1343/1343
f 1351/1351 1352/1352 1353/1353
f 1352/1352 1344/1344 1354/1354
f 1354/1354 1353/1353 1352/1352
f 1345/1345 1354/1354 1344/1344
f 1353/1353 1354/1354 1355/1355
f 1356/1356 1355/1355 1354/1354
f 1354/1354 1345/1345 1356/1356
f 1355/1355 1356/1356 1357/1357
f 1358/1358 1356/1356 1345/1345
f 1345/1345 743/743 1358/1358
f 723/723 1358/1358 743/743
f 1358/1358 723/723 721/721
f 1356/1356 1358/1358 1359/1359
f 721/721 1359/1359 1358/1358
f 1359/1359 1357/1357 1356/1356
f 721/721 718/718 1359/1359
f 719/719 1359/1359 718/718
f 1359/1359 719/719 1357/1357
f 1360/1360 1357/1357 719/719
f 719/719 1361/1361 1360/1360
f 1361/1361 719/719 705/705
f 1362/1362 1360/1360 1361/1361
f 705/705 699/699 1361/1361
f 1361/1361 1363/1363 1362/1362
f 1361/1361 699/699 1363/1363
f 699/699 693/693 1363/1363
f 693/693 683/683 1363/1363
f 683/683 1364/1364 1363/1363
f 1365/1365 1362/1362 1363/1363
f 1366/1366 1363/1363 1364/1364
f 1363/1363 1366/1366 1365/1365
f 1367/1367 1365/1365 1366/1366
f 1370/1370 1369/1369 1368/1368
f 1369/1369 1371/1371 1368/1368
f 1371/1371 1372/1372 1368/1368
f 1372/1372 1373/1373 1368/1368
f 1373/1373 1374/1374 1368/1368
f 1374/1374 1375/1375 1368/1368
f 1375/1375 1376/1376 1368/1368
f 1376/1376 1377/1377 1368/1368
f 1377/1377 1378/1378 1368/1368
f 1378/1378 1379/1379 1368/1368
f 1379/1379 1380/1380 1368/1368
f 1380/1380 1381/1381 1368/1368
f 1381/1381 1382/1382 1368/1368
f 1382/1382 1383/1383 1368/1368
f 1383/1383 1384/1384 1368/1368
f 1384/1384 1385/1385 1368/1368
f 1385/1385 1386/1386 1368/1368
f 1386/1386 1387/1387 1368/1368
f 1387/1387 1388/1388 1368/1368
f 1388/1388 1389/1389 1368/1368
f 1389/1389 1390/1390 1368/1368
f 1390/1390 1391/1391 1368/1368
f 1391/1391 1392/1392 1368/1368
f 1392/1392 1393/1393 1368/1368
f 1393/1393 1394/1394 1368/1368
f 1394/1394 1395/1395 1368/1368
f 1395/1395 1396/1396 1368/1368
f 1396/1396 1397/1397 1368/1368
f 1397/1397 1398/1398 1368/1368
f 1398/1398 1399/1399 1368/1368
f 1402/1402 1401/1401 1400/1400
f 1401/1401 1402/1402 1403/1403
f 1404/1404 1400/1400 1401/1401
f 1405/1405 1403/1403 1402/1402
f 1400/1400 1404/1404 1406/1406
f 1403/1403 1405/1405 1407/1407
f 1408/1408 1406/1406 1404/1404
f 1409/1409 1407/1407 1405/1405
f 1406/1406 1408/1408 1410/1410
f 1407/1407 1409/1409 1411/1411
f 1412/1412 1410/1410 1408/1408
f 1413/1413 1411/1411 1409/1409
f 1410/1410 1412/1412 1414/1414
f 1411/1411 1413/1413 1415/1415
f 1416/1416 1414/1414 1412/1412
f 1417/1417 1415/1415 1413/1413
f 1414/1414 1416/1416 1418/1418
f 1415/1415 1417/1417 1419/1419
f 1420/1420 1418/1418 1416/1416
f 1417/1417 1421/1421 1419/1419
f 1418/1418 1420/1420 1422/1422
f 1419/1419 1421/1421 1423/1423
f 1424/1424 1422/1422 1420/1420
f 1423/1423 1421/1421 1425/1425
f 1422/1422 1424/1424 1426/1426
f 1427/1427 1425/1425 1421/1421
f 1425/1425 1427/1427 1428/1428
f 1429/1429 1428/1428 1427/1427
f 1430/1430 1426/1426 1424/1424
f 1426/1426 1430/1430 1431/1431
f 1432/1432 1431/1431 1430/1430
f 1431/1431 1432/1432 1433/1433
f 1434/1434 1433/1433 1432/1432
f 1433/1433 1434/1434 1435/1435
f 1436/1436 1435/1435 1434/1434
f 1435/1435 1436/1436 1437/1437
f 1438/1438 1437/1437 1436/1436
f 1437/1437 1438/1438 1439/1439
f 1440/1440 1439/1439 1438/1438
f 1439/1439 1440/1440 1441/1441
f 1442/1442 1441/1441 1440/1440
f 1441/1441 1442/1442 1443/1443
f 1444/1444 1443/1443 1442/1442
f 1443/1443 1444/1444 1445/1445
f 1446/1446 1445/1445 1444/1444
f 1445/1445 1446/1446 1447/1447
f 1448/1448 1447/1447 1446/1446
f 1447/1447 1448/1448 1449/1449
f 1450/1450 1449/1449 1448/1448
f 1449/1449 1450/1450 1451/1451
f 1452/1452 1451/1451 1450/1450
f 1451/1451 1452/1452 1453/1453
f 1454/1454 1453/1453 1452/1452
f 1453/1453 1454/1454 1455/1455
f 1456/1456 1455/1455 1454/1454
f 1455/1455 1456/1456 1457/1457
f 1458/1458 1457/1457 1456/1456
f 1457/1457 1458/1458 1459/1459
f 1460/1460 1459/1459 1458/1458
f 1461/1461 1459/1459 1460/1460
f 1459/1459 1461/1461 1462/1462
f 1463/1463 1462/1462 1461/1461
f 1462/1462 1463/1463 1464/1464
f 1465/1465 1464/1464 1463/1463
f 1464/1464 1465/1465 1466/1466
f 1467/1467 1466/1466 1465/1465
f 1470/1470 1469/1469 1468/1468
f 1469/1469 1470/1470 1471/1471
f 1472/1472 1468/1468 1469/1469
f 1473/1473 1471/1471 1470/1470
f 1468/1468 1472/1472 1474/1474
f 1471/1471 1473/1473 1475/1475
f 1476/1476 1474/1474 1472/1472
f 1477/1477 1475/1475 1473/1473
f 1474/1474 1476/1476 1478/1478
f 1475/1475 1477/1477 1479/1479
f 1480/1480 1478/1478 1476/1476
f 1481/1481 1479/1479 1477/1477
f 1478/1478 1480/1480 1482/1482
f 1479/1479 1481/1481 1483/1483
f 1484/1484 1482/1482 1480/1480
f 1485/1485 1483/1483 1481/1481
f 1482/1482 1484/1484 1486/1486
f 1483/1483 1485/1485 1487/1487
f 1488/1488 1486/1486 1484/1484
f 1485/1485 1489/1489 1487/1487
f 1486/1486 1488/1488 1490/1490
f 1487/1487 1489/1489 1491/1491
f 1492/1492 1490/1490 1488/1488
f 1493/1493 1491/1491 1489/1489
f 1491/1491 1493/1493 1494/1494
f 1495/1495 1494/1494 1493/1493
f 1490/1490 1492/1492 1496/1496
f 1497/1497 1496/1496 1492/1492
f 1496/1496 1497/1497 1498/1498
f 1499/1499 1498/1498 1497/1497
f 1498/1498 1499/1499 1500/1500
f 1501/1501 1500/1500 1499/1499
f 1500/1500 1501/1501 1502/1502
f 1503/1503 1502/1502 1501/1501
f 1502/1502 1503/1503 1504/1504
f 1505/1505 1504/1504 1503/1503
f 1504/1504 1505/1505 1506/1506
f 1507/1507 1506/1506 1505/1505
f 1506/1506 1507/1507 1508/1508
f 1509/1509 1508/1508 1507/1507
f 1508/1508 1509/1509 1510/1510
f 1511/1511 1510/1510 1509/1509
f 1510/1510 1511/1511 1512/1512
f 1513/1513 1512/1512 1511/1511
f 1512/1512 1513/1513 1514/1514
f 1515/1515 1514/1514 1513/1513
f 1514/1514 1515/1515 1516/1516
f 1517/1517 1516/1516 1515/1515
f 1516/1516 1517/1517 1518/1518
f 1519/1519 1518/1518 1517/1517
f 1518/1518 1519/1519 1520/1520
f 1521/1521 1520/1520 1519/1519
f 1520/1520 1521/1521 1522/1522
f 1523/1523 1522/1522 1521/1521
f 1522/1522 1523/1523 1524/1524
f 1525/1525 1524/1524 1523/1523
f 1524/1524 1525/1525 1526/1526
f 1527/1527 1526/1526 1525/1525
f 1528/1528 1526/1526 1527/1527
f 1529/1529 1526/1526 1528/1528
f 1529/1529 1528/1528 1530/1530
f 1531/1531 1530/1530 1528/1528
f 1530/1530 1531/1531 1532/1532
f 1533/1533 1532/1532 1531/1531
f 1536/1536 1535/1535 1534/1534
f 1535/1535 1536/1536 1537/1537
f 1538/1538 1534/1534 1535/1535
f 1539/1539 1537/1537 1536/1536
f 1534/1534 1538/1538 1540/1540
f 1537/1537 1539/1539 1541/1541
f 1542/1542 1540/1540 1538/1538
f 1543/1543 1541/1541 1539/1539
f 1540/1540 1542/1542 1544/1544
f 1541/1541 1543/1543 1545/1545
f 1546/1546 1544/1544 1542/1542
f 1547/1547 1545/1545 1543/1543
f 1544/1544 1546/1546 1548/1548
f 1545/1545 1547/1547 1549/1549
f 1550/1550 1548/1548 1546/1546
f 1551/1551 1549/1549 1547/1547
f 1548/1548 1550/1550 1552/1552
f 1549/1549 1551/1551 1553/1553
f 1554/1554 1552/1552 1550/1550
f 1555/1555 1553/1553 1551/1551
f 1552/1552 1554/1554 1556/1556
f 1553/1553 1555/1555 1557/1557
f 1558/1558 1556/1556 1554/1554
f 1559/1559 1557/1557 1555/1555
f 1556/1556 1558/1558 1560/1560
f 1557/1557 1559/1559 1561/1561
f 1562/1562 1560/1560 1558/1558
f 1563/1563 1561/1561 1559/1559
f 1560/1560 1562/1562 1564/1564
f 1561/1561 1563/1563 1565/1565
f 1566/1566 1564/1564 1562/1562
f 1564/1564 1566/1566 1567/1567
f 1568/1568 1567/1567 1566/1566
f 1569/1569 1565/1565 1563/1563
f 1565/1565 1569/1569 1570/1570
f 1571/1571 1570/1570 1569/1569
f 1570/1570 1571/1571 1572/1572
f 1573/1573 1572/1572 1571/1571
f 1572/1572 1573/1573 1574/1574
f 1575/1575 1574/1574 1573/1573
f 1574/1574 1575/1575 1576/1576
f 1577/1577 1576/1576 1575/1575
f 1576/1576 1577/1577 1578/1578
f 1579/1579 1578/1578 1577/1577
f 1578/1578 1579/1579 1580/1580
f 1581/1581 1580/1580 1579/1579
f 1580/1580 1581/1581 1582/1582
f 1583/1583 1582/1582 1581/1581
f 1582/1582 1583/1583 1584/1584
f 1585/1585 1584/1584 1583/1583
f 1584/1584 1585/1585 1586/1586
f 1587/1587 1586/1586 1585/1585
f 1586/1586 1587/1587 1588/1588
f 1589/1589 1588/1588 1587/1587
f 1588/1588 1589/1589 1590/1590
f 1591/1591 1590/1590 1589/1589
f 1590/1590 1591/1591 1592/1592
f 1593/1593 1592/1592 1591/1591
f 1592/1592 1593/1593 1594/1594
f 1595/1595 1594/1594 1593/1593
f 1594/1594 1595/1595 1596/1596
f 1597/1597 1596/1596 1595/1595
f 1596/1596 1597/1597 1598/1598
f 1599/1599 1598/1598 1597/1597
f 1602/1602 1601/1601 1600/1600
f 1601/1601 1602/1602 1603/1603
f 1604/1604 1600/1600 1601/1601
f 1605/1605 1603/1603 1602/1602
f 1600/1600 1604/1604 1606/1606
f 1603/1603 1605/1605 1607/1607
f 1608/1608 1606/1606 1604/1604
f 1609/1609 1607/1607 1605/1605
f 1606/1606 1608/1608 1610/1610
f 1607/1607 1609/1609 1611/1611
f 1612/1612 1610/1610 1608/1608
f 1613/1613 1611/1611 1609/1609
f 1610/1610 1612/1612 1614/1614
f 1611/1611 1613/1613 1615/1615
f 1616/1616 1614/1614 1612/1612
f 1617/1617 1615/1615 1613/1613
f 1614/1614 1616/1616 1618/1618
f 1615/1615 1617/1617 1619/1619
f 1620/1620 1618/1618 1616/1616
f 1621/1621 1619/1619 1617/1617
f 1618/1618 1620/1620 1622/1622
f 1619/1619 1621/1621 1623/1623
f 1624/1624 1622/1622 1620/1620
f 1625/1625 1623/1623 1621/1621
f 1622/1622 1624/1624 1626/1626
f 1623/1623 1625/1625 1627/1627
f 1628/1628 1626/1626 1624/1624
f 1629/1629 1627/1627 1625/1625
f 1626/1626 1628/1628 1630/1630
f 1627/1627 1629/1629 1631/1631
f 1632/1632 1630/1630 1628/1628
f 1630/1630 1632/1632 1633/1633
f 1634/1634 1633/1633 1632/1632
f 1635/1635 1631/1631 1629/1629
f 1631/1631 1635/1635 1636/1636
f 1637/1637 1636/1636 1635/1635
f 1636/1636 1637/1637 1638/1638
f 1639/1639 1638/1638 1637/1637
f 1638/1638 1639/1639 1640/1640
f 1641/1641 1640/1640 1639/1639
f 1640/1640 1641/1641 1642/1642
f 1643/1643 1642/1642 1641/1641
f 1642/1642 1643/1643 1644/1644
f 1645/1645 1644/1644 1643/1643
f 1644/1644 1645/1645 1646/1646
f 1647/1647 1646/1646 1645/1645
f 1646/1646 1647/1647 1648/1648
f 1649/1649 1648/1648 1647/1647
f 1648/1648 1649/1649 1650/1650
f 1651/1651 1650/1650 1649/1649
f 1650/1650 1651/1651 1652/1652
f 1653/1653 1652/1652 1651/1651
f 1652/1652 1653/1653 1654/1654
f 1655/1655 1654/1654 1653/1653
f 1654/1654 1655/1655 1656/1656
f 1657/1657 1656/1656 1655/1655
f 1656/1656 1657/1657 1658/1658
f 1659/1659 1658/1658 1657/1657
f 1658/1658 1659/1659 1660/1660
f 1661/1661 1660/1660 1659/1659
f 1660/1660 1661/1661 1662/1662
f 1663/1663 1662/1662 1661/1661
f 1662/1662 1663/1663 1664/1664
f 1665/1665 1664/1664 1663/1663
f 1668/1668 1667/1667 1666/1666
f 1670/1670 1669/1669 1667/1667
f 1671/1671 1667/1667 1669/1669
f 1671/1671 1666/1666 1667/1667
f 1669/1669 1672/1672 1671/1671
f 1667/1667 1673/1673 1670/1670
f 1667/1667 1668/1668 1673/1673
f 1674/1674 1670/1670 1673/1673
f 1675/1675 1671/1671 1672/1672
f 1672/1672 1676/1676 1675/1675
f 1666/1666 1671/1671 1677/1677
f 1675/1675 1677/1677 1671/1671
f 1673/1673 1678/1678 1674/1674
f 1679/1679 1674/1674 1678/1678
f 1680/1680 1675/1675 1676/1676
f 1673/1673 1681/1681 1678/1678
f 1681/1681 1673/1673 1668/1668
f 1676/1676 1682/1682 1680/1680
f 1678/1678 1683/1683 1679/1679
f 1684/1684 1679/1679 1683/1683
f 1685/1685 1678/1678 1681/1681
f 1678/1678 1685/1685 1683/1683
f 1686/1686 1680/1680 1682/1682
f 1682/1682 1687/1687 1686/1686
f 1683/1683 1688/1688 1684/1684
f 1689/1689 1684/1684 1688/1688
f 1690/1690 1683/1683 1685/1685
f 1683/1683 1690/1690 1688/1688
f 1691/1691 1686/1686 1687/1687
f 1687/1687 1692/1692 1691/1691
f 1688/1688 1693/1693 1689/1689
f 1694/1694 1689/1689 1693/1693
f 1695/1695 1688/1688 1690/1690
f 1688/1688 1695/1695 1693/1693
f 1696/1696 1691/1691 1692/1692
f 1692/1692 1697/1697 1696/1696
f 1693/1693 1698/1698 1694/1694
f 1699/1699 1694/1694 1698/1698
f 1700/1700 1693/1693 1695/1695
f 1693/1693 1700/1700 1698/1698
f 1701/1701 1696/1696 1697/1697
f 1697/1697 1702/1702 1701/1701
f 1698/1698 1703/1703 1699/1699
f 1704/1704 1699/1699 1703/1703
f 1703/1703 1705/1705 1704/1704
f 1706/1706 1704/1704 1705/1705
f 1698/1698 1707/1707 1703/1703
f 1707/1707 1698/1698 1700/1700
f 1703/1703 1708/1708 1705/1705
f 1708/1708 1703/1703 1707/1707
f 1709/1709 1705/1705 1708/1708
f 1709/1709 1708/1708 1710/1710
f 1711/1711 1710/1710 1708/1708
f 1708/1708 1707/1707 1711/1711
f 1710/1710 1711/1711 1712/1712
f 1707/1707 1700/1700 1713/1713
f 1713/1713 1711/1711 1707/1707
f 1714/1714 1712/1712 1711/1711
f 1711/1711 1713/1713 1714/1714
f 1714/1714 1715/1715 1712/1712
f 1716/1716 1712/1712 1715/1715
f 1717/1717 1713/1713 1700/1700
f 1700/1700 1695/1695 1717/1717
f 1718/1718 1714/1714 1713/1713
f 1713/1713 1717/1717 1718/1718
f 1715/1715 1714/1714 1719/1719
f 1718/1718 1719/1719 1714/1714
f 1715/1715 1720/1720 1716/1716
f 1721/1721 1716/1716 1720/1720
f 1719/1719 1722/1722 1715/1715
f 1720/1720 1715/1715 1722/1722
f 1719/1719 1718/1718 1723/1723
f 1722/1722 1719/1719 1724/1724
f 1723/1723 1724/1724 1719/1719
f 1720/1720 1725/1725 1721/1721
f 1726/1726 1721/1721 1725/1725
f 1725/1725 1727/1727 1726/1726
f 1728/1728 1726/1726 1727/1727
f 1727/1727 1725/1725 1729/1729
f 1725/1725 1720/1720 1730/1730
f 1730/1730 1729/1729 1725/1725
f 1722/1722 1730/1730 1720/1720
f 1729/1729 1730/1730 1731/1731
f 1730/1730 1722/1722 1732/1732
f 1732/1732 1731/1731 1730/1730
f 1724/1724 1732/1732 1722/1722
f 1731/1731 1732/1732 1733/1733
f 1734/1734 1733/1733 1732/1732
f 1732/1732 1724/1724 1734/1734
f 1733/1733 1734/1734 1735/1735
f 1736/1736 1734/1734 1724/1724
f 1737/1737 1735/1735 1734/1734
f 1734/1734 1736/1736 1737/1737
f 1735/1735 1737/1737 1738/1738
f 1724/1724 1723/1723 1736/1736
f 1739/1739 1738/1738 1737/1737
f 1738/1738 1739/1739 1740/1740
f 1741/1741 1737/1737 1736/1736
f 1737/1737 1741/1741 1739/1739
f 1742/1742 1736/1736 1723/1723
f 1736/1736 1742/1742 1741/1741
f 1723/1723 1743/1743 1742/1742
f 1743/1743 1723/1723 1718/1718
f 1743/1743 1718/1718 1717/1717
f 1744/1744 1740/1740 1739/1739
f 1740/1740 1744/1744 1745/1745
f 1746/1746 1739/1739 1741/1741
f 1739/1739 1746/1746 1744/1744
f 1747/1747 1745/1745 1744/1744
f 1745/1745 1747/1747 1748/1748
f 1749/1749 1744/1744 1746/1746
f 1744/1744 1749/1749 1747/1747
f 1741/1741 1750/1750 1746/1746
f 1750/1750 1741/1741 1742/1742
f 1746/1746 1751/1751 1749/1749
f 1751/1751 1746/1746 1750/1750
f 1742/1742 1752/1752 1750/1750
f 1752/1752 1742/1742 1743/1743
f 1750/1750 1753/1753 1751/1751
f 1753/1753 1750/1750 1752/1752
f 1752/1752 1743/1743 1754/1754
f 1717/1717 1754/1754 1743/1743
f 1754/1754 1717/1717 1695/1695
f 1695/1695 1690/1690 1754/1754
f 1754/1754 1755/1755 1752/1752
f 1755/1755 1754/1754 1690/1690
f 1753/1753 1752/1752 1755/1755
f 1690/1690 1685/1685 1755/1755
f 1756/1756 1755/1755 1685/1685
f 1755/1755 1756/1756 1753/1753
f 1685/1685 1681/1681 1756/1756
f 1757/1757 1753/1753 1756/1756
f 1757/1757 1751/1751 1753/1753
f 1758/1758 1756/1756 1681/1681
f 1756/1756 1758/1758 1757/1757
f 1681/1681 1668/1668 1758/1758
f 1751/1751 1757/1757 1759/1759
f 1759/1759 1749/1749 1751/1751
f 1760/1760 1757/1757 1758/1758
f 1760/1760 1759/1759 1757/1757
f 1761/1761 1758/1758 1668/1668
f 1758/1758 1761/1761 1760/1760
f 1668/1668 1666/1666 1761/1761
f 1749/1749 1759/1759 1762/1762
f 1762/1762 1747/1747 1749/1749
f 1759/1759 1760/1760 1763/1763
f 1763/1763 1762/1762 1759/1759
f 1764/1764 1760/1760 1761/1761
f 1764/1764 1763/1763 1760/1760
f 1765/1765 1761/1761 1666/1666
f 1761/1761 1765/1765 1764/1764
f 1666/1666 1677/1677 1765/1765
f 1747/1747 1762/1762 1766/1766
f 1766/1766 1748/1748 1747/1747
f 1748/1748 1766/1766 1767/1767
f 1768/1768 1766/1766 1762/1762
f 1762/1762 1763/1763 1768/1768
f 1769/1769 1767/1767 1766/1766
f 1766/1766 1768/1768 1769/1769
f 1767/1767 1769/1769 1770/1770
f 1771/1771 1768/1768 1763/1763
f 1763/1763 1764/1764 1771/1771
f 1772/1772 1769/1769 1768/1768
f 1768/1768 1771/1771 1772/1772
f 1773/1773 1770/1770 1769/1769
f 1769/1769 1772/1772 1773/1773
f 1770/1770 1773/1773 1774/1774
f 1775/1775 1771/1771 1764/1764
f 1775/1775 1764/1764 1765/1765
f 1776/1776 1772/1772 1771/1771
f 1771/1771 1775/1775 1776/1776
f 1777/1777 1773/1773 1772/1772
f 1772/1772 1776/1776 1777/1777
f 1778/1778 1774/1774 1773/1773
f 1773/1773 1777/1777 1778/1778
f 1774/1774 1778/1778 1779/1779
f 1765/1765 1780/1780 1775/1775
f 1780/1780 1765/1765 1677/1677
f 1781/1781 1776/1776 1775/1775
f 1781/1781 1775/1775 1780/1780
f 1782/1782 1777/1777 1776/1776
f 1776/1776 1781/1781 1782/1782
f 1783/1783 1778/1778 1777/1777
f 1777/1777 1782/1782 1783/1783
f 1784/1784 1779/1779 1778/1778
f 1778/1778 1783/1783 1784/1784
f 1779/1779 1784/1784 1785/1785
f 1786/1786 1785/1785 1784/1784
f 1785/1785 1786/1786 1787/1787
f 1788/1788 1784/1784 1783/1783
f 1784/1784 1788/1788 1786/1786
f 1789/1789 1783/1783 1782/1782
f 1783/1783 1789/1789 1788/1788
f 1782/1782 1790/1790 1789/1789
f 1790/1790 1782/1782 1781/1781
f 1791/1791 1787/1787 1786/1786
f 1787/1787 1791/1791 1792/1792
f 1793/1793 1786/1786 1788/1788
f 1786/1786 1793/1793 1791/1791
f 1794/1794 1788/1788 1789/1789
f 1788/1788 1794/1794 1793/1793
f 1789/1789 1795/1795 1794/1794
f 1795/1795 1789/1789 1790/1790
f 1796/1796 1792/1792 1791/1791
f 1792/1792 1796/1796 1797/1797
f 1798/1798 1791/1791 1793/1793
f 1791/1791 1798/1798 1796/1796
f 1799/1799 1793/1793 1794/1794
f 1793/1793 1799/1799 1798/1798
f 1794/1794 1800/1800 1799/1799
f 1800/1800 1794/1794 1795/1795
f 1801/1801 1797/1797 1796/1796
f 1797/1797 1801/1801 1802/1802
f 1803/1803 1796/1796 1798/1798
f 1796/1796 1803/1803 1801/1801
f 1804/1804 1798/1798 1799/1799
f 1798/1798 1804/1804 1803/1803
f 1799/1799 1805/1805 1804/1804
f 1805/1805 1799/1799 1800/1800
f 1806/1806 1802/1802 1801/1801
f 1802/1802 1806/1806 1807/1807
f 1808/1808 1801/1801 1803/1803
f 1801/1801 1808/1808 1806/1806
f 1809/1809 1803/1803 1804/1804
f 1803/1803 1809/1809 1808/1808
f 1804/1804 1810/1810 1809/1809
f 1810/1810 1804/1804 1805/1805
f 1811/1811 1807/1807 1806/1806
f 1807/1807 1811/1811 1812/1812
f 1813/1813 1806/1806 1808/1808
f 1806/1806 1813/1813 1811/1811
f 1814/1814 1808/1808 1809/1809
f 1808/1808 1814/1814 1813/1813
f 1809/1809 1815/1815 1814/1814
f 1815/1815 1809/1809 1810/1810
f 1816/1816 1812/1812 1811/1811
f 1812/1812 1816/1816 1817/1817
f 1818/1818 1811/1811 1813/1813
f 1811/1811 1818/1818 1816/1816
f 1819/1819 1813/1813 1814/1814
f 1813/1813 1819/1819 1818/1818
f 1814/1814 1820/1820 1819/1819
f 1820/1820 1814/1814 1815/1815
f 1821/1821 1817/1817 1816/1816
f 1817/1817 1821/1821 1822/1822
f 1823/1823 1816/1816 1818/1818
f 1816/1816 1823/1823 1821/1821
f 1824/1824 1818/1818 1819/1819
f 1818/1818 1824/1824 1823/1823
f 1819/1819 1825/1825 1824/1824
f 1825/1825 1819/1819 1820/1820
f 1826/1826 1822/1822 1821/1821
f 1822/1822 1826/1826 1827/1827
f 1828/1828 1821/1821 1823/1823
f 1821/1821 1828/1828 1826/1826
f 1829/1829 1823/1823 1824/1824
f 1823/1823 1829/1829 1828/1828
f 1824/1824 1830/1830 1829/1829
f 1830/1830 1824/1824 1825/1825
f 1831/1831 1827/1827 1826/1826
f 1827/1827 1831/1831 1832/1832
f 1833/1833 1826/1826 1828/1828
f 1826/1826 1833/1833 1831/1831
f 1834/1834 1828/1828 1829/1829
f 1828/1828 1834/1834 1833/1833
f 1829/1829 1835/1835 1834/1834
f 1835/1835 1829/1829 1830/1830
f 1836/1836 1832/1832 1831/1831
f 1832/1832 1836/1836 1837/1837
f 1838/1838 1831/1831 1833/1833
f 1831/1831 1838/1838 1836/1836
f 1839/1839 1833/1833 1834/1834
f 1833/1833 1839/1839 1838/1838
f 1834/1834 1840/1840 1839/1839
f 1840/1840 1834/1834 1835/1835
f 1841/1841 1837/1837 1836/1836
f 1837/1837 1841/1841 1842/1842
f 1843/1843 1836/1836 1838/1838
f 1836/1836 1843/1843 1841/1841
f 1844/1844 1838/1838 1839/1839
f 1838/1838 1844/1844 1843/1843
f 1839/1839 1845/1845 1844/1844
f 1845/1845 1839/1839 1840/1840
f 1846/1846 1842/1842 1841/1841
f 1842/1842 1846/1846 1847/1847
f 1848/1848 1841/1841 1843/1843
f 1841/1841 1848/1848 1846/1846
f 1849/1849 1843/1843 1844/1844
f 1843/1843 1849/1849 1848/1848
f 1844/1844 1850/1850 1849/1849
f 1850/1850 1844/1844 1845/1845
f 1851/1851 1847/1847 1846/1846
f 1847/1847 1851/1851 1852/1852
f 1853/1853 1846/1846 1848/1848
f 1846/1846 1853/1853 1851/1851
f 1854/1854 1848/1848 1849/1849
f 1848/1848 1854/1854 1853/1853
f 1849/1849 1855/1855 1854/1854
f 1855/1855 1849/1849 1850/1850
f 1856/1856 1852/1852 1851/1851
f 1852/1852 1856/1856 1857/1857
f 1858/1858 1851/1851 1853/1853
f 1851/1851 1858/1858 1856/1856
f 1859/1859 1853/1853 1854/1854
f 1853/1853 1859/1859 1858/1858
f 1854/1854 1860/1860 1859/1859
f 1860/1860 1854/1854 1855/1855
f 1861/1861 1857/1857 1856/1856
f 1857/1857 1861/1861 1862/1862
f 1863/1863 1856/1856 1858/1858
f 1856/1856 1863/1863 1861/1861
f 1864/1864 1858/1858 1859/1859
f 1858/1858 1864/1864 1863/1863
f 1859/1859 1865/1865 1864/1864
f 1865/1865 1859/1859 1860/1860
f 1866/1866 1862/1862 1861/1861
f 1862/1862 1866/1866 1867/1867
f 1868/1868 1861/1861 1863/1863
f 1861/1861 1868/1868 1866/1866
f 1869/1869 1863/1863 1864/1864
f 1863/1863 1869/1869 1868/1868
f 1864/1864 1870/1870 1869/1869
f 1870/1870 1864/1864 1865/1865
f 1871/1871 1867/1867 1866/1866
f 1867/1867 1871/1871 1872/1872
f 1873/1873 1872/1872 1871/1871
f 1866/1866 1874/1874 1871/1871
f 1874/1874 1866/1866 1868/1868
f 1871/1871 1875/1875 1873/1873
f 1875/1875 1871/1871 1874/1874
f 1876/1876 1873/1873 1875/1875
f 1868/1868 1877/1877 1874/1874
f 1877/1877 1868/1868 1869/1869
f 1874/1874 1878/1878 1875/1875
f 1878/1878 1874/1874 1877/1877
f 1875/1875 1879/1879 1876/1876
f 1879/1879 1875/1875 1878/1878
f 1880/1880 1876/1876 1879/1879
f 1869/1869 1881/1881 1877/1877
f 1881/1881 1869/1869 1870/1870
f 1877/1877 1882/1882 1878/1878
f 1882/1882 1877/1877 1881/1881
f 1878/1878 1883/1883 1879/1879
f 1883/1883 1878/1878 1882/1882
f 1879/1879 1884/1884 1880/1880
f 1884/1884 1879/1879 1883/1883
f 1885/1885 1880/1880 1884/1884
f 1885/1885 1884/1884 1886/1886
f 1887/1887 1886/1886 1884/1884
f 1884/1884 1883/1883 1887/1887
f 1886/1886 1887/1887 1888/1888
f 1883/1883 1882/1882 1889/1889
f 1889/1889 1887/1887 1883/1883
f 1890/1890 1888/1888 1887/1887
f 1887/1887 1889/1889 1890/1890
f 1890/1890 1891/1891 1888/1888
f 1892/1892 1888/1888 1891/1891
f 1892/1892 1891/1891 1893/1893
f 1894/1894 1893/1893 1891/1891
f 1891/1891 1895/1895 1894/1894
f 1891/1891 1890/1890 1895/1895
f 1896/1896 1894/1894 1895/1895
f 1897/1897 1890/1890 1889/1889
f 1897/1897 1895/1895 1890/1890
f 1898/1898 1889/1889 1882/1882
f 1889/1889 1898/1898 1897/1897
f 1882/1882 1881/1881 1898/1898
f 1895/1895 1899/1899 1896/1896
f 1895/1895 1897/1897 1899/1899
f 1900/1900 1896/1896 1899/1899
f 1901/1901 1897/1897 1898/1898
f 1901/1901 1899/1899 1897/1897
f 1902/1902 1898/1898 1881/1881
f 1898/1898 1902/1902 1901/1901
f 1881/1881 1870/1870 1902/1902
f 1899/1899 1903/1903 1900/1900
f 1899/1899 1901/1901 1903/1903
f 1904/1904 1900/1900 1903/1903
f 1905/1905 1901/1901 1902/1902
f 1905/1905 1903/1903 1901/1901
f 1906/1906 1902/1902 1870/1870
f 1902/1902 1906/1906 1905/1905
f 1870/1870 1865/1865 1906/1906
f 1903/1903 1907/1907 1904/1904
f 1903/1903 1905/1905 1907/1907
f 1908/1908 1904/1904 1907/1907
f 1909/1909 1905/1905 1906/1906
f 1909/1909 1907/1907 1905/1905
f 1910/1910 1906/1906 1865/1865
f 1906/1906 1910/1910 1909/1909
f 1865/1865 1860/1860 1910/1910
f 1907/1907 1911/1911 1908/1908
f 1907/1907 1909/1909 1911/1911
f 1912/1912 1908/1908 1911/1911
f 1913/1913 1909/1909 1910/1910
f 1913/1913 1911/1911 1909/1909
f 1914/1914 1910/1910 1860/1860
f 1910/1910 1914/1914 1913/1913
f 1860/1860 1855/1855 1914/1914
f 1911/1911 1915/1915 1912/1912
f 1911/1911 1913/1913 1915/1915
f 1916/1916 1912/1912 1915/1915
f 1917/1917 1913/1913 1914/1914
f 1917/1917 1915/1915 1913/1913
f 1918/1918 1914/1914 1855/1855
f 1914/1914 1918/1918 1917/1917
f 1855/1855 1850/1850 1918/1918
f 1915/1915 1919/1919 1916/1916
f 1915/1915 1917/1917 1919/1919
f 1920/1920 1916/1916 1919/1919
f 1921/1921 1917/1917 1918/1918
f 1921/1921 1919/1919 1917/1917
f 1922/1922 1918/1918 1850/1850
f 1918/1918 1922/1922 1921/1921
f 1850/1850 1845/1845 1922/1922
f 1919/1919 1923/1923 1920/1920
f 1919/1919 1921/1921 1923/1923
f 1924/1924 1920/1920 1923/1923
f 1925/1925 1921/1921 1922/1922
f 1925/1925 1923/1923 1921/1921
f 1926/1926 1922/1922 1845/1845
f 1922/1922 1926/1926 1925/1925
f 1845/1845 1840/1840 1926/1926
f 1923/1923 1927/1927 1924/1924
f 1923/1923 1925/1925 1927/1927
f 1928/1928 1924/1924 1927/1927
f 1929/1929 1925/1925 1926/1926
f 1929/1929 1927/1927 1925/1925
f 1930/1930 1926/1926 1840/1840
f 1926/1926 1930/1930 1929/1929
f 1840/1840 1835/1835 1930/1930
f 1929/1929 1931/1931 1927/1927
f 1931/1931 1929/1929 1930/1930
f 1928/1928 1927/1927 1931/1931
f 1932/1932 1930/1930 1835/1835
f 1930/1930 1932/1932 1931/1931
f 1835/1835 1830/1830 1932/1932
f 1931/1931 1933/1933 1928/1928
f 1934/1934 1928/1928 1933/1933
f 1933/1933 1935/1935 1934/1934
f 1933/1933 1931/1931 1935/1935
f 1936/1936 1934/1934 1935/1935
f 1937/1937 1931/1931 1932/1932
f 1937/1937 1935/1935 1931/1931
f 1938/1938 1932/1932 1830/1830
f 1932/1932 1938/1938 1937/1937
f 1830/1830 1825/1825 1938/1938
f 1935/1935 1939/1939 1936/1936
f 1935/1935 1937/1937 1939/1939
f 1940/1940 1936/1936 1939/1939
f 1941/1941 1937/1937 1938/1938
f 1941/1941 1939/1939 1937/1937
f 1942/1942 1938/1938 1825/1825
f 1938/1938 1942/1942 1941/1941
f 1825/1825 1820/1820 1942/1942
f 1939/1939 1943/1943 1940/1940
f 1939/1939 1941/1941 1943/1943
f 1944/1944 1940/1940 1943/1943
f 1945/1945 1941/1941 1942/1942
f 1945/1945 1943/1943 1941/1941
f 1946/1946 1942/1942 1820/1820
f 1942/1942 1946/1946 1945/1945
f 1820/1820 1815/1815 1946/1946
f 1943/1943 1947/1947 1944/1944
f 1943/1943 1945/1945 1947/1947
f 1948/1948 1944/1944 1947/1947
f 1949/1949 1945/1945 1946/1946
f 1949/1949 1947/1947 1945/1945
f 1950/1950 1946/1946 1815/1815
f 1946/1946 1950/1950 1949/1949
f 1815/1815 1810/1810 1950/1950
f 1947/1947 1951/1951 1948/1948
f 1947/1947 1949/1949 1951/1951
f 1702/1702 1948/1948 1951/1951
f 1951/1951 1701/1701 1702/1702
f 1952/1952 1951/1951 1949/1949
f 1952/1952 1949/1949 1950/1950
f 1951/1951 1952/1952 1701/1701
f 1953/1953 1950/1950 1810/1810
f 1950/1950 1953/1953 1952/1952
f 1810/1810 1805/1805 1953/1953
f 1954/1954 1701/1701 1952/1952
f 1954/1954 1952/1952 1953/1953
f 1701/1701 1954/1954 1696/1696
f 1955/1955 1953/1953 1805/1805
f 1953/1953 1955/1955 1954/1954
f 1805/1805 1800/1800 1955/1955
f 1956/1956 1696/1696 1954/1954
f 1956/1956 1954/1954 1955/1955
f 1696/1696 1956/1956 1691/1691
f 1957/1957 1955/1955 1800/1800
f 1955/1955 1957/1957 1956/1956
f 1800/1800 1795/1795 1957/1957
f 1958/1958 1691/1691 1956/1956
f 1958/1958 1956/1956 1957/1957
f 1691/1691 1958/1958 1686/1686
f 1959/1959 1957/1957 1795/1795
f 1957/1957 1959/1959 1958/1958
f 1795/1795 1790/1790 1959/1959
f 1960/1960 1686/1686 1958/1958
f 1960/1960 1958/1958 1959/1959
f 1686/1686 1960/1960 1680/1680
f 1961/1961 1959/1959 1790/1790
f 1959/1959 1961/1961 1960/1960
f 1790/1790 1781/1781 1961/1961
f 1780/1780 1961/1961 1781/1781
f 1962/1962 1960/1960 1961/1961
f 1962/1962 1680/1680 1960/1960
f 1961/1961 1780/1780 1962/1962
f 1680/1680 1962/1962 1675/1675
f 1677/1677 1962/1962 1780/1780
f 1677/1677 1675/1675 1962/1962
f 901/901 1011/1011 1963/1963
f 901/901 1963/1963 903/903
f 1963/1963 1964/1964 903/903
f 1963/1963 1011/1011 1010/1010
f 1963/1963 1965/1965 1964/1964
f 1010/1010 1966/1966 1963/1963
f 1966/1966 1010/1010 1002/1002
f 1963/1963 1967/1967 1965/1965
f 1967/1967 1963/1963 1966/1966
f 1965/1965 1967/1967 1968/1968
f 1002/1002 1969/1969 1966/1966
f 1969/1969 1002/1002 999/999
f 999/999 997/997 1969/1969
f 1970/1970 1966/1966 1969/1969
f 1966/1966 1970/1970 1967/1967
f 1971/1971 1969/1969 997/997
f 1969/1969 1971/1971 1970/1970
f 997/997 996/996 1971/1971
f 1967/1967 1972/1972 1968/1968
f 1972/1972 1967/1967 1970/1970
f 1972/1972 1973/1973 1968/1968
f 1974/1974 1973/1973 1972/1972
f 1970/1970 1975/1975 1972/1972
f 1975/1975 1970/1970 1971/1971
f 1974/1974 1972/1972 1976/1976
f 1976/1976 1972/1972 1975/1975
f 1977/1977 1974/1974 1976/1976
f 1971/1971 1978/1978 1975/1975
f 1978/1978 1971/1971 996/996
f 996/996 995/995 1978/1978
f 1979/1979 1975/1975 1978/1978
f 1975/1975 1979/1979 1976/1976
f 1980/1980 1978/1978 995/995
f 1978/1978 1980/1980 1979/1979
f 995/995 987/987 1980/1980
f 986/986 1980/1980 987/987
f 1980/1980 986/986 1981/1981
f 1981/1981 1979/1979 1980/1980
f 984/984 1981/1981 986/986
f 1981/1981 984/984 926/926
f 1979/1979 1981/1981 1982/1982
f 926/926 1982/1982 1981/1981
f 1982/1982 1976/1976 1979/1979
f 1977/1977 1976/1976 1982/1982
f 911/911 1982/1982 926/926
f 1983/1983 1977/1977 1982/1982
f 913/913 1982/1982 911/911
f 913/913 1983/1983 1982/1982
f 1986/1986 1985/1985 1984/1984
f 1987/1987 1985/1985 1986/1986
f 1987/1987 1988/1988 1985/1985
f 1989/1989 1987/1987 1986/1986
f 1988/1988 1990/1990 1985/1985
f 1991/1991 1989/1989 1986/1986
f 1990/1990 1992/1992 1985/1985
f 1985/1985 1992/1992 1984/1984
f 1990/1990 1993/1993 1992/1992
f 1993/1993 1994/1994 1992/1992
f 1991/1991 1986/1986 1995/1995
f 1995/1995 1986/1986 1984/1984
f 1996/1996 1991/1991 1995/1995
f 1997/1997 1996/1996 1995/1995
f 1994/1994 1998/1998 1992/1992
f 1992/1992 1998/1998 1984/1984
f 1994/1994 1999/1999 1998/1998
f 1999/1999 2000/2000 1998/1998
f 1997/1997 1995/1995 2001/2001
f 2001/2001 1995/1995 1984/1984
f 2002/2002 1997/1997 2001/2001
f 2003/2003 2002/2002 2001/2001
f 2000/2000 2004/2004 1998/1998
f 1998/1998 2004/2004 1984/1984
f 2000/2000 2005/2005 2004/2004
f 2005/2005 2006/2006 2004/2004
f 2004/2004 2007/2007 1984/1984
f 2006/2006 2007/2007 2004/2004
f 2007/2007 2001/2001 1984/1984
f 2003/2003 2001/2001 2007/2007
f 2006/2006 2008/2008 2007/2007
f 2008/2008 2003/2003 2007/2007
f 2011/2011 2010/2010 2009/2009
f 2012/2012 2009/2009 2010/2010
f 2009/2009 2013/2013 2011/2011
f 2014/2014 2011/2011 2013/2013
f 2015/2015 2009/2009 2012/2012
f 2016/2016 2015/2015 2012/2012
f 2015/2015 2016/2016 2017/2017
f 2018/2018 2017/2017 2016/2016
f 2019/2019 2009/2009 2015/2015
f 2017/2017 2018/2018 2020/2020
f 2021/2021 2020/2020 2018/2018
f 2017/2017 2022/2022 2015/2015
f 2019/2019 2015/2015 2022/2022
f 2020/2020 2023/2023 2017/2017
f 2022/2022 2017/2017 2023/2023
f 2020/2020 2021/2021 2024/2024
f 2025/2025 2024/2024 2021/2021
f 2023/2023 2020/2020 2026/2026
f 2024/2024 2026/2026 2020/2020
f 2023/2023 2027/2027 2022/2022
f 2024/2024 2025/2025 2028/2028
f 2029/2029 2028/2028 2025/2025
f 2026/2026 2024/2024 2030/2030
f 2028/2028 2030/2030 2024/2024
f 2026/2026 2031/2031 2023/2023
f 2027/2027 2023/2023 2031/2031
f 2030/2030 2032/2032 2026/2026
f 2031/2031 2026/2026 2032/2032
f 2028/2028 2029/2029 2033/2033
f 2034/2034 2033/2033 2029/2029
f 2030/2030 2028/2028 2035/2035
f 2033/2033 2035/2035 2028/2028
f 2032/2032 2030/2030 2036/2036
f 2035/2035 2036/2036 2030/2030
f 2033/2033 2034/2034 2037/2037
f 2038/2038 2037/2037 2034/2034
f 2035/2035 2033/2033 2039/2039
f 2037/2037 2039/2039 2033/2033
f 2036/2036 2035/2035 2040/2040
f 2039/2039 2040/2040 2035/2035
f 2037/2037 2038/2038 2041/2041
f 2042/2042 2041/2041 2038/2038
f 2039/2039 2037/2037 2043/2043
f 2041/2041 2043/2043 2037/2037
f 2040/2040 2039/2039 2044/2044
f 2043/2043 2044/2044 2039/2039
f 2041/2041 2042/2042 2045/2045
f 1027/1027 2045/2045 2042/2042
f 2045/2045 1027/1027 1026/1026
f 2045/2045 2046/2046 2041/2041
f 2043/2043 2041/2041 2046/2046
f 1026/1026 2047/2047 2045/2045
f 2046/2046 2045/2045 2047/2047
f 2047/2047 1026/1026 1023/1023
f 1023/1023 1034/1034 2047/2047
f 2048/2048 2047/2047 1034/1034
f 2047/2047 2048/2048 2046/2046
f 1034/1034 1035/1035 2048/2048
f 2046/2046 2049/2049 2043/2043
f 2049/2049 2046/2046 2048/2048
f 2044/2044 2043/2043 2049/2049
f 2050/2050 2048/2048 1035/1035
f 2048/2048 2050/2050 2049/2049
f 1035/1035 1039/1039 2050/2050
f 2049/2049 2051/2051 2044/2044
f 2051/2051 2049/2049 2050/2050
f 2052/2052 2050/2050 1039/1039
f 2050/2050 2052/2052 2051/2051
f 1039/1039 1043/1043 2052/2052
f 2053/2053 2044/2044 2051/2051
f 2044/2044 2053/2053 2040/2040
f 2054/2054 2051/2051 2052/2052
f 2051/2051 2054/2054 2053/2053
f 2055/2055 2052/2052 1043/1043
f 2052/2052 2055/2055 2054/2054
f 1043/1043 1047/1047 2055/2055
f 2056/2056 2040/2040 2053/2053
f 2040/2040 2056/2056 2036/2036
f 2057/2057 2053/2053 2054/2054
f 2053/2053 2057/2057 2056/2056
f 2058/2058 2054/2054 2055/2055
f 2054/2054 2058/2058 2057/2057
f 2059/2059 2055/2055 1047/1047
f 2055/2055 2059/2059 2058/2058
f 1047/1047 1051/1051 2059/2059
f 2060/2060 2059/2059 1051/1051
f 2059/2059 2060/2060 2061/2061
f 2061/2061 2058/2058 2059/2059
f 2062/2062 2061/2061 2060/2060
f 2063/2063 2057/2057 2058/2058
f 2058/2058 2061/2061 2063/2063
f 2061/2061 2062/2062 2064/2064
f 2064/2064 2063/2063 2061/2061
f 2065/2065 2064/2064 2062/2062
f 2057/2057 2063/2063 2066/2066
f 2066/2066 2056/2056 2057/2057
f 2063/2063 2064/2064 2067/2067
f 2067/2067 2066/2066 2063/2063
f 2064/2064 2065/2065 2068/2068
f 2068/2068 2067/2067 2064/2064
f 2069/2069 2068/2068 2065/2065
f 2056/2056 2066/2066 2070/2070
f 2070/2070 2036/2036 2056/2056
f 2036/2036 2070/2070 2032/2032
f 2071/2071 2070/2070 2066/2066
f 2066/2066 2067/2067 2071/2071
f 2072/2072 2032/2032 2070/2070
f 2070/2070 2071/2071 2072/2072
f 2032/2032 2072/2072 2031/2031
f 2073/2073 2071/2071 2067/2067
f 2067/2067 2068/2068 2073/2073
f 2074/2074 2072/2072 2071/2071
f 2071/2071 2073/2073 2074/2074
f 2075/2075 2031/2031 2072/2072
f 2072/2072 2074/2074 2075/2075
f 2031/2031 2075/2075 2027/2027
f 2076/2076 2073/2073 2068/2068
f 2068/2068 2069/2069 2076/2076
f 2077/2077 2076/2076 2069/2069
f 2073/2073 2076/2076 2078/2078
f 2078/2078 2074/2074 2073/2073
f 2076/2076 2077/2077 2079/2079
f 2079/2079 2078/2078 2076/2076
f 2080/2080 2079/2079 2077/2077
f 2074/2074 2078/2078 2081/2081
f 2081/2081 2075/2075 2074/2074
f 2078/2078 2079/2079 2082/2082
f 2082/2082 2081/2081 2078/2078
f 2079/2079 2080/2080 2083/2083
f 2083/2083 2082/2082 2079/2079
f 2084/2084 2083/2083 2080/2080
f 2075/2075 2081/2081 2085/2085
f 2085/2085 2027/2027 2075/2075
f 2081/2081 2082/2082 2086/2086
f 2086/2086 2085/2085 2081/2081
f 2082/2082 2083/2083 2087/2087
f 2087/2087 2086/2086 2082/2082
f 2083/2083 2084/2084 2088/2088
f 2088/2088 2087/2087 2083/2083
f 2089/2089 2088/2088 2084/2084
f 2027/2027 2085/2085 2090/2090
f 2090/2090 2022/2022 2027/2027
f 2022/2022 2090/2090 2019/2019
f 2091/2091 2090/2090 2085/2085
f 2085/2085 2086/2086 2091/2091
f 2092/2092 2019/2019 2090/2090
f 2090/2090 2091/2091 2092/2092
f 2019/2019 2092/2092 2009/2009
f 2092/2092 2013/2013 2009/2009
f 2093/2093 2092/2092 2091/2091
f 2093/2093 2013/2013 2092/2092
f 2094/2094 2091/2091 2086/2086
f 2091/2091 2094/2094 2093/2093
f 2086/2086 2087/2087 2094/2094
f 2093/2093 2095/2095 2013/2013
f 2095/2095 2093/2093 2094/2094
f 2096/2096 2094/2094 2087/2087
f 2094/2094 2096/2096 2095/2095
f 2087/2087 2088/2088 2096/2096
f 2095/2095 2097/2097 2013/2013
f 2013/2013 2097/2097 2014/2014
f 2098/2098 2095/2095 2096/2096
f 2098/2098 2097/2097 2095/2095
f 2099/2099 2014/2014 2097/2097
f 2097/2097 2100/2100 2099/2099
f 2101/2101 2099/2099 2100/2100
f 2102/2102 2100/2100 2097/2097
f 2098/2098 2102/2102 2097/2097
f 2103/2103 2100/2100 2102/2102
f 2103/2103 2102/2102 2104/2104
f 2102/2102 2098/2098 2105/2105
f 2105/2105 2104/2104 2102/2102
f 2096/2096 2105/2105 2098/2098
f 2105/2105 2096/2096 2088/2088
f 2104/2104 2105/2105 2089/2089
f 2088/2088 2089/2089 2105/2105
f 2108/2108 2107/2107 2106/2106
f 2109/2109 2106/2106 2107/2107
f 2112/2112 2111/2111 2110/2110
f 2111/2111 2113/2113 2110/2110
f 2113/2113 2114/2114 2110/2110
f 2113/2113 2115/2115 2114/2114
f 2115/2115 2116/2116 2114/2114
f 2119/2119 2118/2118 2117/2117
f 2120/2120 2117/2117 2118/2118
f 2118/2118 2119/2119 2121/2121
f 2122/2122 2121/2121 2119/2119
f 2123/2123 2121/2121 2122/2122
f 2123/2123 2122/2122 2124/2124
f 2125/2125 2124/2124 2122/2122
f 2123/2123 2124/2124 2126/2126
f 2127/2127 2126/2126 2124/2124
f 2127/2127 2129/2129 2128/2128
f 2130/2130 2128/2128 2129/2129
f 2133/2133 2132/2132 2131/2131
f 2132/2132 2134/2134 2131/2131
f 2134/2134 2135/2135 2131/2131
f 2133/2133 2131/2131 2136/2136
f 2136/2136 2137/2137 2133/2133
f 2138/2138 2133/2133 2137/2137
f 2136/2136 2139/2139 2137/2137
f 2140/2140 2137/2137 2139/2139
f 2141/2141 2140/2140 2139/2139
f 2144/2144 2143/2143 2142/2142
f 2143/2143 2145/2145 2142/2142
f 2145/2145 2146/2146 2142/2142
f 2146/2146 2145/2145 2147/2147
f 2147/2147 2148/2148 2146/2146
f 2148/2148 2149/2149 2146/2146
f 2149/2149 2150/2150 2146/2146
f 2150/2150 2151/2151 2146/2146
f 2154/2154 2153/2153 2152/2152
f 2154/2154 2155/2155 2153/2153
f 2156/2156 2153/2153 2155/2155
f 2152/2152 2157/2157 2154/2154
f 2157/2157 2152/2152 2158/2158
f 2153/2153 2159/2159 2152/2152
f 2160/2160 2152/2152 2159/2159
f 2161/2161 2160/2160 2159/2159
f 2159/2159 2162/2162 2161/2161
f 2165/2165 2164/2164 2163/2163
f 2166/2166 2163/2163 2164/2164
f 2169/2169 2168/2168 2167/2167
f 2168/2168 2169/2169 2170/2170
f 2173/2173 2172/2172 2171/2171
f 2174/2174 2171/2171 2172/2172
f 2171/2171 2175/2175 2173/2173
f 2176/2176 2173/2173 2175/2175
f 2175/2175 2177/2177 2176/2176
f 2178/2178 2176/2176 2177/2177
f 2177/2177 2179/2179 2178/2178
f 2180/2180 2178/2178 2179/2179
f 2183/2183 2182/2182 2181/2181
f 2184/2184 2183/2183 2181/2181
f 2185/2185 2183/2183 2184/2184
f 2186/2186 2185/2185 2184/2184
f 2189/2189 2188/2188 2187/2187
f 2192/2192 2191/2191 2190/2190
f 2193/2193 2190/2190 2191/2191
f 2196/2196 2195/2195 2194/2194
f 2197/2197 2196/2196 2194/2194
f 2198/2198 2197/2197 2194/2194
f 2199/2199 2197/2197 2198/2198
f 2200/2200 2199/2199 2198/2198
f 2203/2203 2202/2202 2201/2201
f 2204/2204 2201/2201 2202/2202
f 2202/2202 2205/2205 2204/2204
f 2206/2206 2204/2204 2205/2205
f 2205/2205 2207/2207 2206/2206
f 2207/2207 2208/2208 2206/2206
f 2209/2209 2206/2206 2208/2208
f 2207/2207 2210/2210 2208/2208
f 2211/2211 2208/2208 2210/2210
f 2211/2211 2213/2213 2212/2212
f 2214/2214 2212/2212 2213/2213
f 2217/2217 2216/2216 2215/2215
f 2218/2218 2217/2217 2215/2215
f 2219/2219 2218/2218 2215/2215
f 2215/2215 2216/2216 2220/2220
f 2220/2220 2216/2216 2221/2221
f 2222/2222 2221/2221 2216/2216
f 2223/2223 2220/2220 2221/2221
f 2221/2221 2224/2224 2223/2223
f 2224/2224 2225/2225 2223/2223
f 2228/2228 2227/2227 2226/2226
f 2227/2227 2229/2229 2226/2226
f 2229/2229 2230/2230 2226/2226
f 2227/2227 2228/2228 2231/2231
f 2232/2232 2231/2231 2228/2228
f 2233/2233 2232/2232 2228/2228
f 2234/2234 2233/2233 2228/2228
f 2235/2235 2234/2234 2228/2228
f 2238/2238 2237/2237 2236/2236
f 2239/2239 2237/2237 2238/2238
f 2238/2238 2240/2240 2239/2239
f 2241/2241 2236/2236 2237/2237
f 2236/2236 2241/2241 2242/2242
f 2238/2238 2236/2236 2243/2243
f 2244/2244 2243/2243 2236/2236
f 2244/2244 2245/2245 2243/2243
f 2246/2246 2243/2243 2245/2245
f 2249/2249 2248/2248 2247/2247
f 2250/2250 2247/2247 2248/2248
f 2253/2253 2252/2252 2251/2251
f 2252/2252 2253/2253 2254/2254
f 2257/2257 2256/2256 2255/2255
f 2258/2258 2255/2255 2256/2256
f 2255/2255 2258/2258 2259/2259
f 2260/2260 2259/2259 2258/2258
f 2259/2259 2260/2260 2261/2261
f 2262/2262 2261/2261 2260/2260
f 2261/2261 2262/2262 2263/2263
f 2264/2264 2263/2263 2262/2262
f 2267/2267 2266/2266 2265/2265
f 2266/2266 2268/2268 2265/2265
f 2266/2266 2269/2269 2268/2268
f 2269/2269 2270/2270 2268/2268
f 2273/2273 2272/2272 2271/2271
f 2274/2274 2271/2271 2272/2272
f 2272/2272 2275/2275 2274/2274
f 2276/2276 2274/2274 2275/2275
f 2279/2279 2278/2278 2277/2277
f 2280/2280 2277/2277 2278/2278
f 2283/2283 2282/2282 2281/2281
f 2286/2286 2285/2285 2284/2284
f 2287/2287 2284/2284 2285/2285
f 2290/2290 2289/2289 2288/2288
f 2291/2291 2288/2288 2289/2289
f 2291/2291 2289/2289 2292/2292
f 2293/2293 2292/2292 2289/2289
f 2292/2292 2293/2293 2294/2294
f 2295/2295 2294/2294 2293/2293
f 2295/2295 2296/2296 2294/2294
f 2297/2297 2294/2294 2296/2296
f 2300/2300 2299/2299 2298/2298
f 2301/2301 2298/2298 2299/2299
f 2298/2298 2301/2301 2302/2302
f 2303/2303 2302/2302 2301/2301
f 2306/2306 2305/2305 2304/2304
f 2307/2307 2304/2304 2305/2305
f 2307/2307 2308/2308 2304/2304
f 2309/2309 2304/2304 2308/2308
f 2312/2312 2311/2311 2310/2310
f 2313/2313 2310/2310 2311/2311
f 2310/2310 2313/2313 2314/2314
f 2315/2315 2310/2310 2314/2314
f 2316/2316 2315/2315 2314/2314
f 2317/2317 2315/2315 2316/2316
f 2314/2314 2313/2313 2318/2318
f 2319/2319 2318/2318 2313/2313
f 2319/2319 2320/2320 2318/2318
f 2321/2321 2318/2318 2320/2320
f 2321/2321 2320/2320 2322/2322
f 2323/2323 2322/2322 2320/2320
f 2326/2326 2325/2325 2324/2324
f 2327/2327 2324/2324 2325/2325
f 2326/2326 2324/2324 2328/2328
f 2329/2329 2328/2328 2324/2324
f 2328/2328 2329/2329 2330/2330
f 2331/2331 2330/2330 2329/2329
f 2331/2331 2332/2332 2330/2330
f 2331/2331 2333/2333 2332/2332
f 2334/2334 2332/2332 2333/2333
f 2332/2332 2335/2335 2330/2330
f 2330/2330 2335/2335 2336/2336
f 2336/2336 2335/2335 2337/2337
f 2340/2340 2339/2339 2338/2338
f 2341/2341 2339/2339 2340/2340
f 2344/2344 2343/2343 2342/2342
f 2345/2345 2342/2342 2343/2343
f 2344/2344 2342/2342 2346/2346
f 2347/2347 2346/2346 2342/2342
f 2350/2350 2349/2349 2348/2348
f 2351/2351 2348/2348 2349/2349
f 2352/2352 2350/2350 2348/2348
f 2355/2355 2354/2354 2353/2353
f 2358/2358 2357/2357 2356/2356
f 2361/2361 2360/2360 2359/2359
f 2362/2362 2359/2359 2360/2360
f 2359/2359 2362/2362 2363/2363
f 2364/2364 2363/2363 2362/2362
f 2367/2367 2366/2366 2365/2365
f 2368/2368 2367/2367 2365/2365
f 2371/2371 2370/2370 2369/2369
f 2374/2374 2373/2373 2372/2372
f 2375/2375 2372/2372 2373/2373
f 2376/2376 2372/2372 2375/2375
f 2379/2379 2378/2378 2377/2377
f 2380/2380 2377/2377 2378/2378
f 2383/2383 2382/2382 2381/2381
f 2386/2386 2385/2385 2384/2384
f 2387/2387 2386/2386 2384/2384
f 2390/2390 2389/2389 2388/2388
f 2388/2388 2389/2389 2391/2391
f 2392/2392 2391/2391 2389/2389
f 2395/2395 2394/2394 2393/2393
f 2396/2396 2393/2393 2394/2394
f 2399/2399 2398/2398 2397/2397
f 2398/2398 2399/2399 2400/2400
f 2401/2401 2400/2400 2399/2399
f 2404/2404 2403/2403 2402/2402
f 2405/2405 2402/2402 2403/2403
f 2408/2408 2407/2407 2406/2406
f 2407/2407 2409/2409 2406/2406
f 2410/2410 2408/2408 2406/2406
f 2409/2409 2411/2411 2406/2406
f 2412/2412 2410/2410 2406/2406
f 2413/2413 2412/2412 2406/2406
f 2414/2414 2413/2413 2406/2406
f 2411/2411 2415/2415 2406/2406
f 2414/2414 2406/2406 2416/2416
f 2416/2416 2406/2406 2415/2415
f 2417/2417 2414/2414 2416/2416
f 2418/2418 2417/2417 2416/2416
f 2419/2419 2418/2418 2416/2416
f 2420/2420 2416/2416 2415/2415
f 2421/2421 2420/2420 2415/2415
f 2422/2422 2421/2421 2415/2415
f 2425/2425 2424/2424 2423/2423
f 2424/2424 2425/2425 2426/2426
f 2427/2427 2423/2423 2424/2424
f 2423/2423 2427/2427 2428/2428
f 2429/2429 2428/2428 2427/2427
f 2430/2430 2426/2426 2425/2425
f 2426/2426 2430/2430 2431/2431
f 2432/2432 2431/2431 2430/2430
f 2431/2431 2432/2432 2433/2433
f 2434/2434 2433/2433 2432/2432
f 2433/2433 2434/2434 2435/2435
f 2436/2436 2435/2435 2434/2434
f 2435/2435 2436/2436 2437/2437
f 2438/2438 2437/2437 2436/2436
f 2437/2437 2438/2438 2439/2439
f 2440/2440 2439/2439 2438/2438
f 2439/2439 2440/2440 2441/2441
f 2442/2442 2441/2441 2440/2440
f 2441/2441 2442/2442 2443/2443
f 2444/2444 2443/2443 2442/2442
f 2443/2443 2444/2444 2445/2445
f 2446/2446 2445/2445 2444/2444
f 2445/2445 2446/2446 2447/2447
f 2448/2448 2447/2447 2446/2446
f 2447/2447 2448/2448 2449/2449
f 2450/2450 2449/2449 2448/2448
f 2449/2449 2450/2450 2451/2451
f 2452/2452 2451/2451 2450/2450
f 2451/2451 2452/2452 2453/2453
f 2454/2454 2453/2453 2452/2452
f 2453/2453 2454/2454 2455/2455
f 2456/2456 2455/2455 2454/2454
f 2459/2459 2458/2458 2457/2457
f 2460/2460 2457/2457 2458/2458
f 2463/2463 2462/2462 2461/2461
f 2462/2462 2464/2464 2461/2461
f 2464/2464 2465/2465 2461/2461
f 2464/2464 2466/2466 2465/2465
f 2466/2466 2467/2467 2465/2465
f 2470/2470 2469/2469 2468/2468
f 2471/2471 2468/2468 2469/2469
f 2469/2469 2470/2470 2472/2472
f 2473/2473 2472/2472 2470/2470
f 2474/2474 2472/2472 2473/2473
f 2474/2474 2473/2473 2475/2475
f 2476/2476 2475/2475 2473/2473
f 2474/2474 2475/2475 2477/2477
f 2478/2478 2477/2477 2475/2475
f 2478/2478 2480/2480 2479/2479
f 2481/2481 2479/2479 2480/2480
f 2484/2484 2483/2483 2482/2482
f 2483/2483 2485/2485 2482/2482
f 2485/2485 2486/2486 2482/2482
f 2484/2484 2482/2482 2487/2487
f 2487/2487 2488/2488 2484/2484
f 2489/2489 2484/2484 2488/2488
f 2487/2487 2490/2490 2488/2488
f 2491/2491 2488/2488 2490/2490
f 2492/2492 2491/2491 2490/2490
f 2495/2495 2494/2494 2493/2493
f 2494/2494 2496/2496 2493/2493
f 2496/2496 2497/2497 2493/2493
f 2497/2497 2496/2496 2498/2498
f 2498/2498 2499/2499 2497/2497
f 2499/2499 2500/2500 2497/2497
f 2500/2500 2501/2501 2497/2497
f 2501/2501 2502/2502 2497/2497
f 2505/2505 2504/2504 2503/2503
f 2505/2505 2506/2506 2504/2504
f 2507/2507 2504/2504 2506/2506
f 2503/2503 2508/2508 2505/2505
f 2508/2508 2503/2503 2509/2509
f 2504/2504 2510/2510 2503/2503
f 2511/2511 2503/2503 2510/2510
f 2512/2512 2511/2511 2510/2510
f 2510/2510 2513/2513 2512/2512
f 2516/2516 2515/2515 2514/2514
f 2517/2517 2514/2514 2515/2515
f 2520/2520 2519/2519 2518/2518
f 2519/2519 2520/2520 2521/2521
f 2524/2524 2523/2523 2522/2522
f 2525/2525 2522/2522 2523/2523
f 2522/2522 2526/2526 2524/2524
f 2527/2527 2524/2524 2526/2526
f 2526/2526 2528/2528 2527/2527
f 2529/2529 2527/2527 2528/2528
f 2528/2528 2530/2530 2529/2529
f 2531/2531 2529/2529 2530/2530
f 2534/2534 2533/2533 2532/2532
f 2535/2535 2534/2534 2532/2532
f 2536/2536 2534/2534 2535/2535
f 2537/2537 2536/2536 2535/2535
f 2540/2540 2539/2539 2538/2538
f 2543/2543 2542/2542 2541/2541
f 2544/2544 2541/2541 2542/2542
f 2547/2547 2546/2546 2545/2545
f 2548/2548 2547/2547 2545/2545
f 2549/2549 2548/2548 2545/2545
f 2550/2550 2548/2548 2549/2549
f 2551/2551 2550/2550 2549/2549
f 2554/2554 2553/2553 2552/2552
f 2555/2555 2552/2552 2553/2553
f 2553/2553 2556/2556 2555/2555
f 2557/2557 2555/2555 2556/2556
f 2556/2556 2558/2558 2557/2557
f 2558/2558 2559/2559 2557/2557
f 2560/2560 2557/2557 2559/2559
f 2558/2558 2561/2561 2559/2559
f 2562/2562 2559/2559 2561/2561
f 2562/2562 2564/2564 2563/2563
f 2565/2565 2563/2563 2564/2564
f 2568/2568 2567/2567 2566/2566
f 2569/2569 2568/2568 2566/2566
f 2570/2570 2569/2569 2566/2566
f 2566/2566 2567/2567 2571/2571
f 2571/2571 2567/2567 2572/2572
f 2573/2573 2572/2572 2567/2567
f 2574/2574 2571/2571 2572/2572
f 2572/2572 2575/2575 2574/2574
f 2575/2575 2576/2576 2574/2574
f 2579/2579 2578/2578 2577/2577
f 2578/2578 2580/2580 2577/2577
f 2580/2580 2581/2581 2577/2577
f 2578/2578 2579/2579 2582/2582
f 2583/2583 2582/2582 2579/2579
f 2584/2584 2583/2583 2579/2579
f 2585/2585 2584/2584 2579/2579
f 2586/2586 2585/2585 2579/2579
f 2589/2589 2588/2588 2587/2587
f 2590/2590 2588/2588 2589/2589
f 2589/2589 2591/2591 2590/2590
f 2592/2592 2587/2587 2588/2588
f 2587/2587 2592/2592 2593/2593
f 2589/2589 2587/2587 2594/2594
f 2595/2595 2594/2594 2587/2587
f 2595/2595 2596/2596 2594/2594
f 2597/2597 2594/2594 2596/2596
f 2600/2600 2599/2599 2598/2598
f 2601/2601 2598/2598 2599/2599
f 2604/2604 2603/2603 2602/2602
f 2603/2603 2604/2604 2605/2605
f 2608/2608 2607/2607 2606/2606
f 2609/2609 2606/2606 2607/2607
f 2606/2606 2609/2609 2610/2610
f 2611/2611 2610/2610 2609/2609
f 2610/2610 2611/2611 2612/2612
f 2613/2613 2612/2612 2611/2611
f 2612/2612 2613/2613 2614/2614
f 2615/2615 2614/2614 2613/2613
f 2618/2618 2617/2617 2616/2616
f 2617/2617 2619/2619 2616/2616
f 2617/2617 2620/2620 2619/2619
f 2620/2620 2621/2621 2619/2619
f 2624/2624 2623/2623 2622/2622
f 2625/2625 2622/2622 2623/2623
f 2623/2623 2626/2626 2625/2625
f 2627/2627 2625/2625 2626/2626
f 2630/2630 2629/2629 2628/2628
f 2631/2631 2628/2628 2629/2629
f 2634/2634 2633/2633 2632/2632
f 2637/2637 2636/2636 2635/2635
f 2638/2638 2635/2635 2636/2636
f 2641/2641 2640/2640 2639/2639
f 2642/2642 2639/2639 2640/2640
f 2642/2642 2640/2640 2643/2643
f 2644/2644 2643/2643 2640/2640
f 2643/2643 2644/2644 2645/2645
f 2646/2646 2645/2645 2644/2644
f 2646/2646 2647/2647 2645/2645
f 2648/2648 2645/2645 2647/2647
f 2651/2651 2650/2650 2649/2649
f 2652/2652 2649/2649 2650/2650
f 2649/2649 2652/2652 2653/2653
f 2654/2654 2653/2653 2652/2652
f 2657/2657 2656/2656 2655/2655
f 2658/2658 2655/2655 2656/2656
f 2658/2658 2659/2659 2655/2655
f 2660/2660 2655/2655 2659/2659
f 2663/2663 2662/2662 2661/2661
f 2664/2664 2661/2661 2662/2662
f 2661/2661 2664/2664 2665/2665
f 2666/2666 2661/2661 2665/2665
f 2667/2667 2666/2666 2665/2665
f 2668/2668 2666/2666 2667/2667
f 2665/2665 2664/2664 2669/2669
f 2670/2670 2669/2669 2664/2664
f 2670/2670 2671/2671 2669/2669
f 2672/2672 2669/2669 2671/2671
f 2672/2672 2671/2671 2673/2673
f 2674/2674 2673/2673 2671/2671
f 2677/2677 2676/2676 2675/2675
f 2678/2678 2675/2675 2676/2676
f 2677/2677 2675/2675 2679/2679
f 2680/2680 2679/2679 2675/2675
f 2679/2679 2680/2680 2681/2681
f 2682/2682 2681/2681 2680/2680
f 2682/2682 2683/2683 2681/2681
f 2682/2682 2684/2684 2683/2683
f 2685/2685 2683/2683 2684/2684
f 2683/2683 2686/2686 2681/2681
f 2681/2681 2686/2686 2687/2687
f 2687/2687 2686/2686 2688/2688
f 2691/2691 2690/2690 2689/2689
f 2692/2692 2690/2690 2691/2691
f 2695/2695 2694/2694 2693/2693
f 2696/2696 2693/2693 2694/2694
f 2695/2695 2693/2693 2697/2697
f 2698/2698 2697/2697 2693/2693
f 2701/2701 2700/2700 2699/2699
f 2702/2702 2699/2699 2700/2700
f 2703/2703 2701/2701 2699/2699
f 2706/2706 2705/2705 2704/2704
f 2709/2709 2708/2708 2707/2707
f 2712/2712 2711/2711 2710/2710
f 2713/2713 2710/2710 2711/2711
f 2710/2710 2713/2713 2714/2714
f 2715/2715 2714/2714 2713/2713
f 2718/2718 2717/2717 2716/2716
f 2719/2719 2718/2718 2716/2716
f 2722/2722 2721/2721 2720/2720
f 2725/2725 2724/2724 2723/2723
f 2726/2726 2723/2723 2724/2724
f 2727/2727 2723/2723 2726/2726
f 2730/2730 2729/2729 2728/2728
f 2731/2731 2728/2728 2729/2729
f 2734/2734 2733/2733 2732/2732
f 2737/2737 2736/2736 2735/2735
f 2738/2738 2737/2737 2735/2735
f 2741/2741 2740/2740 2739/2739
f 2739/2739 2740/2740 2742/2742
f 2743/2743 2742/2742 2740/2740
f 2746/2746 2745/2745 2744/2744
f 2747/2747 2744/2744 2745/2745
f 2750/2750 2749/2749 2748/2748
f 2749/2749 2750/2750 2751/2751
f 2752/2752 2751/2751 2750/2750
f 2755/2755 2754/2754 2753/2753
f 2756/2756 2753/2753 2754/2754
f 2759/2759 2758/2758 2757/2757
f 2758/2758 2760/2760 2757/2757
f 2761/2761 2759/2759 2757/2757
f 2760/2760 2762/2762 2757/2757
f 2763/2763 2761/2761 2757/2757
f 2764/2764 2763/2763 2757/2757
f 2765/2765 2764/2764 2757/2757
f 2762/2762 2766/2766 2757/2757
f 2765/2765 2757/2757 2767/2767
f 2767/2767 2757/2757 2766/2766
f 2768/2768 2765/2765 2767/2767
f 2769/2769 2768/2768 2767/2767
f 2770/2770 2769/2769 2767/2767
f 2771/2771 2767/2767 2766/2766
f 2772/2772 2771/2771 2766/2766
f 2773/2773 2772/2772 2766/2766
f 2776/2776 2775/2775 2774/2774
f 2775/2775 2776/2776 2777/2777
f 2778/2778 2774/2774 2775/2775
f 2774/2774 2778/2778 2779/2779
f 2780/2780 2779/2779 2778/2778
f 2781/2781 2777/2777 2776/2776
f 2777/2777 2781/2781 2782/2782
f 2783/2783 2782/2782 2781/2781
f 2782/2782 2783/2783 2784/2784
f 2785/2785 2784/2784 2783/2783
f 2784/2784 2785/2785 2786/2786
f 2787/2787 2786/2786 2785/2785
f 2786/2786 2787/2787 2788/2788
f 2789/2789 2788/2788 2787/2787
f 2788/2788 2789/2789 2790/2790
f 2791/2791 2790/2790 2789/2789
f 2790/2790 2791/2791 2792/2792
f 2793/2793 2792/2792 2791/2791
f 2792/2792 2793/2793 2794/2794
f 2795/2795 2794/2794 2793/2793
f 2794/2794 2795/2795 2796/2796
f 2797/2797 2796/2796 2795/2795
f 2796/2796 2797/2797 2798/2798
f 2799/2799 2798/2798 2797/2797
f 2798/2798 2799/2799 2800/2800
f 2801/2801 2800/2800 2799/2799
f 2800/2800 2801/2801 2802/2802
f 2803/2803 2802/2802 2801/2801
f 2802/2802 2803/2803 2804/2804
f 2805/2805 2804/2804 2803/2803
f 2804/2804 2805/2805 2806/2806
f 2807/2807 2806/2806 2805/2805
f 2810/2810 2809/2809 2808/2808
f 2811/2811 2808/2808 2809/2809
f 2814/2814 2813/2813 2812/2812
f 2813/2813 2815/2815 2812/2812
f 2815/2815 2816/2816 2812/2812
f 2815/2815 2817/2817 2816/2816
f 2817/2817 2818/2818 2816/2816
f 2821/2821 2820/2820 2819/2819
f 2822/2822 2819/2819 2820/2820
f 2820/2820 2821/2821 2823/2823
f 2824/2824 2823/2823 2821/2821
f 2825/2825 2823/2823 2824/2824
f 2825/2825 2824/2824 2826/2826
f 2827/2827 2826/2826 2824/2824
f 2825/2825 2826/2826 2828/2828
f 2829/2829 2828/2828 2826/2826
f 2829/2829 2831/2831 2830/2830
f 2832/2832 2830/2830 2831/2831
f 2835/2835 2834/2834 2833/2833
f 2834/2834 2836/2836 2833/2833
f 2836/2836 2837/2837 2833/2833
f 2835/2835 2833/2833 2838/2838
f 2838/2838 2839/2839 2835/2835
f 2840/2840 2835/2835 2839/2839
f 2838/2838 2841/2841 2839/2839
f 2842/2842 2839/2839 2841/2841
f 2843/2843 2842/2842 2841/2841
f 2846/2846 2845/2845 2844/2844
f 2845/2845 2847/2847 2844/2844
f 2847/2847 2848/2848 2844/2844
f 2848/2848 2847/2847 2849/2849
f 2849/2849 2850/2850 2848/2848
f 2850/2850 2851/2851 2848/2848
f 2851/2851 2852/2852 2848/2848
f 2852/2852 2853/2853 2848/2848
f 2856/2856 2855/2855 2854/2854
f 2856/2856 2857/2857 2855/2855
f 2858/2858 2855/2855 2857/2857
f 2854/2854 2859/2859 2856/2856
f 2859/2859 2854/2854 2860/2860
f 2855/2855 2861/2861 2854/2854
f 2862/2862 2854/2854 2861/2861
f 2863/2863 2862/2862 2861/2861
f 2861/2861 2864/2864 2863/2863
f 2867/2867 2866/2866 2865/2865
f 2868/2868 2865/2865 2866/2866
f 2871/2871 2870/2870 2869/2869
f 2870/2870 2871/2871 2872/2872
f 2875/2875 2874/2874 2873/2873
f 2876/2876 2873/2873 2874/2874
f 2873/2873 2877/2877 2875/2875
f 2878/2878 2875/2875 2877/2877
f 2877/2877 2879/2879 2878/2878
f 2880/2880 2878/2878 2879/2879
f 2879/2879 2881/2881 2880/2880
f 2882/2882 2880/2880 2881/2881
f 2885/2885 2884/2884 2883/2883
f 2886/2886 2885/2885 2883/2883
f 2887/2887 2885/2885 2886/2886
f 2888/2888 2887/2887 2886/2886
f 2891/2891 2890/2890 2889/2889
f 2894/2894 2893/2893 2892/2892
f 2895/2895 2892/2892 2893/2893
f 2898/2898 2897/2897 2896/2896
f 2899/2899 2898/2898 2896/2896
f 2900/2900 2899/2899 2896/2896
f 2901/2901 2899/2899 2900/2900
f 2902/2902 2901/2901 2900/2900
f 2905/2905 2904/2904 2903/2903
f 2906/2906 2903/2903 2904/2904
f 2904/2904 2907/2907 2906/2906
f 2908/2908 2906/2906 2907/2907
f 2907/2907 2909/2909 2908/2908
f 2909/2909 2910/2910 2908/2908
f 2911/2911 2908/2908 2910/2910
f 2909/2909 2912/2912 2910/2910
f 2913/2913 2910/2910 2912/2912
f 2913/2913 2915/2915 2914/2914
f 2916/2916 2914/2914 2915/2915
f 2919/2919 2918/2918 2917/2917
f 2920/2920 2919/2919 2917/2917
f 2921/2921 2920/2920 2917/2917
f 2917/2917 2918/2918 2922/2922
f 2922/2922 2918/2918 2923/2923
f 2924/2924 2923/2923 2918/2918
f 2925/2925 2922/2922 2923/2923
f 2923/2923 2926/2926 2925/2925
f 2926/2926 2927/2927 2925/2925
f 2930/2930 2929/2929 2928/2928
f 2929/2929 2931/2931 2928/2928
f 2931/2931 2932/2932 2928/2928
f 2929/2929 2930/2930 2933/2933
f 2934/2934 2933/2933 2930/2930
f 2935/2935 2934/2934 2930/2930
f 2936/2936 2935/2935 2930/2930
f 2937/2937 2936/2936 2930/2930
f 2940/2940 2939/2939 2938/2938
f 2941/2941 2939/2939 2940/2940
f 2940/2940 2942/2942 2941/2941
f 2943/2943 2938/2938 2939/2939
f 2938/2938 2943/2943 2944/2944
f 2940/2940 2938/2938 2945/2945
f 2946/2946 2945/2945 2938/2938
f 2946/2946 2947/2947 2945/2945
f 2948/2948 2945/2945 2947/2947
f 2951/2951 2950/2950 2949/2949
f 2952/2952 2949/2949 2950/2950
f 2955/2955 2954/2954 2953/2953
f 2954/2954 2955/2955 2956/2956
f 2959/2959 2958/2958 2957/2957
f 2960/2960 2957/2957 2958/2958
f 2957/2957 2960/2960 2961/2961
f 2962/2962 2961/2961 2960/2960
f 2961/2961 2962/2962 2963/2963
f 2964/2964 2963/2963 2962/2962
f 2963/2963 2964/2964 2965/2965
f 2966/2966 2965/2965 2964/2964
f 2969/2969 2968/2968 2967/2967
f 2968/2968 2970/2970 2967/2967
f 2968/2968 2971/2971 2970/2970
f 2971/2971 2972/2972 2970/2970
f 2975/2975 2974/2974 2973/2973
f 2976/2976 2973/2973 2974/2974
f 2974/2974 2977/2977 2976/2976
f 2978/2978 2976/2976 2977/2977
f 2981/2981 2980/2980 2979/2979
f 2982/2982 2979/2979 2980/2980
f 2985/2985 2984/2984 2983/2983
f 2988/2988 2987/2987 2986/2986
f 2989/2989 2986/2986 2987/2987
f 2992/2992 2991/2991 2990/2990
f 2993/2993 2990/2990 2991/2991
f 2993/2993 2991/2991 2994/2994
f 2995/2995 2994/2994 2991/2991
f 2994/2994 2995/2995 2996/2996
f 2997/2997 2996/2996 2995/2995
f 2997/2997 2998/2998 2996/2996
f 2999/2999 2996/2996 2998/2998
f 3002/3002 3001/3001 3000/3000
f 3003/3003 3000/3000 3001/3001
f 3000/3000 3003/3003 3004/3004
f 3005/3005 3004/3004 3003/3003
f 3008/3008 3007/3007 3006/3006
f 3009/3009 3006/3006 3007/3007
f 3009/3009 3010/3010 3006/3006
f 3011/3011 3006/3006 3010/3010
f 3014/3014 3013/3013 3012/3012
f 3015/3015 3012/3012 3013/3013
f 3012/3012 3015/3015 3016/3016
f 3017/3017 3012/3012 3016/3016
f 3018/3018 3017/3017 3016/3016
f 3019/3019 3017/3017 3018/3018
f 3016/3016 3015/3015 3020/3020
f 3021/3021 3020/3020 3015/3015
f 3021/3021 3022/3022 3020/3020
f 3023/3023 3020/3020 3022/3022
f 3023/3023 3022/3022 3024/3024
f 3025/3025 3024/3024 3022/3022
f 3028/3028 3027/3027 3026/3026
f 3029/3029 3026/3026 3027/3027
f 3028/3028 3026/3026 3030/3030
f 3031/3031 3030/3030 3026/3026
f 3030/3030 3031/3031 3032/3032
f 3033/3033 3032/3032 3031/3031
f 3033/3033 3034/3034 3032/3032
f 3033/3033 3035/3035 3034/3034
f 3036/3036 3034/3034 3035/3035
f 3034/3034 3037/3037 3032/3032
f 3032/3032 3037/3037 3038/3038
f 3038/3038 3037/3037 3039/3039
f 3042/3042 3041/3041 3040/3040
f 3043/3043 3041/3041 3042/3042
f 3046/3046 3045/3045 3044/3044
f 3047/3047 3044/3044 3045/3045
f 3046/3046 3044/3044 3048/3048
f 3049/3049 3048/3048 3044/3044
f 3052/3052 3051/3051 3050/3050
f 3053/3053 3050/3050 3051/3051
f 3054/3054 3052/3052 3050/3050
f 3057/3057 3056/3056 3055/3055
f 3060/3060 3059/3059 3058/3058
f 3063/3063 3062/3062 3061/3061
f 3064/3064 3061/3061 3062/3062
f 3061/3061 3064/3064 3065/3065
f 3066/3066 3065/3065 3064/3064
f 3069/3069 3068/3068 3067/3067
f 3070/3070 3069/3069 3067/3067
f 3073/3073 3072/3072 3071/3071
f 3076/3076 3075/3075 3074/3074
f 3077/3077 3074/3074 3075/3075
f 3078/3078 3074/3074 3077/3077
f 3081/3081 3080/3080 3079/3079
f 3082/3082 3079/3079 3080/3080
f 3085/3085 3084/3084 3083/3083
f 3088/3088 3087/3087 3086/3086
f 3089/3089 3088/3088 3086/3086
f 3092/3092 3091/3091 3090/3090
f 3090/3090 3091/3091 3093/3093
f 3094/3094 3093/3093 3091/3091
f 3097/3097 3096/3096 3095/3095
f 3098/3098 3095/3095 3096/3096
f 3101/3101 3100/3100 3099/3099
f 3100/3100 3101/3101 3102/3102
f 3103/3103 3102/3102 3101/3101
f 3106/3106 3105/3105 3104/3104
f 3107/3107 3104/3104 3105/3105
f 3110/3110 3109/3109 3108/3108
f 3109/3109 3111/3111 3108/3108
f 3112/3112 3110/3110 3108/3108
f 3111/3111 3113/3113 3108/3108
f 3114/3114 3112/3112 3108/3108
f 3115/3115 3114/3114 3108/3108
f 3116/3116 3115/3115 3108/3108
f 3113/3113 3117/3117 3108/3108
f 3116/3116 3108/3108 3118/3118
f 3118/3118 3108/3108 3117/3117
f 3119/3119 3116/3116 3118/3118
f 3120/3120 3119/3119 3118/3118
f 3121/3121 3120/3120 3118/3118
f 3122/3122 3118/3118 3117/3117
f 3123/3123 3122/3122 3117/3117
f 3124/3124 3123/3123 3117/3117
f 3127/3127 3126/3126 3125/3125
f 3126/3126 3127/3127 3128/3128
f 3129/3129 3125/3125 3126/3126
f 3125/3125 3129/3129 3130/3130
f 3131/3131 3130/3130 3129/3129
f 3132/3132 3128/3128 3127/3127
f 3128/3128 3132/3132 3133/3133
f 3134/3134 3133/3133 3132/3132
f 3133/3133 3134/3134 3135/3135
f 3136/3136 3135/3135 3134/3134
f 3135/3135 3136/3136 3137/3137
f 3138/3138 3137/3137 3136/3136
f 3137/3137 3138/3138 3139/3139
f 3140/3140 3139/3139 3138/3138
f 3139/3139 3140/3140 3141/3141
f 3142/3142 3141/3141 3140/3140
f 3141/3141 3142/3142 3143/3143
f 3144/3144 3143/3143 3142/3142
f 3143/3143 3144/3144 3145/3145
f 3146/3146 3145/3145 3144/3144
f 3145/3145 3146/3146 3147/3147
f 3148/3148 3147/3147 3146/3146
f 3147/3147 3148/3148 3149/3149
f 3150/3150 3149/3149 3148/3148
f 3149/3149 3150/3150 3151/3151
f 3152/3152 3151/3151 3150/3150
f 3151/3151 3152/3152 3153/3153
f 3154/3154 3153/3153 3152/3152
f 3153/3153 3154/3154 3155/3155
f 3156/3156 3155/3155 3154/3154
f 3155/3155 3156/3156 3157/3157
f 3158/3158 3157/3157 3156/3156
f 3161/3161 3160/3160 3159/3159
f 3162/3162 3159/3159 3160/3160
f 3165/3165 3164/3164 3163/3163
f 3164/3164 3166/3166 3163/3163
f 3166/3166 3167/3167 3163/3163
f 3166/3166 3168/3168 3167/3167
f 3168/3168 3169/3169 3167/3167
f 3172/3172 3171/3171 3170/3170
f 3173/3173 3170/3170 3171/3171
f 3171/3171 3172/3172 3174/3174
f 3175/3175 3174/3174 3172/3172
f 3176/3176 3174/3174 3175/3175
f 3176/3176 3175/3175 3177/3177
f 3178/3178 3177/3177 3175/3175
f 3176/3176 3177/3177 3179/3179
f 3180/3180 3179/3179 3177/3177
f 3180/3180 3182/3182 3181/3181
f 3183/3183 3181/3181 3182/3182
f 3186/3186 3185/3185 3184/3184
f 3185/3185 3187/3187 3184/3184
f 3187/3187 3188/3188 3184/3184
f 3186/3186 3184/3184 3189/3189
f 3189/3189 3190/3190 3186/3186
f 3191/3191 3186/3186 3190/3190
f 3189/3189 3192/3192 3190/3190
f 3193/3193 3190/3190 3192/3192
f 3194/3194 3193/3193 3192/3192
f 3197/3197 3196/3196 3195/3195
f 3196/3196 3198/3198 3195/3195
f 3198/3198 3199/3199 3195/3195
f 3199/3199 3198/3198 3200/3200
f 3200/3200 3201/3201 3199/3199
f 3201/3201 3202/3202 3199/3199
f 3202/3202 3203/3203 3199/3199
f 3203/3203 3204/3204 3199/3199
f 3207/3207 3206/3206 3205/3205
f 3207/3207 3208/3208 3206/3206
f 3209/3209 3206/3206 3208/3208
f 3205/3205 3210/3210 3207/3207
f 3210/3210 3205/3205 3211/3211
f 3206/3206 3212/3212 3205/3205
f 3213/3213 3205/3205 3212/3212
f 3214/3214 3213/3213 3212/3212
f 3212/3212 3215/3215 3214/3214
f 3218/3218 3217/3217 3216/3216
f 3219/3219 3216/3216 3217/3217
f 3222/3222 3221/3221 3220/3220
f 3221/3221 3222/3222 3223/3223
f 3226/3226 3225/3225 3224/3224
f 3227/3227 3224/3224 3225/3225
f 3224/3224 3228/3228 3226/3226
f 3229/3229 3226/3226 3228/3228
f 3228/3228 3230/3230 3229/3229
f 3231/3231 3229/3229 3230/3230
f 3230/3230 3232/3232 3231/3231
f 3233/3233 3231/3231 3232/3232
f 3236/3236 3235/3235 3234/3234
f 3237/3237 3236/3236 3234/3234
f 3238/3238 3236/3236 3237/3237
f 3239/3239 3238/3238 3237/3237
f 3242/3242 3241/3241 3240/3240
f 3245/3245 3244/3244 3243/3243
f 3246/3246 3243/3243 3244/3244
f 3249/3249 3248/3248 3247/3247
f 3250/3250 3249/3249 3247/3247
f 3251/3251 3250/3250 3247/3247
f 3252/3252 3250/3250 3251/3251
f 3253/3253 3252/3252 3251/3251
f 3256/3256 3255/3255 3254/3254
f 3257/3257 3254/3254 3255/3255
f 3255/3255 3258/3258 3257/3257
f 3259/3259 3257/3257 3258/3258
f 3258/3258 3260/3260 3259/3259
f 3260/3260 3261/3261 3259/3259
f 3262/3262 3259/3259 3261/3261
f 3260/3260 3263/3263 3261/3261
f 3264/3264 3261/3261 3263/3263
f 3264/3264 3266/3266 3265/3265
f 3267/3267 3265/3265 3266/3266
f 3270/3270 3269/3269 3268/3268
f 3271/3271 3270/3270 3268/3268
f 3272/3272 3271/3271 3268/3268
f 3268/3268 3269/3269 3273/3273
f 3273/3273 3269/3269 3274/3274
f 3275/3275 3274/3274 3269/3269
f 3276/3276 3273/3273 3274/3274
f 3274/3274 3277/3277 3276/3276
f 3277/3277 3278/3278 3276/3276
f 3281/3281 3280/3280 3279/3279
f 3280/3280 3282/3282 3279/3279
f 3282/3282 3283/3283 3279/3279
f 3280/3280 3281/3281 3284/3284
f 3285/3285 3284/3284 3281/3281
f 3286/3286 3285/3285 3281/3281
f 3287/3287 3286/3286 3281/3281
f 3288/3288 3287/3287 3281/3281
f 3291/3291 3290/3290 3289/3289
f 3292/3292 3290/3290 3291/3291
f 3291/3291 3293/3293 3292/3292
f 3294/3294 3289/3289 3290/3290
f 3289/3289 3294/3294 3295/3295
f 3291/3291 3289/3289 3296/3296
f 3297/3297 3296/3296 3289/3289
f 3297/3297 3298/3298 3296/3296
f 3299/3299 3296/3296 3298/3298
f 3302/3302 3301/3301 3300/3300
f 3303/3303 3300/3300 3301/3301
f 3306/3306 3305/3305 3304/3304
f 3305/3305 3306/3306 3307/3307
f 3310/3310 3309/3309 3308/3308
f 3311/3311 3308/3308 3309/3309
f 3308/3308 3311/3311 3312/3312
f 3313/3313 3312/3312 3311/3311
f 3312/3312 3313/3313 3314/3314
f 3315/3315 3314/3314 3313/3313
f 3314/3314 3315/3315 3316/3316
f 3317/3317 3316/3316 3315/3315
f 3320/3320 3319/3319 3318/3318
f 3319/3319 3321/3321 3318/3318
f 3319/3319 3322/3322 3321/3321
f 3322/3322 3323/3323 3321/3321
f 3326/3326 3325/3325 3324/3324
f 3327/3327 3324/3324 3325/3325
f 3325/3325 3328/3328 3327/3327
f 3329/3329 3327/3327 3328/3328
f 3332/3332 3331/3331 3330/3330
f 3333/3333 3330/3330 3331/3331
f 3336/3336 3335/3335 3334/3334
f 3339/3339 3338/3338 3337/3337
f 3340/3340 3337/3337 3338/3338
f 3343/3343 3342/3342 3341/3341
f 3344/3344 3341/3341 3342/3342
f 3344/3344 3342/3342 3345/3345
f 3346/3346 3345/3345 3342/3342
f 3345/3345 3346/3346 3347/3347
f 3348/3348 3347/3347 3346/3346
f 3348/3348 3349/3349 3347/3347
f 3350/3350 3347/3347 3349/3349
f 3353/3353 3352/3352 3351/3351
f 3354/3354 3351/3351 3352/3352
f 3351/3351 3354/3354 3355/3355
f 3356/3356 3355/3355 3354/3354
f 3359/3359 3358/3358 3357/3357
f 3360/3360 3357/3357 3358/3358
f 3360/3360 3361/3361 3357/3357
f 3362/3362 3357/3357 3361/3361
f 3365/3365 3364/3364 3363/3363
f 3366/3366 3363/3363 3364/3364
f 3363/3363 3366/3366 3367/3367
f 3368/3368 3363/3363 3367/3367
f 3369/3369 3368/3368 3367/3367
f 3370/3370 3368/3368 3369/3369
f 3367/3367 3366/3366 3371/3371
f 3372/3372 3371/3371 3366/3366
f 3372/3372 3373/3373 3371/3371
f 3374/3374 3371/3371 3373/3373
f 3374/3374 3373/3373 3375/3375
f 3376/3376 3375/3375 3373/3373
f 3379/3379 3378/3378 3377/3377
f 3380/3380 3377/3377 3378/3378
f 3379/3379 3377/3377 3381/3381
f 3382/3382 3381/3381 3377/3377
f 3381/3381 3382/3382 3383/3383
f 3384/3384 3383/3383 3382/3382
f 3384/3384 3385/3385 3383/3383
f 3384/3384 3386/3386 3385/3385
f 3387/3387 3385/3385 3386/3386
f 3385/3385 3388/3388 3383/3383
f 3383/3383 3388/3388 3389/3389
f 3389/3389 3388/3388 3390/3390
f 3393/3393 3392/3392 3391/3391
f 3394/3394 3392/3392 3393/3393
f 3397/3397 3396/3396 3395/3395
f 3398/3398 3395/3395 3396/3396
f 3397/3397 3395/3395 3399/3399
f 3400/3400 3399/3399 3395/3395
f 3403/3403 3402/3402 3401/3401
f 3404/3404 3401/3401 3402/3402
f 3405/3405 3403/3403 3401/3401
f 3408/3408 3407/3407 3406/3406
f 3411/3411 3410/3410 3409/3409
f 3414/3414 3413/3413 3412/3412
f 3415/3415 3412/3412 3413/3413
f 3412/3412 3415/3415 3416/3416
f 3417/3417 3416/3416 3415/3415
f 3420/3420 3419/3419 3418/3418
f 3421/3421 3420/3420 3418/3418
f 3424/3424 3423/3423 3422/3422
f 3427/3427 3426/3426 3425/3425
f 3428/3428 3425/3425 3426/3426
f 3429/3429 3425/3425 3428/3428
f 3432/3432 3431/3431 3430/3430
f 3433/3433 3430/3430 3431/3431
f 3436/3436 3435/3435 3434/3434
f 3439/3439 3438/3438 3437/3437
f 3440/3440 3439/3439 3437/3437
f 3443/3443 3442/3442 3441/3441
f 3441/3441 3442/3442 3444/3444
f 3445/3445 3444/3444 3442/3442
f 3448/3448 3447/3447 3446/3446
f 3449/3449 3446/3446 3447/3447
f 3452/3452 3451/3451 3450/3450
f 3451/3451 3452/3452 3453/3453
f 3454/3454 3453/3453 3452/3452
f 3457/3457 3456/3456 3455/3455
f 3458/3458 3455/3455 3456/3456
f 3461/3461 3460/3460 3459/3459
f 3460/3460 3462/3462 3459/3459
f 3463/3463 3461/3461 3459/3459
f 3462/3462 3464/3464 3459/3459
f 3465/3465 3463/3463 3459/3459
f 3466/3466 3465/3465 3459/3459
f 3467/3467 3466/3466 3459/3459
f 3464/3464 3468/3468 3459/3459
f 3467/3467 3459/3459 3469/3469
f 3469/3469 3459/3459 3468/3468
f 3470/3470 3467/3467 3469/3469
f 3471/3471 3470/3470 3469/3469
f 3472/3472 3471/3471 3469/3469
f 3473/3473 3469/3469 3468/3468
f 3474/3474 3473/3473 3468/3468
f 3475/3475 3474/3474 3468/3468
f 3478/3478 3477/3477 3476/3476
f 3477/3477 3478/3478 3479/3479
f 3480/3480 3476/3476 3477/3477
f 3476/3476 3480/3480 3481/3481
f 3482/3482 3481/3481 3480/3480
f 3483/3483 3479/3479 3478/3478
f 3479/3479 3483/3483 3484/3484
f 3485/3485 3484/3484 3483/3483
f 3484/3484 3485/3485 3486/3486
f 3487/3487 3486/3486 3485/3485
f 3486/3486 3487/3487 3488/3488
f 3489/3489 3488/3488 3487/3487
f 3488/3488 3489/3489 3490/3490
f 3491/3491 3490/3490 3489/3489
f 3490/3490 3491/3491 3492/3492
f 3493/3493 3492/3492 3491/3491
f 3492/3492 3493/3493 3494/3494
f 3495/3495 3494/3494 3493/3493
f 3494/3494 3495/3495 3496/3496
f 3497/3497 3496/3496 3495/3495
f 3496/3496 3497/3497 3498/3498
f 3499/3499 3498/3498 3497/3497
f 3498/3498 3499/3499 3500/3500
f 3501/3501 3500/3500 3499/3499
f 3500/3500 3501/3501 3502/3502
f 3503/3503 3502/3502 3501/3501
f 3502/3502 3503/3503 3504/3504
f 3505/3505 3504/3504 3503/3503
f 3504/3504 3505/3505 3506/3506
f 3507/3507 3506/3506 3505/3505
f 3506/3506 3507/3507 3508/3508
f 3509/3509 3508/3508 3507/3507
f 3512/3512 3511/3511 3510/3510
f 3514/3514 3513/3513 3512/3512
f 3511/3511 3512/3512 3513/3513
f 3513/3513 3515/3515 3511/3511
f 3516/3516 3510/3510 3511/3511
f 3510/3510 3516/3516 3517/3517
f 3518/3518 3511/3511 3515/3515
f 3515/3515 3519/3519 3518/3518
f 3511/3511 3520/3520 3516/3516
f 3520/3520 3511/3511 3518/3518
f 3521/3521 3517/3517 3516/3516
f 3517/3517 3521/3521 3522/3522
f 3523/3523 3516/3516 3520/3520
f 3516/3516 3523/3523 3521/3521
f 3520/3520 3518/3518 3524/3524
f 3520/3520 3524/3524 3523/3523
f 3525/3525 3518/3518 3519/3519
f 3525/3525 3524/3524 3518/3518
f 3519/3519 3526/3526 3525/3525
f 3527/3527 3522/3522 3521/3521
f 3522/3522 3527/3527 3528/3528
f 3529/3529 3521/3521 3523/3523
f 3521/3521 3529/3529 3527/3527
f 3530/3530 3528/3528 3527/3527
f 3523/3523 3531/3531 3529/3529
f 3531/3531 3523/3523 3524/3524
f 3532/3532 3527/3527 3529/3529
f 3527/3527 3532/3532 3530/3530
f 3528/3528 3530/3530 3533/3533
f 3529/3529 3534/3534 3532/3532
f 3534/3534 3529/3529 3531/3531
f 3524/3524 3535/3535 3531/3531
f 3524/3524 3525/3525 3535/3535
f 3531/3531 3536/3536 3534/3534
f 3536/3536 3531/3531 3535/3535
f 3537/3537 3535/3535 3525/3525
f 3537/3537 3525/3525 3526/3526
f 3526/3526 3538/3538 3537/3537
f 3535/3535 3537/3537 3539/3539
f 3535/3535 3539/3539 3536/3536
f 3540/3540 3537/3537 3538/3538
f 3540/3540 3539/3539 3537/3537
f 3538/3538 3541/3541 3540/3540
f 3542/3542 3540/3540 3541/3541
f 3540/3540 3542/3542 3539/3539
f 3543/3543 3539/3539 3542/3542
f 3543/3543 3544/3544 3539/3539
f 3545/3545 3539/3539 3544/3544
f 3545/3545 3536/3536 3539/3539
f 3544/3544 3546/3546 3545/3545
f 3536/3536 3545/3545 3547/3547
f 3547/3547 3534/3534 3536/3536
f 3548/3548 3545/3545 3546/3546
f 3548/3548 3547/3547 3545/3545
f 3546/3546 3549/3549 3548/3548
f 3534/3534 3547/3547 3550/3550
f 3550/3550 3532/3532 3534/3534
f 3547/3547 3548/3548 3551/3551
f 3551/3551 3550/3550 3547/3547
f 3552/3552 3548/3548 3549/3549
f 3552/3552 3551/3551 3548/3548
f 3549/3549 3553/3553 3552/3552
f 3532/3532 3550/3550 3554/3554
f 3554/3554 3530/3530 3532/3532
f 3550/3550 3551/3551 3555/3555
f 3555/3555 3554/3554 3550/3550
f 3551/3551 3552/3552 3556/3556
f 3556/3556 3555/3555 3551/3551
f 3557/3557 3552/3552 3553/3553
f 3557/3557 3556/3556 3552/3552
f 3553/3553 3558/3558 3557/3557
f 3559/3559 3557/3557 3558/3558
f 3556/3556 3557/3557 3560/3560
f 3559/3559 3560/3560 3557/3557
f 3559/3559 3558/3558 3561/3561
f 3559/3559 3561/3561 3560/3560
f 3562/3562 3561/3561 3558/3558
f 3560/3560 3563/3563 3556/3556
f 3555/3555 3556/3556 3563/3563
f 3564/3564 3560/3560 3561/3561
f 3560/3560 3564/3564 3563/3563
f 3561/3561 3562/3562 3565/3565
f 3561/3561 3565/3565 3564/3564
f 3566/3566 3565/3565 3562/3562
f 3563/3563 3567/3567 3555/3555
f 3554/3554 3555/3555 3567/3567
f 3568/3568 3563/3563 3564/3564
f 3563/3563 3568/3568 3567/3567
f 3569/3569 3564/3564 3565/3565
f 3564/3564 3569/3569 3568/3568
f 3565/3565 3566/3566 3570/3570
f 3565/3565 3570/3570 3569/3569
f 3571/3571 3570/3570 3566/3566
f 3567/3567 3572/3572 3554/3554
f 3530/3530 3554/3554 3572/3572
f 3572/3572 3533/3533 3530/3530
f 3567/3567 3573/3573 3572/3572
f 3573/3573 3567/3567 3568/3568
f 3572/3572 3574/3574 3533/3533
f 3574/3574 3572/3572 3573/3573
f 3575/3575 3533/3533 3574/3574
f 3568/3568 3576/3576 3573/3573
f 3576/3576 3568/3568 3569/3569
f 3573/3573 3577/3577 3574/3574
f 3577/3577 3573/3573 3576/3576
f 3574/3574 3578/3578 3575/3575
f 3578/3578 3574/3574 3577/3577
f 3579/3579 3575/3575 3578/3578
f 3569/3569 3580/3580 3576/3576
f 3580/3580 3569/3569 3570/3570
f 3576/3576 3581/3581 3577/3577
f 3581/3581 3576/3576 3580/3580
f 3577/3577 3582/3582 3578/3578
f 3582/3582 3577/3577 3581/3581
f 3578/3578 3583/3583 3579/3579
f 3583/3583 3578/3578 3582/3582
f 3584/3584 3579/3579 3583/3583
f 3570/3570 3585/3585 3580/3580
f 3570/3570 3571/3571 3585/3585
f 3586/3586 3585/3585 3571/3571
f 3587/3587 3580/3580 3585/3585
f 3580/3580 3587/3587 3581/3581
f 3585/3585 3586/3586 3588/3588
f 3585/3585 3588/3588 3587/3587
f 3589/3589 3588/3588 3586/3586
f 3589/3589 3590/3590 3588/3588
f 3591/3591 3581/3581 3587/3587
f 3581/3581 3591/3591 3582/3582
f 3592/3592 3587/3587 3588/3588
f 3587/3587 3592/3592 3591/3591
f 3593/3593 3588/3588 3590/3590
f 3590/3590 3594/3594 3593/3593
f 3595/3595 3593/3593 3594/3594
f 3593/3593 3596/3596 3588/3588
f 3593/3593 3595/3595 3596/3596
f 3592/3592 3588/3588 3596/3596
f 3597/3597 3596/3596 3595/3595
f 3596/3596 3597/3597 3598/3598
f 3596/3596 3598/3598 3592/3592
f 3599/3599 3598/3598 3597/3597
f 3600/3600 3591/3591 3592/3592
f 3600/3600 3592/3592 3598/3598
f 3601/3601 3582/3582 3591/3591
f 3591/3591 3600/3600 3601/3601
f 3582/3582 3601/3601 3583/3583
f 3598/3598 3599/3599 3602/3602
f 3598/3598 3602/3602 3600/3600
f 3603/3603 3602/3602 3599/3599
f 3604/3604 3601/3601 3600/3600
f 3604/3604 3600/3600 3602/3602
f 3605/3605 3583/3583 3601/3601
f 3601/3601 3604/3604 3605/3605
f 3583/3583 3605/3605 3584/3584
f 3606/3606 3584/3584 3605/3605
f 3607/3607 3605/3605 3604/3604
f 3607/3607 3604/3604 3602/3602
f 3605/3605 3607/3607 3606/3606
f 3602/3602 3603/3603 3607/3607
f 3608/3608 3606/3606 3607/3607
f 3609/3609 3607/3607 3603/3603
f 3607/3607 3609/3609 3608/3608
f 3610/3610 3608/3608 3609/3609
f 3613/3613 3612/3612 3611/3611
f 3613/3613 3614/3614 3612/3612
f 3612/3612 3615/3615 3611/3611
f 3614/3614 3616/3616 3612/3612
f 3617/3617 3615/3615 3612/3612
f 3616/3616 3618/3618 3612/3612
f 3619/3619 3617/3617 3612/3612
f 3618/3618 3620/3620 3612/3612
f 3621/3621 3619/3619 3612/3612
f 3620/3620 3622/3622 3612/3612
f 3623/3623 3621/3621 3612/3612
f 3624/3624 3621/3621 3623/3623
f 3622/3622 3625/3625 3612/3612
f 3626/3626 3625/3625 3622/3622
f 3622/3622 3627/3627 3626/3626
f 3629/3629 3628/3628 3624/3624
f 3632/3632 3631/3631 3630/3630
f 3630/3630 3633/3633 3632/3632
f 3633/3633 3634/3634 3632/3632
f 3632/3632 3634/3634 3635/3635
f 3635/3635 3634/3634 3636/3636
f 3636/3636 3634/3634 3637/3637
f 3638/3638 3636/3636 3637/3637
f 3639/3639 3638/3638 3637/3637
f 3640/3640 3639/3639 3637/3637
f 3641/3641 3640/3640 3637/3637
f 3642/3642 3641/3641 3637/3637
f 3642/3642 3643/3643 3641/3641
f 3642/3642 3644/3644 3643/3643
f 3642/3642 3645/3645 3644/3644
f 3645/3645 3646/3646 3644/3644
f 3645/3645 3647/3647 3646/3646
f 3644/3644 3646/3646 3648/3648
f 3647/3647 3649/3649 3646/3646
f 3647/3647 3650/3650 3649/3649
f 3649/3649 3651/3651 3646/3646
f 3652/3652 3648/3648 3646/3646
f 3646/3646 3651/3651 3652/3652
f 3648/3648 3652/3652 3653/3653
f 3654/3654 3652/3652 3651/3651
f 3655/3655 3653/3653 3652/3652
f 3652/3652 3654/3654 3655/3655
f 3653/3653 3655/3655 3656/3656
f 3657/3657 3655/3655 3654/3654
f 3658/3658 3656/3656 3655/3655
f 3655/3655 3657/3657 3658/3658
f 3656/3656 3658/3658 3659/3659
f 3660/3660 3658/3658 3657/3657
f 3661/3661 3659/3659 3658/3658
f 3658/3658 3660/3660 3661/3661
f 3662/3662 3659/3659 3661/3661
f 3663/3663 3661/3661 3660/3660
f 3664/3664 3662/3662 3661/3661
f 3661/3661 3663/3663 3664/3664
f 3664/3664 3665/3665 3662/3662
f 3666/3666 3664/3664 3663/3663
f 3665/3665 3664/3664 3667/3667
f 3666/3666 3668/3668 3664/3664
f 3667/3667 3664/3664 3669/3669
f 3669/3669 3664/3664 3668/3668
f 3670/3670 3667/3667 3669/3669
f 3668/3668 3671/3671 3669/3669
f 3669/3669 3672/3672 3670/3670
f 3672/3672 3669/3669 3671/3671
f 3673/3673 3670/3670 3672/3672
f 3671/3671 3674/3674 3672/3672
f 3672/3672 3675/3675 3673/3673
f 3675/3675 3672/3672 3674/3674
f 3676/3676 3673/3673 3675/3675
f 3674/3674 3677/3677 3675/3675
f 3675/3675 3678/3678 3676/3676
f 3678/3678 3675/3675 3677/3677
f 3631/3631 3676/3676 3678/3678
f 3677/3677 3679/3679 3678/3678
f 3678/3678 3630/3630 3631/3631
f 3630/3630 3678/3678 3679/3679
f 3679/3679 3680/3680 3630/3630
f 3680/3680 3681/3681 3630/3630
f 3682/3682 3681/3681 3680/3680
f 3681/3681 3633/3633 3630/3630
f 3685/3685 3684/3684 3683/3683
f 3686/3686 3683/3683 3684/3684
f 3683/3683 3687/3687 3685/3685
f 3684/3684 3688/3688 3686/3686
f 3689/3689 3685/3685 3687/3687
f 3690/3690 3686/3686 3688/3688
f 3687/3687 3691/3691 3689/3689
f 3688/3688 3692/3692 3690/3690
f 3693/3693 3689/3689 3691/3691
f 3694/3694 3690/3690 3692/3692
f 3691/3691 3695/3695 3693/3693
f 3692/3692 3696/3696 3694/3694
f 3697/3697 3693/3693 3695/3695
f 3698/3698 3694/3694 3696/3696
f 3695/3695 3699/3699 3697/3697
f 3698/3698 3696/3696 3700/3700
f 3701/3701 3697/3697 3699/3699
f 3702/3702 3700/3700 3696/3696
f 3699/3699 3703/3703 3701/3701
f 3702/3702 3704/3704 3700/3700
f 3705/3705 3701/3701 3703/3703
f 3706/3706 3700/3700 3704/3704
f 3705/3705 3703/3703 3707/3707
f 3706/3706 3704/3704 3708/3708
f 3709/3709 3707/3707 3703/3703
f 3710/3710 3708/3708 3704/3704
f 3707/3707 3709/3709 3711/3711
f 3708/3708 3710/3710 3712/3712
f 3713/3713 3711/3711 3709/3709
f 3714/3714 3712/3712 3710/3710
f 3711/3711 3713/3713 3715/3715
f 3712/3712 3714/3714 3716/3716
f 3717/3717 3715/3715 3713/3713
f 3718/3718 3716/3716 3714/3714
f 3715/3715 3717/3717 3719/3719
f 3716/3716 3718/3718 3720/3720
f 3721/3721 3719/3719 3717/3717
f 3722/3722 3720/3720 3718/3718
f 3719/3719 3721/3721 3722/3722
f 3720/3720 3722/3722 3721/3721
f 3725/3725 3724/3724 3723/3723
f 3725/3725 3723/3723 3726/3726
f 3725/3725 3727/3727 3724/3724
f 3727/3727 3728/3728 3724/3724
f 3727/3727 3729/3729 3728/3728
f 3727/3727 3730/3730 3729/3729
f 3727/3727 3731/3731 3730/3730
f 3727/3727 3732/3732 3731/3731
f 3733/3733 3731/3731 3732/3732
f 3733/3733 3732/3732 3734/3734
f 3735/3735 3734/3734 3732/3732
f 3734/3734 3735/3735 3736/3736
f 3736/3736 3735/3735 3737/3737
f 3737/3737 3735/3735 3738/3738
f 3738/3738 3735/3735 3739/3739
f 3735/3735 3740/3740 3739/3739
f 3739/3739 3740/3740 3741/3741
f 3741/3741 3740/3740 3742/3742
f 3742/3742 3744/3744 3743/3743
f 3744/3744 3745/3745 3743/3743
f 3746/3746 3745/3745 3744/3744
f 3747/3747 3745/3745 3746/3746
f 3748/3748 3746/3746 3744/3744
f 3749/3749 3746/3746 3748/3748
f 3749/3749 3750/3750 3746/3746
f 3747/3747 3746/3746 3751/3751
f 3746/3746 3750/3750 3752/3752
f 3751/3751 3746/3746 3752/3752
f 3753/3753 3751/3751 3752/3752
f 3726/3726 3753/3753 3752/3752
f 3756/3756 3755/3755 3754/3754
f 3757/3757 3754/3754 3755/3755
f 3760/3760 3759/3759 3758/3758
f 3761/3761 3758/3758 3759/3759
f 3761/3761 3762/3762 3758/3758
f 3763/3763 3758/3758 3762/3762
f 3766/3766 3765/3765 3764/3764
f 3767/3767 3764/3764 3765/3765
f 3770/3770 3769/3769 3768/3768
f 3771/3771 3768/3768 3769/3769
f 3774/3774 3773/3773 3772/3772
f 3775/3775 3772/3772 3773/3773
f 3778/3778 3777/3777 3776/3776
f 3779/3779 3778/3778 3776/3776
f 3781/3781 3778/3778 3780/3780
f 3780/3780 3778/3778 3779/3779
f 3782/3782 3780/3780 3779/3779
f 3783/3783 3782/3782 3779/3779
f 3784/3784 3783/3783 3779/3779
f 3785/3785 3784/3784 3779/3779
f 3788/3788 3787/3787 3786/3786
f 3789/3789 3786/3786 3787/3787
f 3786/3786 3790/3790 3788/3788
f 3789/3789 3787/3787 3791/3791
f 3792/3792 3788/3788 3790/3790
f 3793/3793 3791/3791 3787/3787
f 3790/3790 3794/3794 3792/3792
f 3791/3791 3793/3793 3795/3795
f 3796/3796 3792/3792 3794/3794
f 3797/3797 3795/3795 3793/3793
f 3794/3794 3798/3798 3796/3796
f 3795/3795 3797/3797 3799/3799
f 3800/3800 3796/3796 3798/3798
f 3801/3801 3799/3799 3797/3797
f 3801/3801 3802/3802 3799/3799
f 3803/3803 3799/3799 3802/3802
f 3800/3800 3798/3798 3804/3804
f 3805/3805 3804/3804 3798/3798
f 3805/3805 3806/3806 3804/3804
f 3807/3807 3804/3804 3806/3806
f 3810/3810 3809/3809 3808/3808
f 3809/3809 3811/3811 3808/3808
f 3812/3812 3808/3808 3811/3811
f 3813/3813 3809/3809 3810/3810
f 3814/3814 3813/3813 3810/3810
f 3808/3808 3815/3815 3810/3810
f 3815/3815 3816/3816 3810/3810
f 3819/3819 3818/3818 3817/3817
f 3820/3820 3817/3817 3818/3818
f 3818/3818 3821/3821 3820/3820
f 3822/3822 3820/3820 3821/3821
f 3825/3825 3824/3824 3823/3823
f 3824/3824 3825/3825 3826/3826
f 3826/3826 3825/3825 3827/3827
f 3824/3824 3828/3828 3823/3823
f 3829/3829 3828/3828 3824/3824
f 3828/3828 3830/3830 3823/3823
f 3831/3831 3830/3830 3828/3828
f 3832/3832 3825/3825 3823/3823
f 3833/3833 3827/3827 3825/3825
f 3834/3834 3825/3825 3832/3832
f 3835/3835 3833/3833 3825/3825
f 3835/3835 3825/3825 3834/3834
f 3838/3838 3837/3837 3836/3836
f 3839/3839 3836/3836 3837/3837
f 3840/3840 3839/3839 3837/3837
f 3841/3841 3839/3839 3840/3840
f 3844/3844 3843/3843 3842/3842
f 3845/3845 3842/3842 3843/3843
f 3846/3846 3843/3843 3844/3844
f 3846/3846 3847/3847 3843/3843
f 3848/3848 3843/3843 3847/3847
f 3851/3851 3850/3850 3849/3849
f 3852/3852 3851/3851 3849/3849
f 3853/3853 3851/3851 3852/3852
f 3856/3856 3855/3855 3854/3854
f 3857/3857 3854/3854 3855/3855
f 3860/3860 3859/3859 3858/3858
f 3861/3861 3858/3858 3859/3859
f 3864/3864 3863/3863 3862/3862
f 3865/3865 3862/3862 3863/3863
f 3865/3865 3866/3866 3862/3862
f 3867/3867 3866/3866 3865/3865
f 3870/3870 3869/3869 3868/3868
f 3871/3871 3869/3869 3870/3870
f 3871/3871 3872/3872 3869/3869
f 3873/3873 3869/3869 3872/3872
f 3876/3876 3875/3875 3874/3874
f 3877/3877 3874/3874 3875/3875
f 3880/3880 3879/3879 3878/3878
f 3881/3881 3880/3880 3878/3878
f 3884/3884 3883/3883 3882/3882
f 3885/3885 3882/3882 3883/3883
f 3888/3888 3887/3887 3886/3886
f 3889/3889 3886/3886 3887/3887
f 3892/3892 3891/3891 3890/3890
f 3893/3893 3890/3890 3891/3891
f 3896/3896 3895/3895 3894/3894
f 3897/3897 3894/3894 3895/3895
f 3900/3900 3899/3899 3898/3898
f 3901/3901 3898/3898 3899/3899
f 3904/3904 3903/3903 3902/3902
f 3904/3904 3905/3905 3903/3903
f 3906/3906 3902/3902 3903/3903
f 3907/3907 3903/3903 3905/3905
f 3905/3905 3908/3908 3907/3907
f 3909/3909 3907/3907 3908/3908
f 3902/3902 3906/3906 3910/3910
f 3911/3911 3910/3910 3906/3906
f 3910/3910 3911/3911 3912/3912
f 3913/3913 3912/3912 3911/3911
f 3912/3912 3913/3913 3914/3914
f 3915/3915 3914/3914 3913/3913
f 3914/3914 3915/3915 3916/3916
f 3917/3917 3916/3916 3915/3915
f 3916/3916 3917/3917 3918/3918
f 3919/3919 3918/3918 3917/3917
f 3918/3918 3919/3919 3920/3920
f 3921/3921 3920/3920 3919/3919
f 3920/3920 3921/3921 3922/3922
f 3923/3923 3922/3922 3921/3921
f 3922/3922 3923/3923 3924/3924
f 3925/3925 3924/3924 3923/3923
f 3928/3928 3927/3927 3926/3926
f 3929/3929 3926/3926 3927/3927
f 3932/3932 3931/3931 3930/3930
f 3934/3934 3931/3931 3933/3933
f 3933/3933 3931/3931 3932/3932
f 3935/3935 3933/3933 3932/3932
f 3930/3930 3936/3936 3932/3932
f 3930/3930 3937/3937 3936/3936
f 3938/3938 3936/3936 3937/3937
f 3939/3939 3935/3935 3932/3932
f 3940/3940 3935/3935 3939/3939
f 3941/3941 3939/3939 3932/3932
f 3944/3944 3943/3943 3942/3942
f 3943/3943 3945/3945 3942/3942
f 3947/3947 3946/3946 3943/3943
f 3946/3946 3945/3945 3943/3943
f 3945/3945 3946/3946 3948/3948
f 3948/3948 3949/3949 3945/3945
f 3949/3949 3950/3950 3945/3945
f 3950/3950 3951/3951 3945/3945
f 3954/3954 3953/3953 3952/3952
f 3953/3953 3954/3954 3955/3955
f 3953/3953 3955/3955 3956/3956
f 3954/3954 3952/3952 3957/3957
f 3957/3957 3958/3958 3954/3954
f 3952/3952 3959/3959 3957/3957
f 3957/3957 3959/3959 3960/3960
f 3953/3953 3961/3961 3952/3952
f 3956/3956 3962/3962 3953/3953
f 3953/3953 3963/3963 3961/3961
f 3962/3962 3964/3964 3953/3953
f 3953/3953 3964/3964 3963/3963
f 3967/3967 3966/3966 3965/3965
f 3967/3967 3968/3968 3966/3966
f 3967/3967 3969/3969 3968/3968
f 3970/3970 3965/3965 3966/3966
f 3971/3971 3965/3965 3970/3970
f 3970/3970 3972/3972 3971/3971
f 3971/3971 3973/3973 3965/3965
f 3974/3974 3965/3965 3973/3973
f 3977/3977 3976/3976 3975/3975
f 3976/3976 3978/3978 3975/3975
f 3976/3976 3979/3979 3978/3978
f 3982/3982 3981/3981 3980/3980
f 3983/3983 3980/3980 3981/3981
f 3986/3986 3985/3985 3984/3984
f 3987/3987 3984/3984 3985/3985
f 3990/3990 3989/3989 3988/3988
f 3990/3990 3991/3991 3989/3989
f 3991/3991 3990/3990 3992/3992
f 3993/3993 3992/3992 3990/3990
f 3996/3996 3995/3995 3994/3994
f 3997/3997 3994/3994 3995/3995
f 4000/4000 3999/3999 3998/3998
f 4001/4001 4000/4000 3998/3998
f 4004/4004 4003/4003 4002/4002
f 4005/4005 4002/4002 4003/4003
f 4008/4008 4007/4007 4006/4006
f 4009/4009 4006/4006 4007/4007
f 4012/4012 4011/4011 4010/4010
f 4013/4013 4010/4010 4011/4011
f 4016/4016 4015/4015 4014/4014
f 4017/4017 4014/4014 4015/4015
f 4020/4020 4019/4019 4018/4018
f 4021/4021 4018/4018 4019/4019
f 4018/4018 4022/4022 4020/4020
f 4023/4023 4020/4020 4022/4022
f 4022/4022 4024/4024 4023/4023
f 4025/4025 4023/4023 4024/4024
f 4028/4028 4027/4027 4026/4026
f 4029/4029 4026/4026 4027/4027
f 4032/4032 4031/4031 4030/4030
f 4033/4033 4030/4030 4031/4031
f 4030/4030 4034/4034 4032/4032
f 4033/4033 4031/4031 4035/4035
f 4036/4036 4032/4032 4034/4034
f 4037/4037 4035/4035 4031/4031
f 4035/4035 4037/4037 4038/4038
f 4039/4039 4038/4038 4037/4037
f 4034/4034 4040/4040 4036/4036
f 4041/4041 4036/4036 4040/4040
f 4040/4040 4042/4042 4041/4041
f 4043/4043 4041/4041 4042/4042
f 4042/4042 4044/4044 4043/4043
f 4045/4045 4043/4043 4044/4044
f 4044/4044 4046/4046 4045/4045
f 4047/4047 4045/4045 4046/4046
f 4046/4046 4048/4048 4047/4047
f 4049/4049 4047/4047 4048/4048
f 4048/4048 4050/4050 4049/4049
f 4051/4051 4049/4049 4050/4050
f 4050/4050 4052/4052 4051/4051
f 4053/4053 4051/4051 4052/4052
f 4056/4056 4055/4055 4054/4054
f 4057/4057 4054/4054 4055/4055
f 4060/4060 4059/4059 4058/4058
f 4060/4060 4062/4062 4061/4061
f 4060/4060 4061/4061 4059/4059
f 4061/4061 4063/4063 4059/4059
f 4064/4064 4058/4058 4059/4059
f 4058/4058 4064/4064 4065/4065
f 4066/4066 4065/4065 4064/4064
f 4063/4063 4067/4067 4059/4059
f 4068/4068 4067/4067 4063/4063
f 4067/4067 4069/4069 4059/4059
f 4072/4072 4071/4071 4070/4070
f 4073/4073 4070/4070 4071/4071
f 4070/4070 4074/4074 4072/4072
f 4075/4075 4072/4072 4074/4074
f 4078/4078 4077/4077 4076/4076
f 4079/4079 4076/4076 4077/4077
f 4076/4076 4080/4080 4078/4078
f 4081/4081 4078/4078 4080/4080
f 4084/4084 4083/4083 4082/4082
f 4085/4085 4082/4082 4083/4083
f 4082/4082 4086/4086 4084/4084
f 4087/4087 4084/4084 4086/4086
f 4090/4090 4089/4089 4088/4088
f 4091/4091 4089/4089 4090/4090
f 4090/4090 4092/4092 4091/4091
f 4093/4093 4091/4091 4092/4092
f 4096/4096 4095/4095 4094/4094
f 4097/4097 4096/4096 4094/4094
f 4097/4097 4098/4098 4096/4096
f 4099/4099 4096/4096 4098/4098
f 4102/4102 4101/4101 4100/4100
f 4103/4103 4100/4100 4101/4101
f 4101/4101 4102/4102 4104/4104
f 4105/4105 4104/4104 4102/4102
f 4104/4104 4105/4105 4106/4106
f 4107/4107 4106/4106 4105/4105
f 4106/4106 4107/4107 4108/4108
f 4109/4109 4108/4108 4107/4107
f 4108/4108 4109/4109 4110/4110
f 4111/4111 4110/4110 4109/4109
f 4110/4110 4111/4111 4112/4112
f 4113/4113 4112/4112 4111/4111
f 4112/4112 4113/4113 4114/4114
f 4115/4115 4114/4114 4113/4113
f 4114/4114 4115/4115 4116/4116
f 4117/4117 4116/4116 4115/4115
f 4120/4120 4119/4119 4118/4118
f 4121/4121 4118/4118 4119/4119
f 4119/4119 4122/4122 4121/4121
f 4123/4123 4121/4121 4122/4122
f 4123/4123 4122/4122 4124/4124
f 4125/4125 4124/4124 4122/4122
f 4126/4126 4124/4124 4125/4125
f 4129/4129 4128/4128 4127/4127
f 4130/4130 4127/4127 4128/4128
f 4128/4128 4131/4131 4130/4130
f 4132/4132 4130/4130 4131/4131
f 4131/4131 4133/4133 4132/4132
f 4134/4134 4132/4132 4133/4133
f 4135/4135 4134/4134 4133/4133
f 4138/4138 4137/4137 4136/4136
f 4139/4139 4136/4136 4137/4137
f 4137/4137 4140/4140 4139/4139
f 4141/4141 4139/4139 4140/4140
f 4140/4140 4142/4142 4141/4141
f 4143/4143 4141/4141 4142/4142
f 4142/4142 4144/4144 4143/4143
f 4145/4145 4143/4143 4144/4144
f 4144/4144 4146/4146 4145/4145
f 4147/4147 4145/4145 4146/4146
f 4146/4146 4148/4148 4147/4147
f 4149/4149 4147/4147 4148/4148
f 4148/4148 4150/4150 4149/4149
f 4151/4151 4149/4149 4150/4150
f 4150/4150 4152/4152 4151/4151
f 4153/4153 4151/4151 4152/4152
f 4156/4156 4155/4155 4154/4154
f 4157/4157 4154/4154 4155/4155
f 4155/4155 4156/4156 4158/4158
f 4159/4159 4158/4158 4156/4156
f 4159/4159 4160/4160 4158/4158
f 4161/4161 4158/4158 4160/4160
f 4160/4160 4162/4162 4161/4161
f 4165/4165 4164/4164 4163/4163
f 4166/4166 4163/4163 4164/4164
f 4164/4164 4165/4165 4167/4167
f 4168/4168 4167/4167 4165/4165
f 4167/4167 4168/4168 4169/4169
f 4170/4170 4169/4169 4168/4168
f 4170/4170 4171/4171 4169/4169
f 4174/4174 4173/4173 4172/4172
f 4172/4172 4173/4173 4175/4175
f 4178/4178 4177/4177 4176/4176
f 4176/4176 4177/4177 4179/4179
f 4182/4182 4181/4181 4180/4180
f 4183/4183 4182/4182 4180/4180
f 4185/4185 4182/4182 4184/4184
f 4184/4184 4182/4182 4183/4183
f 4186/4186 4184/4184 4183/4183
f 4187/4187 4186/4186 4183/4183
f 4188/4188 4187/4187 4183/4183
f 4189/4189 4188/4188 4183/4183
f 4192/4192 4191/4191 4190/4190
f 4193/4193 4190/4190 4191/4191
f 4190/4190 4194/4194 4192/4192
f 4193/4193 4191/4191 4195/4195
f 4196/4196 4192/4192 4194/4194
f 4197/4197 4195/4195 4191/4191
f 4194/4194 4198/4198 4196/4196
f 4195/4195 4197/4197 4199/4199
f 4200/4200 4196/4196 4198/4198
f 4201/4201 4199/4199 4197/4197
f 4198/4198 4202/4202 4200/4200
f 4199/4199 4201/4201 4203/4203
f 4204/4204 4200/4200 4202/4202
f 4205/4205 4203/4203 4201/4201
f 4205/4205 4206/4206 4203/4203
f 4207/4207 4203/4203 4206/4206
f 4204/4204 4202/4202 4208/4208
f 4209/4209 4208/4208 4202/4202
f 4209/4209 4210/4210 4208/4208
f 4211/4211 4208/4208 4210/4210
f 4214/4214 4213/4213 4212/4212
f 4213/4213 4215/4215 4212/4212
f 4216/4216 4212/4212 4215/4215
f 4217/4217 4213/4213 4214/4214
f 4218/4218 4217/4217 4214/4214
f 4212/4212 4219/4219 4214/4214
f 4219/4219 4220/4220 4214/4214
f 4223/4223 4222/4222 4221/4221
f 4224/4224 4221/4221 4222/4222
f 4222/4222 4225/4225 4224/4224
f 4226/4226 4224/4224 4225/4225
f 4229/4229 4228/4228 4227/4227
f 4228/4228 4229/4229 4230/4230
f 4230/4230 4229/4229 4231/4231
f 4228/4228 4232/4232 4227/4227
f 4233/4233 4232/4232 4228/4228
f 4232/4232 4234/4234 4227/4227
f 4235/4235 4234/4234 4232/4232
f 4236/4236 4229/4229 4227/4227
f 4237/4237 4231/4231 4229/4229
f 4238/4238 4229/4229 4236/4236
f 4239/4239 4237/4237 4229/4229
f 4239/4239 4229/4229 4238/4238
f 4242/4242 4241/4241 4240/4240
f 4243/4243 4240/4240 4241/4241
f 4244/4244 4243/4243 4241/4241
f 4245/4245 4243/4243 4244/4244
f 4246/4246 4242/4242 4240/4240
f 4247/4247 4242/4242 4246/4246
f 4246/4246 4240/4240 4248/4248
f 4249/4249 4248/4248 4240/4240
f 4252/4252 4251/4251 4250/4250
f 4253/4253 4250/4250 4251/4251
f 4254/4254 4251/4251 4252/4252
f 4254/4254 4255/4255 4251/4251
f 4256/4256 4251/4251 4255/4255
f 4259/4259 4258/4258 4257/4257
f 4260/4260 4259/4259 4257/4257
f 4261/4261 4259/4259 4260/4260
f 4264/4264 4263/4263 4262/4262
f 4265/4265 4262/4262 4263/4263
f 4268/4268 4267/4267 4266/4266
f 4269/4269 4266/4266 4267/4267
f 4272/4272 4271/4271 4270/4270
f 4273/4273 4271/4271 4272/4272
f 4273/4273 4274/4274 4271/4271
f 4275/4275 4271/4271 4274/4274
f 4278/4278 4277/4277 4276/4276
f 4279/4279 4276/4276 4277/4277
f 4282/4282 4281/4281 4280/4280
f 4283/4283 4282/4282 4280/4280
f 4286/4286 4285/4285 4284/4284
f 4287/4287 4284/4284 4285/4285
f 4290/4290 4289/4289 4288/4288
f 4291/4291 4288/4288 4289/4289
f 4294/4294 4293/4293 4292/4292
f 4295/4295 4292/4292 4293/4293
f 4298/4298 4297/4297 4296/4296
f 4299/4299 4296/4296 4297/4297
f 4302/4302 4301/4301 4300/4300
f 4303/4303 4300/4300 4301/4301
f 4306/4306 4305/4305 4304/4304
f 4306/4306 4307/4307 4305/4305
f 4308/4308 4304/4304 4305/4305
f 4309/4309 4305/4305 4307/4307
f 4307/4307 4310/4310 4309/4309
f 4311/4311 4309/4309 4310/4310
f 4304/4304 4308/4308 4312/4312
f 4313/4313 4312/4312 4308/4308
f 4312/4312 4313/4313 4314/4314
f 4315/4315 4314/4314 4313/4313
f 4314/4314 4315/4315 4316/4316
f 4317/4317 4316/4316 4315/4315
f 4316/4316 4317/4317 4318/4318
f 4319/4319 4318/4318 4317/4317
f 4318/4318 4319/4319 4320/4320
f 4321/4321 4320/4320 4319/4319
f 4320/4320 4321/4321 4322/4322
f 4323/4323 4322/4322 4321/4321
f 4322/4322 4323/4323 4324/4324
f 4325/4325 4324/4324 4323/4323
f 4324/4324 4325/4325 4326/4326
f 4327/4327 4326/4326 4325/4325
f 4330/4330 4329/4329 4328/4328
f 4331/4331 4328/4328 4329/4329
f 4334/4334 4333/4333 4332/4332
f 4336/4336 4333/4333 4335/4335
f 4335/4335 4333/4333 4334/4334
f 4337/4337 4335/4335 4334/4334
f 4332/4332 4338/4338 4334/4334
f 4332/4332 4339/4339 4338/4338
f 4340/4340 4338/4338 4339/4339
f 4341/4341 4337/4337 4334/4334
f 4342/4342 4337/4337 4341/4341
f 4343/4343 4341/4341 4334/4334
f 4346/4346 4345/4345 4344/4344
f 4345/4345 4347/4347 4344/4344
f 4349/4349 4348/4348 4345/4345
f 4348/4348 4347/4347 4345/4345
f 4347/4347 4348/4348 4350/4350
f 4350/4350 4351/4351 4347/4347
f 4351/4351 4352/4352 4347/4347
f 4352/4352 4353/4353 4347/4347
f 4356/4356 4355/4355 4354/4354
f 4355/4355 4356/4356 4357/4357
f 4355/4355 4357/4357 4358/4358
f 4356/4356 4354/4354 4359/4359
f 4359/4359 4360/4360 4356/4356
f 4354/4354 4361/4361 4359/4359
f 4359/4359 4361/4361 4362/4362
f 4355/4355 4363/4363 4354/4354
f 4358/4358 4364/4364 4355/4355
f 4355/4355 4365/4365 4363/4363
f 4364/4364 4366/4366 4355/4355
f 4355/4355 4366/4366 4365/4365
f 4369/4369 4368/4368 4367/4367
f 4369/4369 4370/4370 4368/4368
f 4369/4369 4371/4371 4370/4370
f 4372/4372 4367/4367 4368/4368
f 4373/4373 4367/4367 4372/4372
f 4372/4372 4374/4374 4373/4373
f 4373/4373 4375/4375 4367/4367
f 4376/4376 4367/4367 4375/4375
f 4379/4379 4378/4378 4377/4377
f 4378/4378 4380/4380 4377/4377
f 4378/4378 4381/4381 4380/4380
f 4384/4384 4383/4383 4382/4382
f 4385/4385 4382/4382 4383/4383
f 4388/4388 4387/4387 4386/4386
f 4389/4389 4386/4386 4387/4387
f 4392/4392 4391/4391 4390/4390
f 4392/4392 4393/4393 4391/4391
f 4393/4393 4392/4392 4394/4394
f 4395/4395 4394/4394 4392/4392
f 4398/4398 4397/4397 4396/4396
f 4399/4399 4396/4396 4397/4397
f 4402/4402 4401/4401 4400/4400
f 4403/4403 4402/4402 4400/4400
f 4406/4406 4405/4405 4404/4404
f 4407/4407 4404/4404 4405/4405
f 4410/4410 4409/4409 4408/4408
f 4411/4411 4408/4408 4409/4409
f 4414/4414 4413/4413 4412/4412
f 4415/4415 4412/4412 4413/4413
f 4418/4418 4417/4417 4416/4416
f 4419/4419 4416/4416 4417/4417
f 4422/4422 4421/4421 4420/4420
f 4423/4423 4420/4420 4421/4421
f 4420/4420 4424/4424 4422/4422
f 4425/4425 4422/4422 4424/4424
f 4424/4424 4426/4426 4425/4425
f 4427/4427 4425/4425 4426/4426
f 4430/4430 4429/4429 4428/4428
f 4431/4431 4428/4428 4429/4429
f 4434/4434 4433/4433 4432/4432
f 4435/4435 4432/4432 4433/4433
f 4432/4432 4436/4436 4434/4434
f 4435/4435 4433/4433 4437/4437
f 4438/4438 4434/4434 4436/4436
f 4439/4439 4437/4437 4433/4433
f 4437/4437 4439/4439 4440/4440
f 4441/4441 4440/4440 4439/4439
f 4436/4436 4442/4442 4438/4438
f 4443/4443 4438/4438 4442/4442
f 4442/4442 4444/4444 4443/4443
f 4445/4445 4443/4443 4444/4444
f 4444/4444 4446/4446 4445/4445
f 4447/4447 4445/4445 4446/4446
f 4446/4446 4448/4448 4447/4447
f 4449/4449 4447/4447 4448/4448
f 4448/4448 4450/4450 4449/4449
f 4451/4451 4449/4449 4450/4450
f 4450/4450 4452/4452 4451/4451
f 4453/4453 4451/4451 4452/4452
f 4452/4452 4454/4454 4453/4453
f 4455/4455 4453/4453 4454/4454
f 4458/4458 4457/4457 4456/4456
f 4459/4459 4456/4456 4457/4457
f 4462/4462 4461/4461 4460/4460
f 4462/4462 4464/4464 4463/4463
f 4462/4462 4463/4463 4461/4461
f 4463/4463 4465/4465 4461/4461
f 4466/4466 4460/4460 4461/4461
f 4460/4460 4466/4466 4467/4467
f 4468/4468 4467/4467 4466/4466
f 4465/4465 4469/4469 4461/4461
f 4470/4470 4469/4469 4465/4465
f 4469/4469 4471/4471 4461/4461
f 4474/4474 4473/4473 4472/4472
f 4475/4475 4472/4472 4473/4473
f 4472/4472 4476/4476 4474/4474
f 4477/4477 4474/4474 4476/4476
f 4480/4480 4479/4479 4478/4478
f 4481/4481 4478/4478 4479/4479
f 4478/4478 4482/4482 4480/4480
f 4483/4483 4480/4480 4482/4482
f 4486/4486 4485/4485 4484/4484
f 4487/4487 4484/4484 4485/4485
f 4484/4484 4488/4488 4486/4486
f 4489/4489 4486/4486 4488/4488
f 4492/4492 4491/4491 4490/4490
f 4493/4493 4491/4491 4492/4492
f 4492/4492 4494/4494 4493/4493
f 4495/4495 4493/4493 4494/4494
f 4498/4498 4497/4497 4496/4496
f 4499/4499 4498/4498 4496/4496
f 4499/4499 4500/4500 4498/4498
f 4501/4501 4498/4498 4500/4500
f 4504/4504 4503/4503 4502/4502
f 4505/4505 4502/4502 4503/4503
f 4503/4503 4504/4504 4506/4506
f 4507/4507 4506/4506 4504/4504
f 4506/4506 4507/4507 4508/4508
f 4509/4509 4508/4508 4507/4507
f 4508/4508 4509/4509 4510/4510
f 4511/4511 4510/4510 4509/4509
f 4510/4510 4511/4511 4512/4512
f 4513/4513 4512/4512 4511/4511
f 4512/4512 4513/4513 4514/4514
f 4515/4515 4514/4514 4513/4513
f 4514/4514 4515/4515 4516/4516
f 4517/4517 4516/4516 4515/4515
f 4516/4516 4517/4517 4518/4518
f 4519/4519 4518/4518 4517/4517
f 4522/4522 4521/4521 4520/4520
f 4523/4523 4520/4520 4521/4521
f 4521/4521 4524/4524 4523/4523
f 4525/4525 4523/4523 4524/4524
f 4525/4525 4524/4524 4526/4526
f 4527/4527 4526/4526 4524/4524
f 4528/4528 4526/4526 4527/4527
f 4531/4531 4530/4530 4529/4529
f 4532/4532 4529/4529 4530/4530
f 4530/4530 4533/4533 4532/4532
f 4534/4534 4532/4532 4533/4533
f 4533/4533 4535/4535 4534/4534
f 4536/4536 4534/4534 4535/4535
f 4537/4537 4536/4536 4535/4535
f 4540/4540 4539/4539 4538/4538
f 4541/4541 4538/4538 4539/4539
f 4539/4539 4542/4542 4541/4541
f 4543/4543 4541/4541 4542/4542
f 4542/4542 4544/4544 4543/4543
f 4545/4545 4543/4543 4544/4544
f 4544/4544 4546/4546 4545/4545
f 4547/4547 4545/4545 4546/4546
f 4546/4546 4548/4548 4547/4547
f 4549/4549 4547/4547 4548/4548
f 4548/4548 4550/4550 4549/4549
f 4551/4551 4549/4549 4550/4550
f 4550/4550 4552/4552 4551/4551
f 4553/4553 4551/4551 4552/4552
f 4552/4552 4554/4554 4553/4553
f 4555/4555 4553/4553 4554/4554
f 4558/4558 4557/4557 4556/4556
f 4559/4559 4556/4556 4557/4557
f 4557/4557 4558/4558 4560/4560
f 4561/4561 4560/4560 4558/4558
f 4561/4561 4562/4562 4560/4560
f 4563/4563 4560/4560 4562/4562
f 4562/4562 4564/4564 4563/4563
f 4567/4567 4566/4566 4565/4565
f 4568/4568 4565/4565 4566/4566
f 4566/4566 4567/4567 4569/4569
f 4570/4570 4569/4569 4567/4567
f 4569/4569 4570/4570 4571/4571
f 4572/4572 4571/4571 4570/4570
f 4572/4572 4573/4573 4571/4571
f 4576/4576 4575/4575 4574/4574
f 4574/4574 4575/4575 4577/4577
f 4580/4580 4579/4579 4578/4578
f 4578/4578 4579/4579 4581/4581
f 4584/4584 4583/4583 4582/4582
f 4585/4585 4584/4584 4582/4582
f 4587/4587 4584/4584 4586/4586
f 4586/4586 4584/4584 4585/4585
f 4588/4588 4586/4586 4585/4585
f 4589/4589 4588/4588 4585/4585
f 4590/4590 4589/4589 4585/4585
f 4591/4591 4590/4590 4585/4585
f 4594/4594 4593/4593 4592/4592
f 4595/4595 4592/4592 4593/4593
f 4592/4592 4596/4596 4594/4594
f 4595/4595 4593/4593 4597/4597
f 4598/4598 4594/4594 4596/4596
f 4599/4599 4597/4597 4593/4593
f 4596/4596 4600/4600 4598/4598
f 4597/4597 4599/4599 4601/4601
f 4602/4602 4598/4598 4600/4600
f 4603/4603 4601/4601 4599/4599
f 4600/4600 4604/4604 4602/4602
f 4601/4601 4603/4603 4605/4605
f 4606/4606 4602/4602 4604/4604
f 4607/4607 4605/4605 4603/4603
f 4607/4607 4608/4608 4605/4605
f 4609/4609 4605/4605 4608/4608
f 4606/4606 4604/4604 4610/4610
f 4611/4611 4610/4610 4604/4604
f 4611/4611 4612/4612 4610/4610
f 4613/4613 4610/4610 4612/4612
f 4616/4616 4615/4615 4614/4614
f 4614/4614 4617/4617 4616/4616
f 4617/4617 4618/4618 4616/4616
f 4619/4619 4615/4615 4616/4616
f 4620/4620 4619/4619 4616/4616
f 4615/4615 4622/4622 4621/4621
f 4623/4623 4621/4621 4622/4622
f 4626/4626 4625/4625 4624/4624
f 4627/4627 4624/4624 4625/4625
f 4625/4625 4628/4628 4627/4627
f 4629/4629 4627/4627 4628/4628
f 4632/4632 4631/4631 4630/4630
f 4631/4631 4632/4632 4633/4633
f 4633/4633 4632/4632 4634/4634
f 4631/4631 4635/4635 4630/4630
f 4636/4636 4635/4635 4631/4631
f 4635/4635 4637/4637 4630/4630
f 4638/4638 4637/4637 4635/4635
f 4639/4639 4632/4632 4630/4630
f 4640/4640 4634/4634 4632/4632
f 4641/4641 4632/4632 4639/4639
f 4642/4642 4640/4640 4632/4632
f 4642/4642 4632/4632 4641/4641
f 4645/4645 4644/4644 4643/4643
f 4646/4646 4643/4643 4644/4644
f 4647/4647 4646/4646 4644/4644
f 4648/4648 4646/4646 4647/4647
f 4649/4649 4645/4645 4643/4643
f 4650/4650 4645/4645 4649/4649
f 4649/4649 4643/4643 4651/4651
f 4652/4652 4651/4651 4643/4643
f 4655/4655 4654/4654 4653/4653
f 4656/4656 4653/4653 4654/4654
f 4657/4657 4654/4654 4655/4655
f 4657/4657 4658/4658 4654/4654
f 4659/4659 4654/4654 4658/4658
f 4662/4662 4661/4661 4660/4660
f 4663/4663 4662/4662 4660/4660
f 4664/4664 4662/4662 4663/4663
f 4667/4667 4666/4666 4665/4665
f 4668/4668 4665/4665 4666/4666
f 4671/4671 4670/4670 4669/4669
f 4672/4672 4669/4669 4670/4670
f 4675/4675 4674/4674 4673/4673
f 4676/4676 4674/4674 4675/4675
f 4676/4676 4677/4677 4674/4674
f 4678/4678 4674/4674 4677/4677
f 4681/4681 4680/4680 4679/4679
f 4682/4682 4679/4679 4680/4680
f 4685/4685 4684/4684 4683/4683
f 4686/4686 4685/4685 4683/4683
f 4689/4689 4688/4688 4687/4687
f 4690/4690 4687/4687 4688/4688
f 4693/4693 4692/4692 4691/4691
f 4694/4694 4691/4691 4692/4692
f 4697/4697 4696/4696 4695/4695
f 4698/4698 4695/4695 4696/4696
f 4701/4701 4700/4700 4699/4699
f 4702/4702 4699/4699 4700/4700
f 4705/4705 4704/4704 4703/4703
f 4706/4706 4703/4703 4704/4704
f 4709/4709 4708/4708 4707/4707
f 4709/4709 4710/4710 4708/4708
f 4711/4711 4707/4707 4708/4708
f 4712/4712 4708/4708 4710/4710
f 4710/4710 4713/4713 4712/4712
f 4714/4714 4712/4712 4713/4713
f 4707/4707 4711/4711 4715/4715
f 4716/4716 4715/4715 4711/4711
f 4715/4715 4716/4716 4717/4717
f 4718/4718 4717/4717 4716/4716
f 4717/4717 4718/4718 4719/4719
f 4720/4720 4719/4719 4718/4718
f 4719/4719 4720/4720 4721/4721
f 4722/4722 4721/4721 4720/4720
f 4721/4721 4722/4722 4723/4723
f 4724/4724 4723/4723 4722/4722
f 4723/4723 4724/4724 4725/4725
f 4726/4726 4725/4725 4724/4724
f 4725/4725 4726/4726 4727/4727
f 4728/4728 4727/4727 4726/4726
f 4727/4727 4728/4728 4729/4729
f 4730/4730 4729/4729 4728/4728
f 4733/4733 4732/4732 4731/4731
f 4734/4734 4731/4731 4732/4732
f 4737/4737 4736/4736 4735/4735
f 4739/4739 4736/4736 4738/4738
f 4738/4738 4736/4736 4737/4737
f 4740/4740 4738/4738 4737/4737
f 4735/4735 4741/4741 4737/4737
f 4735/4735 4742/4742 4741/4741
f 4743/4743 4741/4741 4742/4742
f 4744/4744 4740/4740 4737/4737
f 4745/4745 4740/4740 4744/4744
f 4746/4746 4744/4744 4737/4737
f 4749/4749 4748/4748 4747/4747
f 4748/4748 4750/4750 4747/4747
f 4752/4752 4751/4751 4748/4748
f 4751/4751 4750/4750 4748/4748
f 4750/4750 4751/4751 4753/4753
f 4753/4753 4754/4754 4750/4750
f 4754/4754 4755/4755 4750/4750
f 4755/4755 4756/4756 4750/4750
f 4759/4759 4758/4758 4757/4757
f 4758/4758 4759/4759 4760/4760
f 4758/4758 4760/4760 4761/4761
f 4759/4759 4757/4757 4762/4762
f 4762/4762 4763/4763 4759/4759
f 4757/4757 4764/4764 4762/4762
f 4762/4762 4764/4764 4765/4765
f 4758/4758 4766/4766 4757/4757
f 4761/4761 4767/4767 4758/4758
f 4758/4758 4768/4768 4766/4766
f 4767/4767 4769/4769 4758/4758
f 4758/4758 4769/4769 4768/4768
f 4772/4772 4771/4771 4770/4770
f 4772/4772 4773/4773 4771/4771
f 4772/4772 4774/4774 4773/4773
f 4775/4775 4770/4770 4771/4771
f 4776/4776 4770/4770 4775/4775
f 4775/4775 4777/4777 4776/4776
f 4776/4776 4778/4778 4770/4770
f 4779/4779 4770/4770 4778/4778
f 4782/4782 4781/4781 4780/4780
f 4781/4781 4783/4783 4780/4780
f 4781/4781 4784/4784 4783/4783
f 4787/4787 4786/4786 4785/4785
f 4788/4788 4785/4785 4786/4786
f 4791/4791 4790/4790 4789/4789
f 4792/4792 4789/4789 4790/4790
f 4795/4795 4794/4794 4793/4793
f 4795/4795 4796/4796 4794/4794
f 4796/4796 4795/4795 4797/4797
f 4798/4798 4797/4797 4795/4795
f 4801/4801 4800/4800 4799/4799
f 4802/4802 4799/4799 4800/4800
f 4805/4805 4804/4804 4803/4803
f 4806/4806 4805/4805 4803/4803
f 4809/4809 4808/4808 4807/4807
f 4810/4810 4807/4807 4808/4808
f 4813/4813 4812/4812 4811/4811
f 4814/4814 4811/4811 4812/4812
f 4817/4817 4816/4816 4815/4815
f 4818/4818 4815/4815 4816/4816
f 4821/4821 4820/4820 4819/4819
f 4822/4822 4819/4819 4820/4820
f 4825/4825 4824/4824 4823/4823
f 4826/4826 4823/4823 4824/4824
f 4823/4823 4827/4827 4825/4825
f 4828/4828 4825/4825 4827/4827
f 4827/4827 4829/4829 4828/4828
f 4830/4830 4828/4828 4829/4829
f 4833/4833 4832/4832 4831/4831
f 4834/4834 4831/4831 4832/4832
f 4837/4837 4836/4836 4835/4835
f 4838/4838 4835/4835 4836/4836
f 4835/4835 4839/4839 4837/4837
f 4838/4838 4836/4836 4840/4840
f 4841/4841 4837/4837 4839/4839
f 4842/4842 4840/4840 4836/4836
f 4840/4840 4842/4842 4843/4843
f 4844/4844 4843/4843 4842/4842
f 4839/4839 4845/4845 4841/4841
f 4846/4846 4841/4841 4845/4845
f 4845/4845 4847/4847 4846/4846
f 4848/4848 4846/4846 4847/4847
f 4847/4847 4849/4849 4848/4848
f 4850/4850 4848/4848 4849/4849
f 4849/4849 4851/4851 4850/4850
f 4852/4852 4850/4850 4851/4851
f 4851/4851 4853/4853 4852/4852
f 4854/4854 4852/4852 4853/4853
f 4853/4853 4855/4855 4854/4854
f 4856/4856 4854/4854 4855/4855
f 4855/4855 4857/4857 4856/4856
f 4858/4858 4856/4856 4857/4857
f 4861/4861 4860/4860 4859/4859
f 4862/4862 4859/4859 4860/4860
f 4865/4865 4864/4864 4863/4863
f 4865/4865 4867/4867 4866/4866
f 4865/4865 4866/4866 4864/4864
f 4866/4866 4868/4868 4864/4864
f 4869/4869 4863/4863 4864/4864
f 4863/4863 4869/4869 4870/4870
f 4871/4871 4870/4870 4869/4869
f 4868/4868 4872/4872 4864/4864
f 4873/4873 4872/4872 4868/4868
f 4872/4872 4874/4874 4864/4864
f 4877/4877 4876/4876 4875/4875
f 4878/4878 4875/4875 4876/4876
f 4875/4875 4879/4879 4877/4877
f 4880/4880 4877/4877 4879/4879
f 4883/4883 4882/4882 4881/4881
f 4884/4884 4881/4881 4882/4882
f 4881/4881 4885/4885 4883/4883
f 4886/4886 4883/4883 4885/4885
f 4889/4889 4888/4888 4887/4887
f 4890/4890 4887/4887 4888/4888
f 4887/4887 4891/4891 4889/4889
f 4892/4892 4889/4889 4891/4891
f 4895/4895 4894/4894 4893/4893
f 4896/4896 4894/4894 4895/4895
f 4895/4895 4897/4897 4896/4896
f 4898/4898 4896/4896 4897/4897
f 4901/4901 4900/4900 4899/4899
f 4902/4902 4901/4901 4899/4899
f 4902/4902 4903/4903 4901/4901
f 4904/4904 4901/4901 4903/4903
f 4907/4907 4906/4906 4905/4905
f 4908/4908 4905/4905 4906/4906
f 4906/4906 4907/4907 4909/4909
f 4910/4910 4909/4909 4907/4907
f 4909/4909 4910/4910 4911/4911
f 4912/4912 4911/4911 4910/4910
f 4911/4911 4912/4912 4913/4913
f 4914/4914 4913/4913 4912/4912
f 4913/4913 4914/4914 4915/4915
f 4916/4916 4915/4915 4914/4914
f 4915/4915 4916/4916 4917/4917
f 4918/4918 4917/4917 4916/4916
f 4917/4917 4918/4918 4919/4919
f 4920/4920 4919/4919 4918/4918
f 4919/4919 4920/4920 4921/4921
f 4922/4922 4921/4921 4920/4920
f 4925/4925 4924/4924 4923/4923
f 4926/4926 4923/4923 4924/4924
f 4924/4924 4927/4927 4926/4926
f 4928/4928 4926/4926 4927/4927
f 4928/4928 4927/4927 4929/4929
f 4930/4930 4929/4929 4927/4927
f 4931/4931 4929/4929 4930/4930
f 4934/4934 4933/4933 4932/4932
f 4935/4935 4932/4932 4933/4933
f 4933/4933 4936/4936 4935/4935
f 4937/4937 4935/4935 4936/4936
f 4936/4936 4938/4938 4937/4937
f 4939/4939 4937/4937 4938/4938
f 4940/4940 4939/4939 4938/4938
f 4943/4943 4942/4942 4941/4941
f 4944/4944 4941/4941 4942/4942
f 4942/4942 4945/4945 4944/4944
f 4946/4946 4944/4944 4945/4945
f 4945/4945 4947/4947 4946/4946
f 4948/4948 4946/4946 4947/4947
f 4947/4947 4949/4949 4948/4948
f 4950/4950 4948/4948 4949/4949
f 4949/4949 4951/4951 4950/4950
f 4952/4952 4950/4950 4951/4951
f 4951/4951 4953/4953 4952/4952
f 4954/4954 4952/4952 4953/4953
f 4953/4953 4955/4955 4954/4954
f 4956/4956 4954/4954 4955/4955
f 4955/4955 4957/4957 4956/4956
f 4958/4958 4956/4956 4957/4957
f 4961/4961 4960/4960 4959/4959
f 4962/4962 4959/4959 4960/4960
f 4960/4960 4961/4961 4963/4963
f 4964/4964 4963/4963 4961/4961
f 4964/4964 4965/4965 4963/4963
f 4966/4966 4963/4963 4965/4965
f 4965/4965 4967/4967 4966/4966
f 4970/4970 4969/4969 4968/4968
f 4971/4971 4968/4968 4969/4969
f 4969/4969 4970/4970 4972/4972
f 4973/4973 4972/4972 4970/4970
f 4972/4972 4973/4973 4974/4974
f 4975/4975 4974/4974 4973/4973
f 4975/4975 4976/4976 4974/4974
f 4979/4979 4978/4978 4977/4977
f 4977/4977 4978/4978 4980/4980
f 4983/4983 4982/4982 4981/4981
f 4981/4981 4982/4982 4984/4984
f 4987/4987 4986/4986 4985/4985
f 4988/4988 4987/4987 4985/4985
f 4990/4990 4987/4987 4989/4989
f 4989/4989 4987/4987 4988/4988
f 4991/4991 4989/4989 4988/4988
f 4992/4992 4991/4991 4988/4988
f 4993/4993 4992/4992 4988/4988
f 4994/4994 4993/4993 4988/4988
f 4997/4997 4996/4996 4995/4995
f 4998/4998 4995/4995 4996/4996
f 4995/4995 4999/4999 4997/4997
f 4998/4998 4996/4996 5000/5000
f 5001/5001 4997/4997 4999/4999
f 5002/5002 5000/5000 4996/4996
f 4999/4999 5003/5003 5001/5001
f 5000/5000 5002/5002 5004/5004
f 5005/5005 5001/5001 5003/5003
f 5006/5006 5004/5004 5002/5002
f 5003/5003 5007/5007 5005/5005
f 5004/5004 5006/5006 5008/5008
f 5009/5009 5005/5005 5007/5007
f 5010/5010 5008/5008 5006/5006
f 5010/5010 5011/5011 5008/5008
f 5012/5012 5008/5008 5011/5011
f 5009/5009 5007/5007 5013/5013
f 5014/5014 5013/5013 5007/5007
f 5014/5014 5015/5015 5013/5013
f 5016/5016 5013/5013 5015/5015
f 5019/5019 5018/5018 5017/5017
f 5020/5020 5018/5018 5019/5019
f 5021/5021 5020/5020 5019/5019
f 5017/5017 5022/5022 5019/5019
f 5022/5022 5023/5023 5019/5019
f 5026/5026 5025/5025 5024/5024
f 5027/5027 5024/5024 5025/5025
f 5025/5025 5028/5028 5027/5027
f 5029/5029 5027/5027 5028/5028
f 5024/5024 5030/5030 5026/5026
f 5024/5024 5031/5031 5030/5030
f 5032/5032 5030/5030 5031/5031
f 5026/5026 5030/5030 5033/5033
f 5034/5034 5033/5033 5030/5030
f 5037/5037 5036/5036 5035/5035
f 5036/5036 5037/5037 5038/5038
f 5038/5038 5037/5037 5039/5039
f 5036/5036 5040/5040 5035/5035
f 5041/5041 5040/5040 5036/5036
f 5040/5040 5042/5042 5035/5035
f 5043/5043 5042/5042 5040/5040
f 5044/5044 5037/5037 5035/5035
f 5045/5045 5039/5039 5037/5037
f 5046/5046 5037/5037 5044/5044
f 5047/5047 5045/5045 5037/5037
f 5047/5047 5037/5037 5046/5046
f 5050/5050 5049/5049 5048/5048
f 5051/5051 5048/5048 5049/5049
f 5052/5052 5051/5051 5049/5049
f 5053/5053 5051/5051 5052/5052
f 5056/5056 5055/5055 5054/5054
f 5057/5057 5056/5056 5054/5054
f 5058/5058 5056/5056 5057/5057
f 5061/5061 5060/5060 5059/5059
f 5062/5062 5059/5059 5060/5060
f 5065/5065 5064/5064 5063/5063
f 5066/5066 5063/5063 5064/5064
f 5069/5069 5068/5068 5067/5067
f 5070/5070 5067/5067 5068/5068
f 5070/5070 5071/5071 5067/5067
f 5072/5072 5071/5071 5070/5070
f 5075/5075 5074/5074 5073/5073
f 5076/5076 5074/5074 5075/5075
f 5076/5076 5077/5077 5074/5074
f 5078/5078 5074/5074 5077/5077
f 5081/5081 5080/5080 5079/5079
f 5082/5082 5079/5079 5080/5080
f 5085/5085 5084/5084 5083/5083
f 5086/5086 5085/5085 5083/5083
f 5089/5089 5088/5088 5087/5087
f 5090/5090 5087/5087 5088/5088
f 5093/5093 5092/5092 5091/5091
f 5094/5094 5091/5091 5092/5092
f 5097/5097 5096/5096 5095/5095
f 5098/5098 5095/5095 5096/5096
f 5101/5101 5100/5100 5099/5099
f 5102/5102 5099/5099 5100/5100
f 5105/5105 5104/5104 5103/5103
f 5106/5106 5103/5103 5104/5104
f 5109/5109 5108/5108 5107/5107
f 5110/5110 5107/5107 5108/5108
f 5113/5113 5112/5112 5111/5111
f 5113/5113 5114/5114 5112/5112
f 5115/5115 5111/5111 5112/5112
f 5116/5116 5112/5112 5114/5114
f 5114/5114 5117/5117 5116/5116
f 5118/5118 5116/5116 5117/5117
f 5111/5111 5115/5115 5119/5119
f 5120/5120 5119/5119 5115/5115
f 5119/5119 5120/5120 5121/5121
f 5122/5122 5121/5121 5120/5120
f 5121/5121 5122/5122 5123/5123
f 5124/5124 5123/5123 5122/5122
f 5123/5123 5124/5124 5125/5125
f 5126/5126 5125/5125 5124/5124
f 5125/5125 5126/5126 5127/5127
f 5128/5128 5127/5127 5126/5126
f 5127/5127 5128/5128 5129/5129
f 5130/5130 5129/5129 5128/5128
f 5129/5129 5130/5130 5131/5131
f 5132/5132 5131/5131 5130/5130
f 5131/5131 5132/5132 5133/5133
f 5134/5134 5133/5133 5132/5132
f 5137/5137 5136/5136 5135/5135
f 5138/5138 5135/5135 5136/5136
f 5141/5141 5140/5140 5139/5139
f 5143/5143 5140/5140 5142/5142
f 5142/5142 5140/5140 5141/5141
f 5144/5144 5142/5142 5141/5141
f 5139/5139 5145/5145 5141/5141
f 5139/5139 5146/5146 5145/5145
f 5147/5147 5145/5145 5146/5146
f 5148/5148 5144/5144 5141/5141
f 5149/5149 5144/5144 5148/5148
f 5150/5150 5148/5148 5141/5141
f 5153/5153 5152/5152 5151/5151
f 5152/5152 5154/5154 5151/5151
f 5156/5156 5155/5155 5152/5152
f 5155/5155 5154/5154 5152/5152
f 5154/5154 5155/5155 5157/5157
f 5157/5157 5158/5158 5154/5154
f 5158/5158 5159/5159 5154/5154
f 5159/5159 5160/5160 5154/5154
f 5163/5163 5162/5162 5161/5161
f 5162/5162 5163/5163 5164/5164
f 5162/5162 5164/5164 5165/5165
f 5163/5163 5161/5161 5166/5166
f 5166/5166 5167/5167 5163/5163
f 5161/5161 5168/5168 5166/5166
f 5166/5166 5168/5168 5169/5169
f 5162/5162 5170/5170 5161/5161
f 5165/5165 5171/5171 5162/5162
f 5162/5162 5172/5172 5170/5170
f 5171/5171 5173/5173 5162/5162
f 5162/5162 5173/5173 5172/5172
f 5176/5176 5175/5175 5174/5174
f 5176/5176 5177/5177 5175/5175
f 5176/5176 5178/5178 5177/5177
f 5179/5179 5174/5174 5175/5175
f 5180/5180 5174/5174 5179/5179
f 5179/5179 5181/5181 5180/5180
f 5180/5180 5182/5182 5174/5174
f 5183/5183 5174/5174 5182/5182
f 5186/5186 5185/5185 5184/5184
f 5185/5185 5187/5187 5184/5184
f 5185/5185 5188/5188 5187/5187
f 5191/5191 5190/5190 5189/5189
f 5192/5192 5189/5189 5190/5190
f 5195/5195 5194/5194 5193/5193
f 5196/5196 5193/5193 5194/5194
f 5199/5199 5198/5198 5197/5197
f 5199/5199 5200/5200 5198/5198
f 5200/5200 5199/5199 5201/5201
f 5202/5202 5201/5201 5199/5199
f 5205/5205 5204/5204 5203/5203
f 5206/5206 5203/5203 5204/5204
f 5209/5209 5208/5208 5207/5207
f 5210/5210 5209/5209 5207/5207
f 5213/5213 5212/5212 5211/5211
f 5214/5214 5211/5211 5212/5212
f 5217/5217 5216/5216 5215/5215
f 5218/5218 5215/5215 5216/5216
f 5221/5221 5220/5220 5219/5219
f 5222/5222 5219/5219 5220/5220
f 5225/5225 5224/5224 5223/5223
f 5226/5226 5223/5223 5224/5224
f 5229/5229 5228/5228 5227/5227
f 5230/5230 5227/5227 5228/5228
f 5227/5227 5231/5231 5229/5229
f 5232/5232 5229/5229 5231/5231
f 5231/5231 5233/5233 5232/5232
f 5234/5234 5232/5232 5233/5233
f 5237/5237 5236/5236 5235/5235
f 5238/5238 5235/5235 5236/5236
f 5241/5241 5240/5240 5239/5239
f 5242/5242 5239/5239 5240/5240
f 5239/5239 5243/5243 5241/5241
f 5242/5242 5240/5240 5244/5244
f 5245/5245 5241/5241 5243/5243
f 5246/5246 5244/5244 5240/5240
f 5244/5244 5246/5246 5247/5247
f 5248/5248 5247/5247 5246/5246
f 5243/5243 5249/5249 5245/5245
f 5250/5250 5245/5245 5249/5249
f 5249/5249 5251/5251 5250/5250
f 5252/5252 5250/5250 5251/5251
f 5251/5251 5253/5253 5252/5252
f 5254/5254 5252/5252 5253/5253
f 5253/5253 5255/5255 5254/5254
f 5256/5256 5254/5254 5255/5255
f 5255/5255 5257/5257 5256/5256
f 5258/5258 5256/5256 5257/5257
f 5257/5257 5259/5259 5258/5258
f 5260/5260 5258/5258 5259/5259
f 5259/5259 5261/5261 5260/5260
f 5262/5262 5260/5260 5261/5261
f 5265/5265 5264/5264 5263/5263
f 5266/5266 5263/5263 5264/5264
f 5269/5269 5268/5268 5267/5267
f 5269/5269 5271/5271 5270/5270
f 5269/5269 5270/5270 5268/5268
f 5270/5270 5272/5272 5268/5268
f 5273/5273 5267/5267 5268/5268
f 5267/5267 5273/5273 5274/5274
f 5275/5275 5274/5274 5273/5273
f 5272/5272 5276/5276 5268/5268
f 5277/5277 5276/5276 5272/5272
f 5276/5276 5278/5278 5268/5268
f 5281/5281 5280/5280 5279/5279
f 5282/5282 5279/5279 5280/5280
f 5279/5279 5283/5283 5281/5281
f 5284/5284 5281/5281 5283/5283
f 5287/5287 5286/5286 5285/5285
f 5288/5288 5285/5285 5286/5286
f 5285/5285 5289/5289 5287/5287
f 5290/5290 5287/5287 5289/5289
f 5293/5293 5292/5292 5291/5291
f 5294/5294 5291/5291 5292/5292
f 5291/5291 5295/5295 5293/5293
f 5296/5296 5293/5293 5295/5295
f 5299/5299 5298/5298 5297/5297
f 5300/5300 5298/5298 5299/5299
f 5299/5299 5301/5301 5300/5300
f 5302/5302 5300/5300 5301/5301
f 5305/5305 5304/5304 5303/5303
f 5306/5306 5305/5305 5303/5303
f 5306/5306 5307/5307 5305/5305
f 5308/5308 5305/5305 5307/5307
f 5311/5311 5310/5310 5309/5309
f 5312/5312 5309/5309 5310/5310
f 5310/5310 5311/5311 5313/5313
f 5314/5314 5313/5313 5311/5311
f 5313/5313 5314/5314 5315/5315
f 5316/5316 5315/5315 5314/5314
f 5315/5315 5316/5316 5317/5317
f 5318/5318 5317/5317 5316/5316
f 5317/5317 5318/5318 5319/5319
f 5320/5320 5319/5319 5318/5318
f 5319/5319 5320/5320 5321/5321
f 5322/5322 5321/5321 5320/5320
f 5321/5321 5322/5322 5323/5323
f 5324/5324 5323/5323 5322/5322
f 5323/5323 5324/5324 5325/5325
f 5326/5326 5325/5325 5324/5324
f 5329/5329 5328/5328 5327/5327
f 5330/5330 5327/5327 5328/5328
f 5328/5328 5331/5331 5330/5330
f 5332/5332 5330/5330 5331/5331
f 5332/5332 5331/5331 5333/5333
f 5334/5334 5333/5333 5331/5331
f 5335/5335 5333/5333 5334/5334
f 5338/5338 5337/5337 5336/5336
f 5339/5339 5336/5336 5337/5337
f 5337/5337 5340/5340 5339/5339
f 5341/5341 5339/5339 5340/5340
f 5340/5340 5342/5342 5341/5341
f 5343/5343 5341/5341 5342/5342
f 5344/5344 5343/5343 5342/5342
f 5347/5347 5346/5346 5345/5345
f 5348/5348 5345/5345 5346/5346
f 5346/5346 5349/5349 5348/5348
f 5350/5350 5348/5348 5349/5349
f 5349/5349 5351/5351 5350/5350
f 5352/5352 5350/5350 5351/5351
f 5351/5351 5353/5353 5352/5352
f 5354/5354 5352/5352 5353/5353
f 5353/5353 5355/5355 5354/5354
f 5356/5356 5354/5354 5355/5355
f 5355/5355 5357/5357 5356/5356
f 5358/5358 5356/5356 5357/5357
f 5357/5357 5359/5359 5358/5358
f 5360/5360 5358/5358 5359/5359
f 5359/5359 5361/5361 5360/5360
f 5362/5362 5360/5360 5361/5361
f 5365/5365 5364/5364 5363/5363
f 5366/5366 5363/5363 5364/5364
f 5364/5364 5365/5365 5367/5367
f 5368/5368 5367/5367 5365/5365
f 5368/5368 5369/5369 5367/5367
f 5370/5370 5367/5367 5369/5369
f 5369/5369 5371/5371 5370/5370
f 5374/5374 5373/5373 5372/5372
f 5375/5375 5372/5372 5373/5373
f 5373/5373 5374/5374 5376/5376
f 5377/5377 5376/5376 5374/5374
f 5376/5376 5377/5377 5378/5378
f 5379/5379 5378/5378 5377/5377
f 5379/5379 5380/5380 5378/5378
f 5383/5383 5382/5382 5381/5381
f 5381/5381 5382/5382 5384/5384
f 5387/5387 5386/5386 5385/5385
f 5385/5385 5386/5386 5388/5388
f 5391/5391 5390/5390 5389/5389
f 5392/5392 5389/5389 5390/5390
f 5389/5389 5393/5393 5391/5391
f 5390/5390 5394/5394 5392/5392
f 5395/5395 5391/5391 5393/5393
f 5396/5396 5392/5392 5394/5394
f 5393/5393 5397/5397 5395/5395
f 5394/5394 5398/5398 5396/5396
f 5399/5399 5395/5395 5397/5397
f 5400/5400 5396/5396 5398/5398
f 5399/5399 5397/5397 5401/5401
f 5400/5400 5398/5398 5402/5402
f 5403/5403 5401/5401 5397/5397
f 5404/5404 5402/5402 5398/5398
f 5401/5401 5403/5403 5405/5405
f 5402/5402 5404/5404 5406/5406
f 5407/5407 5405/5405 5403/5403
f 5408/5408 5406/5406 5404/5404
f 5405/5405 5407/5407 5409/5409
f 5406/5406 5408/5408 5410/5410
f 5411/5411 5409/5409 5407/5407
f 5412/5412 5410/5410 5408/5408
f 5409/5409 5411/5411 5413/5413
f 5410/5410 5412/5412 5414/5414
f 5415/5415 5413/5413 5411/5411
f 5416/5416 5414/5414 5412/5412
f 5413/5413 5415/5415 5417/5417
f 5414/5414 5416/5416 5418/5418
f 5419/5419 5417/5417 5415/5415
f 5420/5420 5418/5418 5416/5416
f 5419/5419 5421/5421 5417/5417
f 5420/5420 5422/5422 5418/5418
f 5423/5423 5417/5417 5421/5421
f 5424/5424 5418/5418 5422/5422
f 5421/5421 5425/5425 5423/5423
f 5422/5422 5426/5426 5424/5424
f 5427/5427 5423/5423 5425/5425
f 5428/5428 5424/5424 5426/5426
f 5425/5425 5428/5428 5427/5427
f 5426/5426 5427/5427 5428/5428
f 5431/5431 5430/5430 5429/5429
f 5432/5432 5430/5430 5431/5431
f 5433/5433 5431/5431 5429/5429
f 5434/5434 5432/5432 5431/5431
f 5435/5435 5431/5431 5433/5433
f 5436/5436 5434/5434 5431/5431
f 5437/5437 5431/5431 5435/5435
f 5438/5438 5436/5436 5431/5431
f 5439/5439 5431/5431 5437/5437
f 5440/5440 5438/5438 5431/5431
f 5441/5441 5431/5431 5439/5439
f 5440/5440 5431/5431 5442/5442
f 5442/5442 5431/5431 5443/5443
f 5444/5444 5431/5431 5441/5441
f 5443/5443 5431/5431 5445/5445
f 5446/5446 5431/5431 5444/5444
f 5445/5445 5431/5431 5447/5447
f 5447/5447 5431/5431 5446/5446
f 5450/5450 5449/5449 5448/5448
f 5449/5449 5450/5450 5451/5451
f 5452/5452 5448/5448 5449/5449
f 5453/5453 5451/5451 5450/5450
f 5454/5454 5448/5448 5452/5452
f 5451/5451 5453/5453 5455/5455
f 5456/5456 5448/5448 5454/5454
f 5457/5457 5455/5455 5453/5453
f 5458/5458 5456/5456 5454/5454
f 5455/5455 5457/5457 5459/5459
f 5460/5460 5456/5456 5458/5458
f 5461/5461 5459/5459 5457/5457
f 5462/5462 5456/5456 5460/5460
f 5459/5459 5461/5461 5463/5463
f 5464/5464 5462/5462 5460/5460
f 5465/5465 5463/5463 5461/5461
f 5462/5462 5464/5464 5466/5466
f 5463/5463 5465/5465 5467/5467
f 5468/5468 5466/5466 5464/5464
f 5469/5469 5467/5467 5465/5465
f 5466/5466 5468/5468 5470/5470
f 5467/5467 5469/5469 5471/5471
f 5472/5472 5470/5470 5468/5468
f 5473/5473 5471/5471 5469/5469
f 5470/5470 5472/5472 5474/5474
f 5471/5471 5473/5473 5475/5475
f 5476/5476 5474/5474 5472/5472
f 5477/5477 5475/5475 5473/5473
f 5474/5474 5476/5476 5478/5478
f 5475/5475 5477/5477 5479/5479
f 5480/5480 5478/5478 5476/5476
f 5481/5481 5479/5479 5477/5477
f 5478/5478 5480/5480 5482/5482
f 5479/5479 5481/5481 5483/5483
f 5484/5484 5482/5482 5480/5480
f 5485/5485 5483/5483 5481/5481
f 5482/5482 5484/5484 5485/5485
f 5483/5483 5485/5485 5484/5484
f 5488/5488 5487/5487 5486/5486
f 5487/5487 5488/5488 5489/5489
f 5490/5490 5486/5486 5487/5487
f 5491/5491 5489/5489 5488/5488
f 5486/5486 5490/5490 5492/5492
f 5489/5489 5491/5491 5493/5493
f 5494/5494 5492/5492 5490/5490
f 5495/5495 5493/5493 5491/5491
f 5492/5492 5494/5494 5496/5496
f 5493/5493 5495/5495 5497/5497
f 5498/5498 5496/5496 5494/5494
f 5499/5499 5497/5497 5495/5495
f 5496/5496 5498/5498 5500/5500
f 5497/5497 5499/5499 5501/5501
f 5502/5502 5500/5500 5498/5498
f 5503/5503 5501/5501 5499/5499
f 5500/5500 5502/5502 5504/5504
f 5501/5501 5503/5503 5505/5505
f 5506/5506 5504/5504 5502/5502
f 5507/5507 5505/5505 5503/5503
f 5504/5504 5506/5506 5508/5508
f 5505/5505 5507/5507 5509/5509
f 5510/5510 5508/5508 5506/5506
f 5511/5511 5509/5509 5507/5507
f 5508/5508 5510/5510 5512/5512
f 5509/5509 5511/5511 5513/5513
f 5514/5514 5512/5512 5510/5510
f 5515/5515 5513/5513 5511/5511
f 5512/5512 5514/5514 5516/5516
f 5513/5513 5515/5515 5517/5517
f 5518/5518 5516/5516 5514/5514
f 5519/5519 5517/5517 5515/5515
f 5516/5516 5518/5518 5520/5520
f 5517/5517 5519/5519 5521/5521
f 5521/5521 5520/5520 5518/5518
f 5520/5520 5521/5521 5519/5519
f 5524/5524 5523/5523 5522/5522
f 5523/5523 5524/5524 5525/5525
f 5526/5526 5522/5522 5523/5523
f 5527/5527 5525/5525 5524/5524
f 5522/5522 5526/5526 5528/5528
f 5525/5525 5527/5527 5529/5529
f 5530/5530 5528/5528 5526/5526
f 5531/5531 5529/5529 5527/5527
f 5528/5528 5530/5530 5532/5532
f 5529/5529 5531/5531 5533/5533
f 5534/5534 5532/5532 5530/5530
f 5535/5535 5533/5533 5531/5531
f 5532/5532 5534/5534 5536/5536
f 5533/5533 5535/5535 5537/5537
f 5538/5538 5536/5536 5534/5534
f 5539/5539 5537/5537 5535/5535
f 5536/5536 5538/5538 5540/5540
f 5537/5537 5539/5539 5541/5541
f 5542/5542 5540/5540 5538/5538
f 5543/5543 5541/5541 5539/5539
f 5540/5540 5542/5542 5544/5544
f 5541/5541 5543/5543 5545/5545
f 5546/5546 5544/5544 5542/5542
f 5547/5547 5545/5545 5543/5543
f 5544/5544 5546/5546 5548/5548
f 5545/5545 5547/5547 5549/5549
f 5550/5550 5548/5548 5546/5546
f 5548/5548 5550/5550 5551/5551
f 5552/5552 5551/5551 5550/5550
f 5553/5553 5549/5549 5547/5547
f 5549/5549 5553/5553 5554/5554
f 5555/5555 5554/5554 5553/5553
f 5558/5558 5557/5557 5556/5556
f 5560/5560 5559/5559 5556/5556
f 5557/5557 5560/5560 5556/5556
f 5562/5562 5560/5560 5561/5561
f 5561/5561 5560/5560 5563/5563
f 5563/5563 5560/5560 5557/5557
f 5564/5564 5561/5561 5563/5563
f 5566/5566 5565/5565 5557/5557
f 5565/5565 5567/5567 5557/5557
f 5567/5567 5563/5563 5557/5557
f 5568/5568 5567/5567 5565/5565
f 5569/5569 5563/5563 5567/5567
f 5570/5570 5563/5563 5569/5569
f 5571/5571 5569/5569 5567/5567
f 5574/5574 5573/5573 5572/5572
f 5575/5575 5572/5572 5573/5573
f 5572/5572 5576/5576 5574/5574
f 5573/5573 5577/5577 5575/5575
f 5578/5578 5574/5574 5576/5576
f 5579/5579 5575/5575 5577/5577
f 5576/5576 5580/5580 5578/5578
f 5577/5577 5581/5581 5579/5579
f 5582/5582 5578/5578 5580/5580
f 5583/5583 5579/5579 5581/5581
f 5581/5581 5584/5584 5583/5583
f 5585/5585 5583/5583 5584/5584
f 5580/5580 5586/5586 5582/5582
f 5587/5587 5582/5582 5586/5586
f 5586/5586 5588/5588 5587/5587
f 5589/5589 5587/5587 5588/5588
f 5592/5592 5591/5591 5590/5590
f 5594/5594 5593/5593 5590/5590
f 5591/5591 5594/5594 5590/5590
f 5596/5596 5594/5594 5595/5595
f 5595/5595 5594/5594 5597/5597
f 5597/5597 5594/5594 5591/5591
f 5598/5598 5595/5595 5597/5597
f 5600/5600 5599/5599 5591/5591
f 5599/5599 5601/5601 5591/5591
f 5601/5601 5597/5597 5591/5591
f 5602/5602 5601/5601 5599/5599
f 5603/5603 5597/5597 5601/5601
f 5604/5604 5597/5597 5603/5603
f 5605/5605 5603/5603 5601/5601
f 5608/5608 5607/5607 5606/5606
f 5607/5607 5608/5608 5609/5609
f 5610/5610 5606/5606 5607/5607
f 5611/5611 5609/5609 5608/5608
f 5606/5606 5610/5610 5612/5612
f 5609/5609 5611/5611 5613/5613
f 5614/5614 5612/5612 5610/5610
f 5615/5615 5613/5613 5611/5611
f 5612/5612 5614/5614 5616/5616
f 5613/5613 5615/5615 5617/5617
f 5618/5618 5616/5616 5614/5614
f 5619/5619 5617/5617 5615/5615
f 5616/5616 5618/5618 5620/5620
f 5617/5617 5619/5619 5621/5621
f 5622/5622 5620/5620 5618/5618
f 5623/5623 5621/5621 5619/5619
f 5620/5620 5622/5622 5624/5624
f 5621/5621 5623/5623 5625/5625
f 5626/5626 5624/5624 5622/5622
f 5627/5627 5625/5625 5623/5623
f 5624/5624 5626/5626 5628/5628
f 5625/5625 5627/5627 5629/5629
f 5630/5630 5628/5628 5626/5626
f 5631/5631 5629/5629 5627/5627
f 5628/5628 5630/5630 5632/5632
f 5629/5629 5631/5631 5633/5633
f 5634/5634 5632/5632 5630/5630
f 5632/5632 5634/5634 5635/5635
f 5636/5636 5635/5635 5634/5634
f 5637/5637 5633/5633 5631/5631
f 5633/5633 5637/5637 5638/5638
f 5639/5639 5638/5638 5637/5637
f 5642/5642 5641/5641 5640/5640
f 5644/5644 5643/5643 5640/5640
f 5641/5641 5644/5644 5640/5640
f 5646/5646 5644/5644 5645/5645
f 5645/5645 5644/5644 5647/5647
f 5647/5647 5644/5644 5641/5641
f 5648/5648 5645/5645 5647/5647
f 5650/5650 5649/5649 5641/5641
f 5649/5649 5651/5651 5641/5641
f 5651/5651 5647/5647 5641/5641
f 5652/5652 5651/5651 5649/5649
f 5653/5653 5647/5647 5651/5651
f 5654/5654 5647/5647 5653/5653
f 5655/5655 5653/5653 5651/5651
f 5658/5658 5657/5657 5656/5656
f 5659/5659 5656/5656 5657/5657
f 5659/5659 5660/5660 5656/5656
f 5661/5661 5656/5656 5660/5660
f 5661/5661 5660/5660 5662/5662
f 5663/5663 5662/5662 5660/5660
f 5663/5663 5664/5664 5662/5662
f 5665/5665 5662/5662 5664/5664
f 5668/5668 5667/5667 5666/5666
f 5669/5669 5666/5666 5667/5667
f 5672/5672 5671/5671 5670/5670
f 5670/5670 5673/5673 5672/5672
f 5674/5674 5672/5672 5673/5673
f 5675/5675 5671/5671 5672/5672
f 5676/5676 5671/5671 5675/5675
f 5677/5677 5671/5671 5676/5676
f 5678/5678 5677/5677 5676/5676
f 5678/5678 5676/5676 5679/5679
f 5678/5678 5679/5679 5680/5680
f 5678/5678 5680/5680 5681/5681
f 5684/5684 5683/5683 5682/5682
f 5683/5683 5685/5685 5682/5682
f 5686/5686 5684/5684 5682/5682
f 5685/5685 5687/5687 5682/5682
f 5685/5685 5688/5688 5687/5687
f 5685/5685 5689/5689 5688/5688
f 5690/5690 5684/5684 5686/5686
f 5691/5691 5684/5684 5690/5690
f 5690/5690 5692/5692 5691/5691
f 5693/5693 5691/5691 5692/5692
f 5696/5696 5695/5695 5694/5694
f 5697/5697 5694/5694 5695/5695
f 5700/5700 5699/5699 5698/5698
f 5701/5701 5698/5698 5699/5699
f 5704/5704 5703/5703 5702/5702
f 5705/5705 5702/5702 5703/5703
f 5708/5708 5707/5707 5706/5706
f 5709/5709 5706/5706 5707/5707
f 5712/5712 5711/5711 5710/5710
f 5713/5713 5710/5710 5711/5711
f 5716/5716 5715/5715 5714/5714
f 5717/5717 5714/5714 5715/5715
f 5720/5720 5719/5719 5718/5718
f 5721/5721 5718/5718 5719/5719
f 5724/5724 5723/5723 5722/5722
f 5725/5725 5722/5722 5723/5723
f 5728/5728 5727/5727 5726/5726
f 5729/5729 5726/5726 5727/5727
f 5732/5732 5731/5731 5730/5730
f 5733/5733 5730/5730 5731/5731
f 5734/5734 5730/5730 5733/5733
f 5735/5735 5734/5734 5733/5733
f 5735/5735 5736/5736 5734/5734
f 5735/5735 5737/5737 5736/5736
f 5738/5738 5737/5737 5735/5735
f 5735/5735 5739/5739 5738/5738
f 5739/5739 5740/5740 5738/5738
f 5738/5738 5740/5740 5741/5741
f 5739/5739 5742/5742 5740/5740
f 5742/5742 5743/5743 5740/5740
f 5743/5743 5744/5744 5740/5740
f 5744/5744 5745/5745 5740/5740
f 5748/5748 5747/5747 5746/5746
f 5749/5749 5746/5746 5747/5747
f 5747/5747 5750/5750 5749/5749
f 5751/5751 5749/5749 5750/5750
f 5748/5748 5752/5752 5747/5747
f 5753/5753 5747/5747 5752/5752
f 5748/5748 5754/5754 5752/5752
f 5748/5748 5746/5746 5755/5755
f 5748/5748 5755/5755 5754/5754
f 5756/5756 5755/5755 5746/5746
f 5755/5755 5757/5757 5754/5754
f 5755/5755 5756/5756 5757/5757
f 5758/5758 5757/5757 5756/5756
f 5758/5758 5759/5759 5757/5757
f 5760/5760 5757/5757 5759/5759
f 5760/5760 5759/5759 5761/5761
f 5762/5762 5761/5761 5759/5759
f 5765/5765 5764/5764 5763/5763
f 5764/5764 5766/5766 5763/5763
f 5764/5764 5765/5765 5767/5767
f 5768/5768 5767/5767 5765/5765
f 5768/5768 5765/5765 5769/5769
f 5770/5770 5769/5769 5765/5765
f 5770/5770 5771/5771 5769/5769
f 5772/5772 5769/5769 5771/5771
f 5771/5771 5773/5773 5772/5772
f 5774/5774 5772/5772 5773/5773
f 5774/5774 5773/5773 5775/5775
f 5776/5776 5775/5775 5773/5773
f 5776/5776 5777/5777 5775/5775
f 5778/5778 5775/5775 5777/5777
f 5781/5781 5780/5780 5779/5779
f 5781/5781 5782/5782 5780/5780
f 5783/5783 5780/5780 5782/5782
f 5780/5780 5784/5784 5779/5779
f 5780/5780 5785/5785 5784/5784
f 5788/5788 5787/5787 5786/5786
f 5789/5789 5786/5786 5787/5787
f 5792/5792 5791/5791 5790/5790
f 5793/5793 5790/5790 5791/5791
f 5796/5796 5795/5795 5794/5794
f 5797/5797 5794/5794 5795/5795
f 5800/5800 5799/5799 5798/5798
f 5801/5801 5798/5798 5799/5799
f 5801/5801 5802/5802 5798/5798
f 5803/5803 5798/5798 5802/5802
f 5802/5802 5804/5804 5803/5803
f 5804/5804 5802/5802 5805/5805
f 5802/5802 5806/5806 5805/5805
f 5807/5807 5806/5806 5802/5802
f 5810/5810 5809/5809 5808/5808
f 5811/5811 5808/5808 5809/5809
f 5809/5809 5812/5812 5811/5811
f 5813/5813 5811/5811 5812/5812
f 5816/5816 5815/5815 5814/5814
f 5817/5817 5814/5814 5815/5815
f 5819/5819 5818/5818 5816/5816
f 5820/5820 5816/5816 5818/5818
f 5823/5823 5822/5822 5821/5821
f 5824/5824 5821/5821 5822/5822
f 5827/5827 5826/5826 5825/5825
f 5828/5828 5825/5825 5826/5826
f 5831/5831 5830/5830 5829/5829
f 5832/5832 5829/5829 5830/5830
f 5829/5829 5833/5833 5831/5831
f 5833/5833 5834/5834 5831/5831
f 5835/5835 5834/5834 5833/5833
f 5836/5836 5834/5834 5835/5835
f 5836/5836 5837/5837 5834/5834
f 5838/5838 5834/5834 5837/5837
f 5839/5839 5838/5838 5837/5837
f 5839/5839 5837/5837 5840/5840
f 5841/5841 5838/5838 5839/5839
f 5842/5842 5841/5841 5839/5839
f 5843/5843 5842/5842 5839/5839
f 5844/5844 5843/5843 5839/5839
f 5847/5847 5846/5846 5845/5845
f 5846/5846 5847/5847 5848/5848
f 5849/5849 5848/5848 5847/5847
f 5850/5850 5845/5845 5846/5846
f 5850/5850 5846/5846 5851/5851
f 5852/5852 5851/5851 5846/5846
f 5853/5853 5850/5850 5851/5851
f 5850/5850 5854/5854 5845/5845
f 5854/5854 5850/5850 5853/5853
f 5855/5855 5845/5845 5854/5854
f 5856/5856 5854/5854 5853/5853
f 5854/5854 5856/5856 5855/5855
f 5857/5857 5855/5855 5856/5856
f 5857/5857 5856/5856 5858/5858
f 5859/5859 5858/5858 5856/5856
f 5859/5859 5860/5860 5858/5858
f 5861/5861 5858/5858 5860/5860
f 5864/5864 5863/5863 5862/5862
f 5865/5865 5864/5864 5862/5862
f 5864/5864 5866/5866 5863/5863
f 5867/5867 5863/5863 5866/5866
f 5867/5867 5868/5868 5863/5863
f 5869/5869 5863/5863 5868/5868
f 5869/5869 5868/5868 5870/5870
f 5871/5871 5870/5870 5868/5868
f 5870/5870 5871/5871 5872/5872
f 5873/5873 5872/5872 5871/5871
f 5873/5873 5874/5874 5872/5872
f 5875/5875 5872/5872 5874/5874
f 5875/5875 5874/5874 5876/5876
f 5877/5877 5876/5876 5874/5874
f 5880/5880 5879/5879 5878/5878
f 5879/5879 5880/5880 5881/5881
f 5882/5882 5881/5881 5880/5880
f 5883/5883 5880/5880 5878/5878
f 5884/5884 5880/5880 5883/5883
f 5887/5887 5886/5886 5885/5885
f 5888/5888 5885/5885 5886/5886
f 5891/5891 5890/5890 5889/5889
f 5892/5892 5889/5889 5890/5890
f 5895/5895 5894/5894 5893/5893
f 5896/5896 5893/5893 5894/5894
f 5899/5899 5898/5898 5897/5897
f 5900/5900 5897/5897 5898/5898
f 5899/5899 5897/5897 5901/5901
f 5902/5902 5901/5901 5897/5897
f 5903/5903 5901/5901 5902/5902
f 5901/5901 5903/5903 5904/5904
f 5905/5905 5901/5901 5904/5904
f 5905/5905 5906/5906 5901/5901
f 5909/5909 5908/5908 5907/5907
f 5910/5910 5907/5907 5908/5908
f 5908/5908 5909/5909 5911/5911
f 5912/5912 5911/5911 5909/5909
f 5915/5915 5914/5914 5913/5913
f 5916/5916 5913/5913 5914/5914
f 5918/5918 5917/5917 5916/5916
f 5919/5919 5916/5916 5917/5917
f 5922/5922 5921/5921 5920/5920
f 5923/5923 5920/5920 5921/5921
f 5926/5926 5925/5925 5924/5924
f 5927/5927 5924/5924 5925/5925
f 5930/5930 5929/5929 5928/5928
f 5931/5931 5928/5928 5929/5929
f 5934/5934 5933/5933 5932/5932
f 5935/5935 5932/5932 5933/5933
f 5938/5938 5937/5937 5936/5936
f 5939/5939 5936/5936 5937/5937
f 5942/5942 5941/5941 5940/5940
f 5943/5943 5940/5940 5941/5941
f 5941/5941 5944/5944 5943/5943
f 5944/5944 5945/5945 5943/5943
f 5946/5946 5943/5943 5945/5945
f 5949/5949 5948/5948 5947/5947
f 5950/5950 5947/5947 5948/5948
f 5953/5953 5952/5952 5951/5951
f 5954/5954 5951/5951 5952/5952
f 5955/5955 5954/5954 5952/5952
f 5955/5955 5952/5952 5956/5956
f 5957/5957 5956/5956 5952/5952
f 5960/5960 5959/5959 5958/5958
f 5961/5961 5958/5958 5959/5959
f 5964/5964 5963/5963 5962/5962
f 5965/5965 5962/5962 5963/5963
f 5968/5968 5967/5967 5966/5966
f 5969/5969 5966/5966 5967/5967
f 5972/5972 5971/5971 5970/5970
f 5973/5973 5970/5970 5971/5971
f 5976/5976 5975/5975 5974/5974
f 5975/5975 5976/5976 5977/5977
f 5978/5978 5974/5974 5975/5975
f 5979/5979 5977/5977 5976/5976
f 5974/5974 5978/5978 5980/5980
f 5977/5977 5979/5979 5981/5981
f 5981/5981 5980/5980 5978/5978
f 5980/5980 5981/5981 5979/5979
f 5984/5984 5983/5983 5982/5982
f 5985/5985 5982/5982 5983/5983
f 5982/5982 5986/5986 5984/5984
f 5987/5987 5984/5984 5986/5986
f 5990/5990 5989/5989 5988/5988
f 5991/5991 5988/5988 5989/5989
f 5994/5994 5993/5993 5992/5992
f 5995/5995 5992/5992 5993/5993
f 5998/5998 5997/5997 5996/5996
f 5999/5999 5996/5996 5997/5997
f 6002/6002 6001/6001 6000/6000
f 6003/6003 6000/6000 6001/6001
f 6004/6004 6001/6001 6002/6002
f 6004/6004 6002/6002 6005/6005
f 6006/6006 6005/6005 6002/6002
f 6009/6009 6008/6008 6007/6007
f 6010/6010 6007/6007 6008/6008
f 6013/6013 6012/6012 6011/6011
f 6014/6014 6011/6011 6012/6012
f 6013/6013 6015/6015 6012/6012
f 6015/6015 6016/6016 6012/6012
f 6017/6017 6012/6012 6016/6016
f 6020/6020 6019/6019 6018/6018
f 6021/6021 6018/6018 6019/6019
f 6024/6024 6023/6023 6022/6022
f 6025/6025 6022/6022 6023/6023
f 6028/6028 6027/6027 6026/6026
f 6029/6029 6026/6026 6027/6027
f 6032/6032 6031/6031 6030/6030
f 6033/6033 6030/6030 6031/6031
f 6036/6036 6035/6035 6034/6034
f 6037/6037 6034/6034 6035/6035
f 6034/6034 6038/6038 6036/6036
f 6035/6035 6039/6039 6037/6037
f 6040/6040 6036/6036 6038/6038
f 6041/6041 6037/6037 6039/6039
f 6038/6038 6041/6041 6040/6040
f 6039/6039 6040/6040 6041/6041
f 6044/6044 6043/6043 6042/6042
f 6045/6045 6042/6042 6043/6043
f 6048/6048 6047/6047 6046/6046
f 6049/6049 6046/6046 6047/6047
f 6052/6052 6051/6051 6050/6050
f 6053/6053 6050/6050 6051/6051
f 6053/6053 6054/6054 6050/6050
f 6055/6055 6050/6050 6054/6054
f 6051/6051 6052/6052 6056/6056
f 6057/6057 6056/6056 6052/6052
f 6057/6057 6058/6058 6056/6056
f 6059/6059 6056/6056 6058/6058
f 6058/6058 6060/6060 6059/6059
f 6061/6061 6059/6059 6060/6060
f 6060/6060 6062/6062 6061/6061
f 6063/6063 6061/6061 6062/6062
f 6062/6062 6064/6064 6063/6063
f 6065/6065 6063/6063 6064/6064
f 6065/6065 6064/6064 6066/6066
f 6067/6067 6066/6066 6064/6064
f 6066/6066 6067/6067 6068/6068
f 6069/6069 6068/6068 6067/6067
f 6068/6068 6069/6069 6070/6070
f 6071/6071 6070/6070 6069/6069
f 6070/6070 6071/6071 6072/6072
f 6073/6073 6072/6072 6071/6071
f 6073/6073 6074/6074 6072/6072
f 6075/6075 6072/6072 6074/6074
f 6074/6074 6076/6076 6075/6075
f 6077/6077 6075/6075 6076/6076
f 6076/6076 6078/6078 6077/6077
f 6079/6079 6077/6077 6078/6078
f 6082/6082 6081/6081 6080/6080
f 6083/6083 6080/6080 6081/6081
f 6082/6082 6080/6080 6084/6084
f 6085/6085 6084/6084 6080/6080
f 6085/6085 6086/6086 6084/6084
f 6087/6087 6084/6084 6086/6086
f 6090/6090 6089/6089 6088/6088
f 6089/6089 6091/6091 6088/6088
f 6091/6091 6092/6092 6088/6088
f 6092/6092 6093/6093 6088/6088
f 6093/6093 6094/6094 6088/6088
f 6088/6088 6094/6094 6095/6095
f 6094/6094 6096/6096 6095/6095
f 6096/6096 6097/6097 6095/6095
f 6097/6097 6098/6098 6095/6095
f 6088/6088 6095/6095 6099/6099
f 6095/6095 6100/6100 6099/6099
f 6088/6088 6099/6099 6090/6090
f 6100/6100 6101/6101 6099/6099
f 6101/6101 6102/6102 6099/6099
f 6099/6099 6103/6103 6090/6090
f 6103/6103 6104/6104 6090/6090
f 6104/6104 6105/6105 6090/6090
f 6105/6105 6106/6106 6090/6090
f 6109/6109 6108/6108 6107/6107
f 6110/6110 6107/6107 6108/6108
f 6113/6113 6112/6112 6111/6111
f 6114/6114 6111/6111 6112/6112
f 6114/6114 6115/6115 6111/6111
f 6116/6116 6111/6111 6115/6115
f 6112/6112 6113/6113 6117/6117
f 6118/6118 6117/6117 6113/6113
f 6118/6118 6119/6119 6117/6117
f 6120/6120 6117/6117 6119/6119
f 6119/6119 6121/6121 6120/6120
f 6122/6122 6120/6120 6121/6121
f 6121/6121 6123/6123 6122/6122
f 6124/6124 6122/6122 6123/6123
f 6123/6123 6125/6125 6124/6124
f 6126/6126 6124/6124 6125/6125
f 6126/6126 6125/6125 6127/6127
f 6128/6128 6127/6127 6125/6125
f 6127/6127 6128/6128 6129/6129
f 6130/6130 6129/6129 6128/6128
f 6129/6129 6130/6130 6131/6131
f 6132/6132 6131/6131 6130/6130
f 6131/6131 6132/6132 6133/6133
f 6134/6134 6133/6133 6132/6132
f 6134/6134 6135/6135 6133/6133
f 6136/6136 6133/6133 6135/6135
f 6135/6135 6137/6137 6136/6136
f 6138/6138 6136/6136 6137/6137
f 6137/6137 6139/6139 6138/6138
f 6140/6140 6138/6138 6139/6139
f 6143/6143 6142/6142 6141/6141
f 6144/6144 6141/6141 6142/6142
f 6143/6143 6141/6141 6145/6145
f 6146/6146 6145/6145 6141/6141
f 6146/6146 6147/6147 6145/6145
f 6148/6148 6145/6145 6147/6147
f 6151/6151 6150/6150 6149/6149
f 6150/6150 6152/6152 6149/6149
f 6152/6152 6153/6153 6149/6149
f 6153/6153 6154/6154 6149/6149
f 6154/6154 6155/6155 6149/6149
f 6149/6149 6155/6155 6156/6156
f 6155/6155 6157/6157 6156/6156
f 6157/6157 6158/6158 6156/6156
f 6158/6158 6159/6159 6156/6156
f 6149/6149 6156/6156 6160/6160
f 6156/6156 6161/6161 6160/6160
f 6149/6149 6160/6160 6151/6151
f 6161/6161 6162/6162 6160/6160
f 6162/6162 6163/6163 6160/6160
f 6160/6160 6164/6164 6151/6151
f 6164/6164 6165/6165 6151/6151
f 6165/6165 6166/6166 6151/6151
f 6166/6166 6167/6167 6151/6151
f 6170/6170 6169/6169 6168/6168
f 6171/6171 6168/6168 6169/6169
f 6174/6174 6173/6173 6172/6172
f 6175/6175 6172/6172 6173/6173
f 6175/6175 6176/6176 6172/6172
f 6177/6177 6172/6172 6176/6176
f 6173/6173 6174/6174 6178/6178
f 6179/6179 6178/6178 6174/6174
f 6179/6179 6180/6180 6178/6178
f 6181/6181 6178/6178 6180/6180
f 6180/6180 6182/6182 6181/6181
f 6183/6183 6181/6181 6182/6182
f 6182/6182 6184/6184 6183/6183
f 6185/6185 6183/6183 6184/6184
f 6184/6184 6186/6186 6185/6185
f 6187/6187 6185/6185 6186/6186
f 6187/6187 6186/6186 6188/6188
f 6189/6189 6188/6188 6186/6186
f 6188/6188 6189/6189 6190/6190
f 6191/6191 6190/6190 6189/6189
f 6190/6190 6191/6191 6192/6192
f 6193/6193 6192/6192 6191/6191
f 6192/6192 6193/6193 6194/6194
f 6195/6195 6194/6194 6193/6193
f 6195/6195 6196/6196 6194/6194
f 6197/6197 6194/6194 6196/6196
f 6196/6196 6198/6198 6197/6197
f 6199/6199 6197/6197 6198/6198
f 6198/6198 6200/6200 6199/6199
f 6201/6201 6199/6199 6200/6200
f 6204/6204 6203/6203 6202/6202
f 6205/6205 6202/6202 6203/6203
f 6204/6204 6202/6202 6206/6206
f 6207/6207 6206/6206 6202/6202
f 6207/6207 6208/6208 6206/6206
f 6209/6209 6206/6206 6208/6208
f 6212/6212 6211/6211 6210/6210
f 6211/6211 6213/6213 6210/6210
f 6213/6213 6214/6214 6210/6210
f 6214/6214 6215/6215 6210/6210
f 6215/6215 6216/6216 6210/6210
f 6210/6210 6216/6216 6217/6217
f 6216/6216 6218/6218 6217/6217
f 6218/6218 6219/6219 6217/6217
f 6219/6219 6220/6220 6217/6217
f 6210/6210 6217/6217 6221/6221
f 6217/6217 6222/6222 6221/6221
f 6210/6210 6221/6221 6212/6212
f 6222/6222 6223/6223 6221/6221
f 6223/6223 6224/6224 6221/6221
f 6221/6221 6225/6225 6212/6212
f 6225/6225 6226/6226 6212/6212
f 6226/6226 6227/6227 6212/6212
f 6227/6227 6228/6228 6212/6212
f 6231/6231 6230/6230 6229/6229
f 6232/6232 6229/6229 6230/6230
f 6235/6235 6234/6234 6233/6233
f 6236/6236 6233/6233 6234/6234
f 6236/6236 6237/6237 6233/6233
f 6238/6238 6233/6233 6237/6237
f 6234/6234 6235/6235 6239/6239
f 6240/6240 6239/6239 6235/6235
f 6240/6240 6241/6241 6239/6239
f 6242/6242 6239/6239 6241/6241
f 6241/6241 6243/6243 6242/6242
f 6244/6244 6242/6242 6243/6243
f 6243/6243 6245/6245 6244/6244
f 6246/6246 6244/6244 6245/6245
f 6245/6245 6247/6247 6246/6246
f 6248/6248 6246/6246 6247/6247
f 6248/6248 6247/6247 6249/6249
f 6250/6250 6249/6249 6247/6247
f 6249/6249 6250/6250 6251/6251
f 6252/6252 6251/6251 6250/6250
f 6251/6251 6252/6252 6253/6253
f 6254/6254 6253/6253 6252/6252
f 6253/6253 6254/6254 6255/6255
f 6256/6256 6255/6255 6254/6254
f 6256/6256 6257/6257 6255/6255
f 6258/6258 6255/6255 6257/6257
f 6257/6257 6259/6259 6258/6258
f 6260/6260 6258/6258 6259/6259
f 6259/6259 6261/6261 6260/6260
f 6262/6262 6260/6260 6261/6261
f 6265/6265 6264/6264 6263/6263
f 6266/6266 6263/6263 6264/6264
f 6265/6265 6263/6263 6267/6267
f 6268/6268 6267/6267 6263/6263
f 6268/6268 6269/6269 6267/6267
f 6270/6270 6267/6267 6269/6269
f 6273/6273 6272/6272 6271/6271
f 6272/6272 6274/6274 6271/6271
f 6274/6274 6275/6275 6271/6271
f 6275/6275 6276/6276 6271/6271
f 6276/6276 6277/6277 6271/6271
f 6271/6271 6277/6277 6278/6278
f 6277/6277 6279/6279 6278/6278
f 6279/6279 6280/6280 6278/6278
f 6280/6280 6281/6281 6278/6278
f 6271/6271 6278/6278 6282/6282
f 6278/6278 6283/6283 6282/6282
f 6271/6271 6282/6282 6273/6273
f 6283/6283 6284/6284 6282/6282
f 6284/6284 6285/6285 6282/6282
f 6282/6282 6286/6286 6273/6273
f 6286/6286 6287/6287 6273/6273
f 6287/6287 6288/6288 6273/6273
f 6288/6288 6289/6289 6273/6273
f 6292/6292 6291/6291 6290/6290
f 6293/6293 6290/6290 6291/6291
f 6296/6296 6295/6295 6294/6294
f 6295/6295 6296/6296 6297/6297
f 6298/6298 6294/6294 6295/6295
f 6294/6294 6298/6298 6299/6299
f 6300/6300 6299/6299 6298/6298
f 6301/6301 6297/6297 6296/6296
f 6297/6297 6301/6301 6302/6302
f 6303/6303 6302/6302 6301/6301
f 6302/6302 6303/6303 6304/6304
f 6305/6305 6304/6304 6303/6303
f 6304/6304 6305/6305 6306/6306
f 6307/6307 6306/6306 6305/6305
f 6306/6306 6307/6307 6308/6308
f 6309/6309 6308/6308 6307/6307
f 6308/6308 6309/6309 6310/6310
f 6311/6311 6310/6310 6309/6309
f 6314/6314 6313/6313 6312/6312
f 6315/6315 6313/6313 6314/6314
f 6312/6312 6313/6313 6316/6316
f 6317/6317 6313/6313 6315/6315
f 6316/6316 6313/6313 6318/6318
f 6319/6319 6313/6313 6317/6317
f 6318/6318 6313/6313 6320/6320
f 6320/6320 6313/6313 6319/6319
f 6323/6323 6322/6322 6321/6321
f 6322/6322 6323/6323 6324/6324
f 6325/6325 6321/6321 6322/6322
f 6321/6321 6325/6325 6326/6326
f 6327/6327 6326/6326 6325/6325
f 6328/6328 6324/6324 6323/6323
f 6324/6324 6328/6328 6329/6329
f 6330/6330 6329/6329 6328/6328
f 6329/6329 6330/6330 6331/6331
f 6332/6332 6331/6331 6330/6330
f 6331/6331 6332/6332 6333/6333
f 6334/6334 6333/6333 6332/6332
f 6333/6333 6334/6334 6335/6335
f 6336/6336 6335/6335 6334/6334
f 6335/6335 6336/6336 6337/6337
f 6338/6338 6337/6337 6336/6336
f 6341/6341 6340/6340 6339/6339
f 6342/6342 6340/6340 6341/6341
f 6339/6339 6340/6340 6343/6343
f 6344/6344 6340/6340 6342/6342
f 6343/6343 6340/6340 6345/6345
f 6346/6346 6340/6340 6344/6344
f 6345/6345 6340/6340 6347/6347
f 6347/6347 6340/6340 6346/6346
f 6350/6350 6349/6349 6348/6348
f 6349/6349 6350/6350 6351/6351
f 6352/6352 6348/6348 6349/6349
f 6348/6348 6352/6352 6353/6353
f 6354/6354 6353/6353 6352/6352
f 6355/6355 6351/6351 6350/6350
f 6351/6351 6355/6355 6356/6356
f 6357/6357 6356/6356 6355/6355
f 6356/6356 6357/6357 6358/6358
f 6359/6359 6358/6358 6357/6357
f 6358/6358 6359/6359 6360/6360
f 6361/6361 6360/6360 6359/6359
f 6360/6360 6361/6361 6362/6362
f 6363/6363 6362/6362 6361/6361
f 6362/6362 6363/6363 6364/6364
f 6365/6365 6364/6364 6363/6363
f 6368/6368 6367/6367 6366/6366
f 6369/6369 6367/6367 6368/6368
f 6366/6366 6367/6367 6370/6370
f 6371/6371 6367/6367 6369/6369
f 6370/6370 6367/6367 6372/6372
f 6373/6373 6367/6367 6371/6371
f 6372/6372 6367/6367 6374/6374
f 6374/6374 6367/6367 6373/6373
f 6377/6377 6376/6376 6375/6375
f 6376/6376 6377/6377 6378/6378
f 6379/6379 6375/6375 6376/6376
f 6375/6375 6379/6379 6380/6380
f 6381/6381 6380/6380 6379/6379
f 6382/6382 6378/6378 6377/6377
f 6378/6378 6382/6382 6383/6383
f 6384/6384 6383/6383 6382/6382
f 6383/6383 6384/6384 6385/6385
f 6386/6386 6385/6385 6384/6384
f 6385/6385 6386/6386 6387/6387
f 6388/6388 6387/6387 6386/6386
f 6387/6387 6388/6388 6389/6389
f 6390/6390 6389/6389 6388/6388
f 6389/6389 6390/6390 6391/6391
f 6392/6392 6391/6391 6390/6390
f 6395/6395 6394/6394 6393/6393
f 6396/6396 6394/6394 6395/6395
f 6393/6393 6394/6394 6397/6397
f 6398/6398 6394/6394 6396/6396
f 6397/6397 6394/6394 6399/6399
f 6400/6400 6394/6394 6398/6398
f 6399/6399 6394/6394 6401/6401
f 6401/6401 6394/6394 6400/6400
f 6404/6404 6403/6403 6402/6402
f 6403/6403 6404/6404 6405/6405
f 6406/6406 6402/6402 6403/6403
f 6402/6402 6406/6406 6407/6407
f 6408/6408 6407/6407 6406/6406
f 6409/6409 6405/6405 6404/6404
f 6405/6405 6409/6409 6410/6410
f 6411/6411 6410/6410 6409/6409
f 6410/6410 6411/6411 6412/6412
f 6413/6413 6412/6412 6411/6411
f 6412/6412 6413/6413 6414/6414
f 6415/6415 6414/6414 6413/6413
f 6414/6414 6415/6415 6416/6416
f 6417/6417 6416/6416 6415/6415
f 6416/6416 6417/6417 6418/6418
f 6419/6419 6418/6418 6417/6417
f 6422/6422 6421/6421 6420/6420
f 6423/6423 6421/6421 6422/6422
f 6420/6420 6421/6421 6424/6424
f 6425/6425 6421/6421 6423/6423
f 6424/6424 6421/6421 6426/6426
f 6427/6427 6421/6421 6425/6425
f 6426/6426 6421/6421 6428/6428
f 6428/6428 6421/6421 6427/6427
f 6431/6431 6430/6430 6429/6429
f 6430/6430 6431/6431 6432/6432
f 6433/6433 6429/6429 6430/6430
f 6429/6429 6433/6433 6434/6434
f 6435/6435 6434/6434 6433/6433
f 6436/6436 6432/6432 6431/6431
f 6432/6432 6436/6436 6437/6437
f 6438/6438 6437/6437 6436/6436
f 6437/6437 6438/6438 6439/6439
f 6440/6440 6439/6439 6438/6438
f 6439/6439 6440/6440 6441/6441
f 6442/6442 6441/6441 6440/6440
f 6441/6441 6442/6442 6443/6443
f 6444/6444 6443/6443 6442/6442
f 6443/6443 6444/6444 6445/6445
f 6446/6446 6445/6445 6444/6444
f 6449/6449 6448/6448 6447/6447
f 6450/6450 6448/6448 6449/6449
f 6447/6447 6448/6448 6451/6451
f 6452/6452 6448/6448 6450/6450
f 6451/6451 6448/6448 6453/6453
f 6454/6454 6448/6448 6452/6452
f 6453/6453 6448/6448 6455/6455
f 6455/6455 6448/6448 6454/6454
f 6458/6458 6457/6457 6456/6456
f 6457/6457 6458/6458 6459/6459
f 6460/6460 6456/6456 6457/6457
f 6456/6456 6460/6460 6461/6461
f 6462/6462 6461/6461 6460/6460
f 6463/6463 6459/6459 6458/6458
f 6459/6459 6463/6463 6464/6464
f 6465/6465 6464/6464 6463/6463
f 6464/6464 6465/6465 6466/6466
f 6467/6467 6466/6466 6465/6465
f 6466/6466 6467/6467 6468/6468
f 6469/6469 6468/6468 6467/6467
f 6468/6468 6469/6469 6470/6470
f 6471/6471 6470/6470 6469/6469
f 6470/6470 6471/6471 6472/6472
f 6473/6473 6472/6472 6471/6471
f 6476/6476 6475/6475 6474/6474
f 6477/6477 6475/6475 6476/6476
f 6474/6474 6475/6475 6478/6478
f 6479/6479 6475/6475 6477/6477
f 6478/6478 6475/6475 6480/6480
f 6481/6481 6475/6475 6479/6479
f 6480/6480 6475/6475 6482/6482
f 6482/6482 6475/6475 6481/6481
f 6485/6485 6484/6484 6483/6483
f 6484/6484 6485/6485 6486/6486
f 6487/6487 6483/6483 6484/6484
f 6483/6483 6487/6487 6488/6488
f 6489/6489 6488/6488 6487/6487
f 6490/6490 6486/6486 6485/6485
f 6486/6486 6490/6490 6491/6491
f 6492/6492 6491/6491 6490/6490
f 6491/6491 6492/6492 6493/6493
f 6494/6494 6493/6493 6492/6492
f 6493/6493 6494/6494 6495/6495
f 6496/6496 6495/6495 6494/6494
f 6495/6495 6496/6496 6497/6497
f 6498/6498 6497/6497 6496/6496
f 6497/6497 6498/6498 6499/6499
f 6500/6500 6499/6499 6498/6498
f 6503/6503 6502/6502 6501/6501
f 6504/6504 6502/6502 6503/6503
f 6501/6501 6502/6502 6505/6505
f 6506/6506 6502/6502 6504/6504
f 6505/6505 6502/6502 6507/6507
f 6508/6508 6502/6502 6506/6506
f 6507/6507 6502/6502 6509/6509
f 6509/6509 6502/6502 6508/6508
f 6512/6512 6511/6511 6510/6510
f 6511/6511 6512/6512 6513/6513
f 6514/6514 6510/6510 6511/6511
f 6510/6510 6514/6514 6515/6515
f 6516/6516 6515/6515 6514/6514
f 6517/6517 6513/6513 6512/6512
f 6513/6513 6517/6517 6518/6518
f 6519/6519 6518/6518 6517/6517
f 6518/6518 6519/6519 6520/6520
f 6521/6521 6520/6520 6519/6519
f 6520/6520 6521/6521 6522/6522
f 6523/6523 6522/6522 6521/6521
f 6522/6522 6523/6523 6524/6524
f 6525/6525 6524/6524 6523/6523
f 6524/6524 6525/6525 6526/6526
f 6527/6527 6526/6526 6525/6525
f 6530/6530 6529/6529 6528/6528
f 6531/6531 6529/6529 6530/6530
f 6528/6528 6529/6529 6532/6532
f 6533/6533 6529/6529 6531/6531
f 6532/6532 6529/6529 6534/6534
f 6535/6535 6529/6529 6533/6533
f 6534/6534 6529/6529 6536/6536
f 6536/6536 6529/6529 6535/6535
f 6539/6539 6538/6538 6537/6537
f 6538/6538 6539/6539 6540/6540
f 6541/6541 6537/6537 6538/6538
f 6537/6537 6541/6541 6542/6542
f 6543/6543 6542/6542 6541/6541
f 6544/6544 6540/6540 6539/6539
f 6540/6540 6544/6544 6545/6545
f 6546/6546 6545/6545 6544/6544
f 6545/6545 6546/6546 6547/6547
f 6548/6548 6547/6547 6546/6546
f 6547/6547 6548/6548 6549/6549
f 6550/6550 6549/6549 6548/6548
f 6549/6549 6550/6550 6551/6551
f 6552/6552 6551/6551 6550/6550
f 6551/6551 6552/6552 6553/6553
f 6554/6554 6553/6553 6552/6552
f 6557/6557 6556/6556 6555/6555
f 6558/6558 6556/6556 6557/6557
f 6555/6555 6556/6556 6559/6559
f 6560/6560 6556/6556 6558/6558
f 6559/6559 6556/6556 6561/6561
f 6562/6562 6556/6556 6560/6560
f 6561/6561 6556/6556 6563/6563
f 6563/6563 6556/6556 6562/6562
f 6566/6566 6565/6565 6564/6564
f 6565/6565 6566/6566 6567/6567
f 6568/6568 6564/6564 6565/6565
f 6564/6564 6568/6568 6569/6569
f 6570/6570 6569/6569 6568/6568
f 6571/6571 6567/6567 6566/6566
f 6567/6567 6571/6571 6572/6572
f 6573/6573 6572/6572 6571/6571
f 6572/6572 6573/6573 6574/6574
f 6575/6575 6574/6574 6573/6573
f 6574/6574 6575/6575 6576/6576
f 6577/6577 6576/6576 6575/6575
f 6576/6576 6577/6577 6578/6578
f 6579/6579 6578/6578 6577/6577
f 6578/6578 6579/6579 6580/6580
f 6581/6581 6580/6580 6579/6579
f 6584/6584 6583/6583 6582/6582
f 6585/6585 6583/6583 6584/6584
f 6582/6582 6583/6583 6586/6586
f 6587/6587 6583/6583 6585/6585
f 6586/6586 6583/6583 6588/6588
f 6589/6589 6583/6583 6587/6587
f 6588/6588 6583/6583 6590/6590
f 6590/6590 6583/6583 6589/6589
f 6593/6593 6592/6592 6591/6591
f 6592/6592 6593/6593 6594/6594
f 6595/6595 6591/6591 6592/6592
f 6591/6591 6595/6595 6596/6596
f 6597/6597 6596/6596 6595/6595
f 6598/6598 6594/6594 6593/6593
f 6594/6594 6598/6598 6599/6599
f 6600/6600 6599/6599 6598/6598
f 6599/6599 6600/6600 6601/6601
f 6602/6602 6601/6601 6600/6600
f 6601/6601 6602/6602 6603/6603
f 6604/6604 6603/6603 6602/6602
f 6603/6603 6604/6604 6605/6605
f 6606/6606 6605/6605 6604/6604
f 6605/6605 6606/6606 6607/6607
f 6608/6608 6607/6607 6606/6606
f 6611/6611 6610/6610 6609/6609
f 6612/6612 6610/6610 6611/6611
f 6609/6609 6610/6610 6613/6613
f 6614/6614 6610/6610 6612/6612
f 6613/6613 6610/6610 6615/6615
f 6616/6616 6610/6610 6614/6614
f 6615/6615 6610/6610 6617/6617
f 6617/6617 6610/6610 6616/6616
f 6620/6620 6619/6619 6618/6618
f 6619/6619 6620/6620 6621/6621
f 6622/6622 6618/6618 6619/6619
f 6618/6618 6622/6622 6623/6623
f 6624/6624 6623/6623 6622/6622
f 6625/6625 6621/6621 6620/6620
f 6621/6621 6625/6625 6626/6626
f 6627/6627 6626/6626 6625/6625
f 6626/6626 6627/6627 6628/6628
f 6629/6629 6628/6628 6627/6627
f 6628/6628 6629/6629 6630/6630
f 6631/6631 6630/6630 6629/6629
f 6630/6630 6631/6631 6632/6632
f 6633/6633 6632/6632 6631/6631
f 6632/6632 6633/6633 6634/6634
f 6635/6635 6634/6634 6633/6633
f 6638/6638 6637/6637 6636/6636
f 6639/6639 6637/6637 6638/6638
f 6636/6636 6637/6637 6640/6640
f 6641/6641 6637/6637 6639/6639
f 6640/6640 6637/6637 6642/6642
f 6643/6643 6637/6637 6641/6641
f 6642/6642 6637/6637 6644/6644
f 6644/6644 6637/6637 6643/6643
f 6647/6647 6646/6646 6645/6645
f 6646/6646 6647/6647 6648/6648
f 6649/6649 6645/6645 6646/6646
f 6645/6645 6649/6649 6650/6650
f 6651/6651 6650/6650 6649/6649
f 6652/6652 6648/6648 6647/6647
f 6648/6648 6652/6652 6653/6653
f 6654/6654 6653/6653 6652/6652
f 6653/6653 6654/6654 6655/6655
f 6656/6656 6655/6655 6654/6654
f 6655/6655 6656/6656 6657/6657
f 6658/6658 6657/6657 6656/6656
f 6657/6657 6658/6658 6659/6659
f 6660/6660 6659/6659 6658/6658
f 6659/6659 6660/6660 6661/6661
f 6662/6662 6661/6661 6660/6660
f 6665/6665 6664/6664 6663/6663
f 6666/6666 6664/6664 6665/6665
f 6663/6663 6664/6664 6667/6667
f 6668/6668 6664/6664 6666/6666
f 6667/6667 6664/6664 6669/6669
f 6670/6670 6664/6664 6668/6668
f 6669/6669 6664/6664 6671/6671
f 6671/6671 6664/6664 6670/6670
f 6674/6674 6673/6673 6672/6672
f 6673/6673 6674/6674 6675/6675
f 6676/6676 6672/6672 6673/6673
f 6672/6672 6676/6676 6677/6677
f 6678/6678 6677/6677 6676/6676
f 6679/6679 6675/6675 6674/6674
f 6675/6675 6679/6679 6680/6680
f 6681/6681 6680/6680 6679/6679
f 6680/6680 6681/6681 6682/6682
f 6683/6683 6682/6682 6681/6681
f 6682/6682 6683/6683 6684/6684
f 6685/6685 6684/6684 6683/6683
f 6684/6684 6685/6685 6686/6686
f 6687/6687 6686/6686 6685/6685
f 6686/6686 6687/6687 6688/6688
f 6689/6689 6688/6688 6687/6687
f 6692/6692 6691/6691 6690/6690
f 6693/6693 6691/6691 6692/6692
f 6690/6690 6691/6691 6694/6694
f 6695/6695 6691/6691 6693/6693
f 6694/6694 6691/6691 6696/6696
f 6697/6697 6691/6691 6695/6695
f 6696/6696 6691/6691 6698/6698
f 6698/6698 6691/6691 6697/6697
f 6701/6701 6700/6700 6699/6699
f 6700/6700 6701/6701 6702/6702
f 6703/6703 6699/6699 6700/6700
f 6699/6699 6703/6703 6704/6704
f 6705/6705 6704/6704 6703/6703
f 6706/6706 6702/6702 6701/6701
f 6702/6702 6706/6706 6707/6707
f 6708/6708 6707/6707 6706/6706
f 6707/6707 6708/6708 6709/6709
f 6710/6710 6709/6709 6708/6708
f 6709/6709 6710/6710 6711/6711
f 6712/6712 6711/6711 6710/6710
f 6711/6711 6712/6712 6713/6713
f 6714/6714 6713/6713 6712/6712
f 6713/6713 6714/6714 6715/6715
f 6716/6716 6715/6715 6714/6714
f 6719/6719 6718/6718 6717/6717
f 6720/6720 6718/6718 6719/6719
f 6717/6717 6718/6718 6721/6721
f 6722/6722 6718/6718 6720/6720
f 6721/6721 6718/6718 6723/6723
f 6724/6724 6718/6718 6722/6722
f 6723/6723 6718/6718 6725/6725
f 6725/6725 6718/6718 6724/6724
f 6728/6728 6727/6727 6726/6726
f 6727/6727 6728/6728 6729/6729
f 6730/6730 6726/6726 6727/6727
f 6726/6726 6730/6730 6731/6731
f 6732/6732 6731/6731 6730/6730
f 6733/6733 6729/6729 6728/6728
f 6729/6729 6733/6733 6734/6734
f 6735/6735 6734/6734 6733/6733
f 6734/6734 6735/6735 6736/6736
f 6737/6737 6736/6736 6735/6735
f 6736/6736 6737/6737 6738/6738
f 6739/6739 6738/6738 6737/6737
f 6738/6738 6739/6739 6740/6740
f 6741/6741 6740/6740 6739/6739
f 6740/6740 6741/6741 6742/6742
f 6743/6743 6742/6742 6741/6741
f 6746/6746 6745/6745 6744/6744
f 6747/6747 6745/6745 6746/6746
f 6744/6744 6745/6745 6748/6748
f 6749/6749 6745/6745 6747/6747
f 6748/6748 6745/6745 6750/6750
f 6751/6751 6745/6745 6749/6749
f 6750/6750 6745/6745 6752/6752
f 6752/6752 6745/6745 6751/6751
f 6755/6755 6754/6754 6753/6753
f 6754/6754 6755/6755 6756/6756
f 6757/6757 6753/6753 6754/6754
f 6753/6753 6757/6757 6758/6758
f 6759/6759 6758/6758 6757/6757
f 6760/6760 6756/6756 6755/6755
f 6756/6756 6760/6760 6761/6761
f 6762/6762 6761/6761 6760/6760
f 6761/6761 6762/6762 6763/6763
f 6764/6764 6763/6763 6762/6762
f 6763/6763 6764/6764 6765/6765
f 6766/6766 6765/6765 6764/6764
f 6765/6765 6766/6766 6767/6767
f 6768/6768 6767/6767 6766/6766
f 6767/6767 6768/6768 6769/6769
f 6770/6770 6769/6769 6768/6768
f 6773/6773 6772/6772 6771/6771
f 6774/6774 6772/6772 6773/6773
f 6771/6771 6772/6772 6775/6775
f 6776/6776 6772/6772 6774/6774
f 6775/6775 6772/6772 6777/6777
f 6778/6778 6772/6772 6776/6776
f 6777/6777 6772/6772 6779/6779
f 6779/6779 6772/6772 6778/6778
f 6782/6782 6781/6781 6780/6780
f 6781/6781 6782/6782 6783/6783
f 6784/6784 6780/6780 6781/6781
f 6780/6780 6784/6784 6785/6785
f 6786/6786 6785/6785 6784/6784
f 6787/6787 6783/6783 6782/6782
f 6783/6783 6787/6787 6788/6788
f 6789/6789 6788/6788 6787/6787
f 6788/6788 6789/6789 6790/6790
f 6791/6791 6790/6790 6789/6789
f 6790/6790 6791/6791 6792/6792
f 6793/6793 6792/6792 6791/6791
f 6792/6792 6793/6793 6794/6794
f 6795/6795 6794/6794 6793/6793
f 6794/6794 6795/6795 6796/6796
f 6797/6797 6796/6796 6795/6795
f 6800/6800 6799/6799 6798/6798
f 6801/6801 6799/6799 6800/6800
f 6798/6798 6799/6799 6802/6802
f 6803/6803 6799/6799 6801/6801
f 6802/6802 6799/6799 6804/6804
f 6805/6805 6799/6799 6803/6803
f 6804/6804 6799/6799 6806/6806
f 6806/6806 6799/6799 6805/6805
f 6809/6809 6808/6808 6807/6807
f 6808/6808 6809/6809 6810/6810
f 6811/6811 6807/6807 6808/6808
f 6807/6807 6811/6811 6812/6812
f 6813/6813 6812/6812 6811/6811
f 6814/6814 6810/6810 6809/6809
f 6810/6810 6814/6814 6815/6815
f 6816/6816 6815/6815 6814/6814
f 6815/6815 6816/6816 6817/6817
f 6818/6818 6817/6817 6816/6816
f 6817/6817 6818/6818 6819/6819
f 6820/6820 6819/6819 6818/6818
f 6819/6819 6820/6820 6821/6821
f 6822/6822 6821/6821 6820/6820
f 6821/6821 6822/6822 6823/6823
f 6824/6824 6823/6823 6822/6822
f 6827/6827 6826/6826 6825/6825
f 6828/6828 6826/6826 6827/6827
f 6825/6825 6826/6826 6829/6829
f 6830/6830 6826/6826 6828/6828
f 6829/6829 6826/6826 6831/6831
f 6832/6832 6826/6826 6830/6830
f 6831/6831 6826/6826 6833/6833
f 6833/6833 6826/6826 6832/6832
f 6836/6836 6835/6835 6834/6834
f 6835/6835 6836/6836 6837/6837
f 6838/6838 6834/6834 6835/6835
f 6834/6834 6838/6838 6839/6839
f 6840/6840 6839/6839 6838/6838
f 6841/6841 6837/6837 6836/6836
f 6837/6837 6841/6841 6842/6842
f 6843/6843 6842/6842 6841/6841
f 6842/6842 6843/6843 6844/6844
f 6845/6845 6844/6844 6843/6843
f 6844/6844 6845/6845 6846/6846
f 6847/6847 6846/6846 6845/6845
f 6846/6846 6847/6847 6848/6848
f 6849/6849 6848/6848 6847/6847
f 6848/6848 6849/6849 6850/6850
f 6851/6851 6850/6850 6849/6849
f 6854/6854 6853/6853 6852/6852
f 6855/6855 6853/6853 6854/6854
f 6852/6852 6853/6853 6856/6856
f 6857/6857 6853/6853 6855/6855
f 6856/6856 6853/6853 6858/6858
f 6859/6859 6853/6853 6857/6857
f 6858/6858 6853/6853 6860/6860
f 6860/6860 6853/6853 6859/6859
f 6863/6863 6862/6862 6861/6861
f 6862/6862 6863/6863 6864/6864
f 6865/6865 6861/6861 6862/6862
f 6861/6861 6865/6865 6866/6866
f 6867/6867 6866/6866 6865/6865
f 6868/6868 6864/6864 6863/6863
f 6864/6864 6868/6868 6869/6869
f 6870/6870 6869/6869 6868/6868
f 6869/6869 6870/6870 6871/6871
f 6872/6872 6871/6871 6870/6870
f 6871/6871 6872/6872 6873/6873
f 6874/6874 6873/6873 6872/6872
f 6873/6873 6874/6874 6875/6875
f 6876/6876 6875/6875 6874/6874
f 6875/6875 6876/6876 6877/6877
f 6878/6878 6877/6877 6876/6876
f 6881/6881 6880/6880 6879/6879
f 6882/6882 6880/6880 6881/6881
f 6879/6879 6880/6880 6883/6883
f 6884/6884 6880/6880 6882/6882
f 6883/6883 6880/6880 6885/6885
f 6886/6886 6880/6880 6884/6884
f 6885/6885 6880/6880 6887/6887
f 6887/6887 6880/6880 6886/6886
f 6890/6890 6889/6889 6888/6888
f 6889/6889 6890/6890 6891/6891
f 6892/6892 6888/6888 6889/6889
f 6888/6888 6892/6892 6893/6893
f 6894/6894 6893/6893 6892/6892
f 6895/6895 6891/6891 6890/6890
f 6891/6891 6895/6895 6896/6896
f 6897/6897 6896/6896 6895/6895
f 6896/6896 6897/6897 6898/6898
f 6899/6899 6898/6898 6897/6897
f 6898/6898 6899/6899 6900/6900
f 6901/6901 6900/6900 6899/6899
f 6900/6900 6901/6901 6902/6902
f 6903/6903 6902/6902 6901/6901
f 6902/6902 6903/6903 6904/6904
f 6905/6905 6904/6904 6903/6903
f 6908/6908 6907/6907 6906/6906
f 6909/6909 6907/6907 6908/6908
f 6906/6906 6907/6907 6910/6910
f 6911/6911 6907/6907 6909/6909
f 6910/6910 6907/6907 6912/6912
f 6913/6913 6907/6907 6911/6911
f 6912/6912 6907/6907 6914/6914
f 6914/6914 6907/6907 6913/6913
f 6917/6917 6916/6916 6915/6915
f 6916/6916 6917/6917 6918/6918
f 6919/6919 6915/6915 6916/6916
f 6915/6915 6919/6919 6920/6920
f 6921/6921 6920/6920 6919/6919
f 6922/6922 6918/6918 6917/6917
f 6918/6918 6922/6922 6923/6923
f 6924/6924 6923/6923 6922/6922
f 6923/6923 6924/6924 6925/6925
f 6926/6926 6925/6925 6924/6924
f 6925/6925 6926/6926 6927/6927
f 6928/6928 6927/6927 6926/6926
f 6927/6927 6928/6928 6929/6929
f 6930/6930 6929/6929 6928/6928
f 6929/6929 6930/6930 6931/6931
f 6932/6932 6931/6931 6930/6930
f 6935/6935 6934/6934 6933/6933
f 6936/6936 6934/6934 6935/6935
f 6933/6933 6934/6934 6937/6937
f 6938/6938 6934/6934 6936/6936
f 6937/6937 6934/6934 6939/6939
f 6940/6940 6934/6934 6938/6938
f 6939/6939 6934/6934 6941/6941
f 6941/6941 6934/6934 6940/6940
f 6944/6944 6943/6943 6942/6942
f 6943/6943 6944/6944 6945/6945
f 6946/6946 6942/6942 6943/6943
f 6942/6942 6946/6946 6947/6947
f 6948/6948 6947/6947 6946/6946
f 6949/6949 6945/6945 6944/6944
f 6945/6945 6949/6949 6950/6950
f 6951/6951 6950/6950 6949/6949
f 6950/6950 6951/6951 6952/6952
f 6953/6953 6952/6952 6951/6951
f 6952/6952 6953/6953 6954/6954
f 6955/6955 6954/6954 6953/6953
f 6954/6954 6955/6955 6956/6956
f 6957/6957 6956/6956 6955/6955
f 6956/6956 6957/6957 6958/6958
f 6959/6959 6958/6958 6957/6957
f 6962/6962 6961/6961 6960/6960
f 6963/6963 6961/6961 6962/6962
f 6960/6960 6961/6961 6964/6964
f 6965/6965 6961/6961 6963/6963
f 6964/6964 6961/6961 6966/6966
f 6967/6967 6961/6961 6965/6965
f 6966/6966 6961/6961 6968/6968
f 6968/6968 6961/6961 6967/6967
f 6971/6971 6970/6970 6969/6969
f 6970/6970 6971/6971 6972/6972
f 6973/6973 6969/6969 6970/6970
f 6969/6969 6973/6973 6974/6974
f 6975/6975 6974/6974 6973/6973
f 6976/6976 6972/6972 6971/6971
f 6972/6972 6976/6976 6977/6977
f 6978/6978 6977/6977 6976/6976
f 6977/6977 6978/6978 6979/6979
f 6980/6980 6979/6979 6978/6978
f 6979/6979 6980/6980 6981/6981
f 6982/6982 6981/6981 6980/6980
f 6981/6981 6982/6982 6983/6983
f 6984/6984 6983/6983 6982/6982
f 6983/6983 6984/6984 6985/6985
f 6986/6986 6985/6985 6984/6984
f 6989/6989 6988/6988 6987/6987
f 6990/6990 6988/6988 6989/6989
f 6987/6987 6988/6988 6991/6991
f 6992/6992 6988/6988 6990/6990
f 6991/6991 6988/6988 6993/6993
f 6994/6994 6988/6988 6992/6992
f 6993/6993 6988/6988 6995/6995
f 6995/6995 6988/6988 6994/6994
f 6998/6998 6997/6997 6996/6996
f 6997/6997 6998/6998 6999/6999
f 7000/7000 6996/6996 6997/6997
f 6996/6996 7000/7000 7001/7001
f 7002/7002 7001/7001 7000/7000
f 7003/7003 6999/6999 6998/6998
f 6999/6999 7003/7003 7004/7004
f 7005/7005 7004/7004 7003/7003
f 7004/7004 7005/7005 7006/7006
f 7007/7007 7006/7006 7005/7005
f 7006/7006 7007/7007 7008/7008
f 7009/7009 7008/7008 7007/7007
f 7008/7008 7009/7009 7010/7010
f 7011/7011 7010/7010 7009/7009
f 7010/7010 7011/7011 7012/7012
f 7013/7013 7012/7012 7011/7011
f 7016/7016 7015/7015 7014/7014
f 7017/7017 7015/7015 7016/7016
f 7014/7014 7015/7015 7018/7018
f 7019/7019 7015/7015 7017/7017
f 7018/7018 7015/7015 7020/7020
f 7021/7021 7015/7015 7019/7019
f 7020/7020 7015/7015 7022/7022
f 7022/7022 7015/7015 7021/7021
f 7025/7025 7024/7024 7023/7023
f 7024/7024 7025/7025 7026/7026
f 7027/7027 7023/7023 7024/7024
f 7023/7023 7027/7027 7028/7028
f 7029/7029 7028/7028 7027/7027
f 7030/7030 7026/7026 7025/7025
f 7026/7026 7030/7030 7031/7031
f 7032/7032 7031/7031 7030/7030
f 7031/7031 7032/7032 7033/7033
f 7034/7034 7033/7033 7032/7032
f 7033/7033 7034/7034 7035/7035
f 7036/7036 7035/7035 7034/7034
f 7035/7035 7036/7036 7037/7037
f 7038/7038 7037/7037 7036/7036
f 7037/7037 7038/7038 7039/7039
f 7040/7040 7039/7039 7038/7038
f 7043/7043 7042/7042 7041/7041
f 7044/7044 7042/7042 7043/7043
f 7041/7041 7042/7042 7045/7045
f 7046/7046 7042/7042 7044/7044
f 7045/7045 7042/7042 7047/7047
f 7048/7048 7042/7042 7046/7046
f 7047/7047 7042/7042 7049/7049
f 7049/7049 7042/7042 7048/7048
f 7052/7052 7051/7051 7050/7050
f 7051/7051 7052/7052 7053/7053
f 7054/7054 7050/7050 7051/7051
f 7050/7050 7054/7054 7055/7055
f 7056/7056 7055/7055 7054/7054
f 7057/7057 7053/7053 7052/7052
f 7053/7053 7057/7057 7058/7058
f 7059/7059 7058/7058 7057/7057
f 7058/7058 7059/7059 7060/7060
f 7061/7061 7060/7060 7059/7059
f 7060/7060 7061/7061 7062/7062
f 7063/7063 7062/7062 7061/7061
f 7062/7062 7063/7063 7064/7064
f 7065/7065 7064/7064 7063/7063
f 7064/7064 7065/7065 7066/7066
f 7067/7067 7066/7066 7065/7065
f 7070/7070 7069/7069 7068/7068
f 7071/7071 7069/7069 7070/7070
f 7068/7068 7069/7069 7072/7072
f 7073/7073 7069/7069 7071/7071
f 7072/7072 7069/7069 7074/7074
f 7075/7075 7069/7069 7073/7073
f 7074/7074 7069/7069 7076/7076
f 7076/7076 7069/7069 7075/7075
f 7079/7079 7078/7078 7077/7077
f 7078/7078 7079/7079 7080/7080
f 7081/7081 7077/7077 7078/7078
f 7077/7077 7081/7081 7082/7082
f 7083/7083 7082/7082 7081/7081
f 7084/7084 7080/7080 7079/7079
f 7080/7080 7084/7084 7085/7085
f 7086/7086 7085/7085 7084/7084
f 7085/7085 7086/7086 7087/7087
f 7088/7088 7087/7087 7086/7086
f 7087/7087 7088/7088 7089/7089
f 7090/7090 7089/7089 7088/7088
f 7089/7089 7090/7090 7091/7091
f 7092/7092 7091/7091 7090/7090
f 7091/7091 7092/7092 7093/7093
f 7094/7094 7093/7093 7092/7092
f 7097/7097 7096/7096 7095/7095
f 7098/7098 7096/7096 7097/7097
f 7095/7095 7096/7096 7099/7099
f 7100/7100 7096/7096 7098/7098
f 7099/7099 7096/7096 7101/7101
f 7102/7102 7096/7096 7100/7100
f 7101/7101 7096/7096 7103/7103
f 7103/7103 7096/7096 7102/7102
f 7106/7106 7105/7105 7104/7104
f 7105/7105 7106/7106 7107/7107
f 7108/7108 7104/7104 7105/7105
f 7104/7104 7108/7108 7109/7109
f 7110/7110 7109/7109 7108/7108
f 7111/7111 7107/7107 7106/7106
f 7107/7107 7111/7111 7112/7112
f 7113/7113 7112/7112 7111/7111
f 7112/7112 7113/7113 7114/7114
f 7115/7115 7114/7114 7113/7113
f 7114/7114 7115/7115 7116/7116
f 7117/7117 7116/7116 7115/7115
f 7116/7116 7117/7117 7118/7118
f 7119/7119 7118/7118 7117/7117
f 7118/7118 7119/7119 7120/7120
f 7121/7121 7120/7120 7119/7119
f 7124/7124 7123/7123 7122/7122
f 7125/7125 7123/7123 7124/7124
f 7122/7122 7123/7123 7126/7126
f 7127/7127 7123/7123 7125/7125
f 7126/7126 7123/7123 7128/7128
f 7129/7129 7123/7123 7127/7127
f 7128/7128 7123/7123 7130/7130
f 7130/7130 7123/7123 7129/7129
f 7133/7133 7132/7132 7131/7131
f 7132/7132 7133/7133 7134/7134
f 7135/7135 7131/7131 7132/7132
f 7131/7131 7135/7135 7136/7136
f 7137/7137 7136/7136 7135/7135
f 7138/7138 7134/7134 7133/7133
f 7134/7134 7138/7138 7139/7139
f 7140/7140 7139/7139 7138/7138
f 7139/7139 7140/7140 7141/7141
f 7142/7142 7141/7141 7140/7140
f 7141/7141 7142/7142 7143/7143
f 7144/7144 7143/7143 7142/7142
f 7143/7143 7144/7144 7145/7145
f 7146/7146 7145/7145 7144/7144
f 7145/7145 7146/7146 7147/7147
f 7148/7148 7147/7147 7146/7146
f 7151/7151 7150/7150 7149/7149
f 7152/7152 7150/7150 7151/7151
f 7149/7149 7150/7150 7153/7153
f 7154/7154 7150/7150 7152/7152
f 7153/7153 7150/7150 7155/7155
f 7156/7156 7150/7150 7154/7154
f 7155/7155 7150/7150 7157/7157
f 7157/7157 7150/7150 7156/7156
f 7160/7160 7159/7159 7158/7158
f 7159/7159 7160/7160 7161/7161
f 7162/7162 7158/7158 7159/7159
f 7158/7158 7162/7162 7163/7163
f 7164/7164 7163/7163 7162/7162
f 7165/7165 7161/7161 7160/7160
f 7161/7161 7165/7165 7166/7166
f 7167/7167 7166/7166 7165/7165
f 7166/7166 7167/7167 7168/7168
f 7169/7169 7168/7168 7167/7167
f 7168/7168 7169/7169 7170/7170
f 7171/7171 7170/7170 7169/7169
f 7170/7170 7171/7171 7172/7172
f 7173/7173 7172/7172 7171/7171
f 7172/7172 7173/7173 7174/7174
f 7175/7175 7174/7174 7173/7173
f 7178/7178 7177/7177 7176/7176
f 7179/7179 7177/7177 7178/7178
f 7176/7176 7177/7177 7180/7180
f 7181/7181 7177/7177 7179/7179
f 7180/7180 7177/7177 7182/7182
f 7183/7183 7177/7177 7181/7181
f 7182/7182 7177/7177 7184/7184
f 7184/7184 7177/7177 7183/7183
f 7187/7187 7186/7186 7185/7185
f 7186/7186 7187/7187 7188/7188
f 7189/7189 7185/7185 7186/7186
f 7185/7185 7189/7189 7190/7190
f 7191/7191 7190/7190 7189/7189
f 7192/7192 7188/7188 7187/7187
f 7188/7188 7192/7192 7193/7193
f 7194/7194 7193/7193 7192/7192
f 7193/7193 7194/7194 7195/7195
f 7196/7196 7195/7195 7194/7194
f 7195/7195 7196/7196 7197/7197
f 7198/7198 7197/7197 7196/7196
f 7197/7197 7198/7198 7199/7199
f 7200/7200 7199/7199 7198/7198
f 7199/7199 7200/7200 7201/7201
f 7202/7202 7201/7201 7200/7200
f 7205/7205 7204/7204 7203/7203
f 7206/7206 7204/7204 7205/7205
f 7203/7203 7204/7204 7207/7207
f 7208/7208 7204/7204 7206/7206
f 7207/7207 7204/7204 7209/7209
f 7210/7210 7204/7204 7208/7208
f 7209/7209 7204/7204 7211/7211
f 7211/7211 7204/7204 7210/7210
f 7214/7214 7213/7213 7212/7212
f 7213/7213 7214/7214 7215/7215
f 7216/7216 7212/7212 7213/7213
f 7212/7212 7216/7216 7217/7217
f 7218/7218 7217/7217 7216/7216
f 7219/7219 7215/7215 7214/7214
f 7215/7215 7219/7219 7220/7220
f 7221/7221 7220/7220 7219/7219
f 7220/7220 7221/7221 7222/7222
f 7223/7223 7222/7222 7221/7221
f 7222/7222 7223/7223 7224/7224
f 7225/7225 7224/7224 7223/7223
f 7224/7224 7225/7225 7226/7226
f 7227/7227 7226/7226 7225/7225
f 7226/7226 7227/7227 7228/7228
f 7229/7229 7228/7228 7227/7227
f 7232/7232 7231/7231 7230/7230
f 7233/7233 7231/7231 7232/7232
f 7230/7230 7231/7231 7234/7234
f 7235/7235 7231/7231 7233/7233
f 7234/7234 7231/7231 7236/7236
f 7237/7237 7231/7231 7235/7235
f 7236/7236 7231/7231 7238/7238
f 7238/7238 7231/7231 7237/7237
f 7241/7241 7240/7240 7239/7239
f 7240/7240 7241/7241 7242/7242
f 7243/7243 7239/7239 7240/7240
f 7239/7239 7243/7243 7244/7244
f 7245/7245 7244/7244 7243/7243
f 7246/7246 7242/7242 7241/7241
f 7242/7242 7246/7246 7247/7247
f 7248/7248 7247/7247 7246/7246
f 7247/7247 7248/7248 7249/7249
f 7250/7250 7249/7249 7248/7248
f 7249/7249 7250/7250 7251/7251
f 7252/7252 7251/7251 7250/7250
f 7251/7251 7252/7252 7253/7253
f 7254/7254 7253/7253 7252/7252
f 7253/7253 7254/7254 7255/7255
f 7256/7256 7255/7255 7254/7254
f 7259/7259 7258/7258 7257/7257
f 7260/7260 7258/7258 7259/7259
f 7257/7257 7258/7258 7261/7261
f 7262/7262 7258/7258 7260/7260
f 7261/7261 7258/7258 7263/7263
f 7264/7264 7258/7258 7262/7262
f 7263/7263 7258/7258 7265/7265
f 7265/7265 7258/7258 7264/7264
f 7268/7268 7267/7267 7266/7266
f 7269/7269 7266/7266 7267/7267
f 7269/7269 7270/7270 7266/7266
f 7271/7271 7266/7266 7270/7270
f 7274/7274 7273/7273 7272/7272
f 7274/7274 7272/7272 7275/7275
f 7276/7276 7275/7275 7272/7272
f 7276/7276 7272/7272 7277/7277
f 7278/7278 7277/7277 7272/7272
f 7278/7278 7272/7272 7279/7279
f 7280/7280 7279/7279 7272/7272
f 7280/7280 7272/7272 7273/7273
f 7279/7279 7280/7280 7281/7281
f 7280/7280 7273/7273 7282/7282
f 7282/7282 7281/7281 7280/7280
f 7283/7283 7282/7282 7273/7273
f 7281/7281 7282/7282 7284/7284
f 7282/7282 7283/7283 7285/7285
f 7285/7285 7284/7284 7282/7282
f 7286/7286 7285/7285 7283/7283
f 7284/7284 7285/7285 7287/7287
f 7285/7285 7286/7286 7288/7288
f 7288/7288 7287/7287 7285/7285
f 7289/7289 7288/7288 7286/7286
f 7287/7287 7288/7288 7290/7290
f 7289/7289 7291/7291 7288/7288
f 7292/7292 7290/7290 7288/7288
f 7292/7292 7288/7288 7291/7291
f 7295/7295 7294/7294 7293/7293
f 7294/7294 7295/7295 7296/7296
f 7297/7297 7296/7296 7295/7295
f 7296/7296 7298/7298 7294/7294
f 7295/7295 7299/7299 7297/7297
f 7295/7295 7293/7293 7299/7299
f 7300/7300 7297/7297 7299/7299
f 7300/7300 7299/7299 7301/7301
f 7302/7302 7301/7301 7299/7299
f 7301/7301 7302/7302 7303/7303
f 7302/7302 7299/7299 7304/7304
f 7305/7305 7303/7303 7302/7302
f 7302/7302 7304/7304 7305/7305
f 7303/7303 7305/7305 7306/7306
f 7307/7307 7306/7306 7305/7305
f 7306/7306 7307/7307 7308/7308
f 7309/7309 7305/7305 7304/7304
f 7305/7305 7309/7309 7307/7307
f 7310/7310 7304/7304 7299/7299
f 7310/7310 7299/7299 7293/7293
f 7311/7311 7308/7308 7307/7307
f 7308/7308 7311/7311 7312/7312
f 7313/7313 7312/7312 7311/7311
f 7311/7311 7307/7307 7314/7314
f 7313/7313 7311/7311 7314/7314
f 7312/7312 7313/7313 7315/7315
f 7314/7314 7307/7307 7316/7316
f 7316/7316 7307/7307 7309/7309
f 7317/7317 7313/7313 7314/7314
f 7316/7316 7309/7309 7318/7318
f 7309/7309 7304/7304 7318/7318
f 7314/7314 7316/7316 7319/7319
f 7316/7316 7318/7318 7319/7319
f 7317/7317 7314/7314 7320/7320
f 7319/7319 7320/7320 7314/7314
f 7317/7317 7321/7321 7313/7313
f 7317/7317 7320/7320 7321/7321
f 7322/7322 7315/7315 7313/7313
f 7322/7322 7313/7313 7321/7321
f 7315/7315 7322/7322 7323/7323
f 7324/7324 7323/7323 7322/7322
f 7322/7322 7321/7321 7324/7324
f 7325/7325 7324/7324 7321/7321
f 7321/7321 7326/7326 7325/7325
f 7326/7326 7321/7321 7320/7320
f 7327/7327 7325/7325 7326/7326
f 7327/7327 7326/7326 7328/7328
f 7320/7320 7329/7329 7326/7326
f 7320/7320 7319/7319 7329/7329
f 7330/7330 7328/7328 7326/7326
f 7330/7330 7326/7326 7329/7329
f 7328/7328 7330/7330 7331/7331
f 7332/7332 7329/7329 7319/7319
f 7319/7319 7318/7318 7332/7332
f 7329/7329 7333/7333 7330/7330
f 7329/7329 7332/7332 7333/7333
f 7334/7334 7331/7331 7330/7330
f 7334/7334 7330/7330 7333/7333
f 7331/7331 7334/7334 7335/7335
f 7336/7336 7335/7335 7334/7334
f 7336/7336 7334/7334 7337/7337
f 7333/7333 7337/7337 7334/7334
f 7333/7333 7338/7338 7337/7337
f 7338/7338 7333/7333 7332/7332
f 7339/7339 7337/7337 7338/7338
f 7332/7332 7340/7340 7338/7338
f 7340/7340 7332/7332 7318/7318
f 7338/7338 7341/7341 7339/7339
f 7341/7341 7338/7338 7340/7340
f 7342/7342 7339/7339 7341/7341
f 7318/7318 7343/7343 7340/7340
f 7343/7343 7318/7318 7304/7304
f 7304/7304 7310/7310 7343/7343
f 7344/7344 7340/7340 7343/7343
f 7340/7340 7344/7344 7341/7341
f 7345/7345 7343/7343 7310/7310
f 7343/7343 7345/7345 7344/7344
f 7341/7341 7346/7346 7342/7342
f 7346/7346 7341/7341 7344/7344
f 7347/7347 7342/7342 7346/7346
f 7348/7348 7344/7344 7345/7345
f 7344/7344 7348/7348 7346/7346
f 7345/7345 7310/7310 7349/7349
f 7346/7346 7350/7350 7347/7347
f 7350/7350 7346/7346 7348/7348
f 7351/7351 7347/7347 7350/7350
f 7351/7351 7350/7350 7352/7352
f 7293/7293 7349/7349 7310/7310
f 7353/7353 7352/7352 7350/7350
f 7350/7350 7348/7348 7353/7353
f 7352/7352 7353/7353 7354/7354
f 7348/7348 7345/7345 7355/7355
f 7355/7355 7353/7353 7348/7348
f 7349/7349 7355/7355 7345/7345
f 7356/7356 7354/7354 7353/7353
f 7353/7353 7355/7355 7356/7356
f 7354/7354 7356/7356 7357/7357
f 7355/7355 7349/7349 7358/7358
f 7358/7358 7356/7356 7355/7355
f 7359/7359 7357/7357 7356/7356
f 7356/7356 7358/7358 7359/7359
f 7357/7357 7359/7359 7360/7360
f 7361/7361 7358/7358 7349/7349
f 7349/7349 7293/7293 7361/7361
f 7362/7362 7359/7359 7358/7358
f 7358/7358 7361/7361 7362/7362
f 7363/7363 7361/7361 7293/7293
f 7363/7363 7293/7293 7294/7294
f 7363/7363 7364/7364 7361/7361
f 7363/7363 7294/7294 7364/7364
f 7361/7361 7364/7364 7365/7365
f 7365/7365 7362/7362 7361/7361
f 7366/7366 7364/7364 7294/7294
f 7366/7366 7294/7294 7298/7298
f 7364/7364 7367/7367 7365/7365
f 7366/7366 7367/7367 7364/7364
f 7366/7366 7298/7298 7368/7368
f 7366/7366 7368/7368 7367/7367
f 7369/7369 7368/7368 7298/7298
f 7369/7369 7370/7370 7368/7368
f 7371/7371 7368/7368 7370/7370
f 7368/7368 7371/7371 7367/7367
f 7370/7370 7372/7372 7371/7371
f 7365/7365 7367/7367 7373/7373
f 7371/7371 7374/7374 7367/7367
f 7374/7374 7373/7373 7367/7367
f 7373/7373 7375/7375 7365/7365
f 7362/7362 7365/7365 7375/7375
f 7373/7373 7374/7374 7376/7376
f 7373/7373 7376/7376 7375/7375
f 7374/7374 7371/7371 7377/7377
f 7377/7377 7376/7376 7374/7374
f 7378/7378 7371/7371 7372/7372
f 7378/7378 7377/7377 7371/7371
f 7378/7378 7372/7372 7379/7379
f 7380/7380 7379/7379 7372/7372
f 7379/7379 7381/7381 7378/7378
f 7377/7377 7378/7378 7381/7381
f 7377/7377 7381/7381 7376/7376
f 7382/7382 7376/7376 7381/7381
f 7376/7376 7382/7382 7383/7383
f 7383/7383 7375/7375 7376/7376
f 7384/7384 7383/7383 7382/7382
f 7375/7375 7383/7383 7385/7385
f 7375/7375 7385/7385 7362/7362
f 7359/7359 7362/7362 7385/7385
f 7385/7385 7360/7360 7359/7359
f 7386/7386 7385/7385 7383/7383
f 7383/7383 7384/7384 7386/7386
f 7385/7385 7386/7386 7360/7360
f 7387/7387 7386/7386 7384/7384
f 7388/7388 7360/7360 7386/7386
f 7386/7386 7387/7387 7388/7388
f 7389/7389 7388/7388 7387/7387
f 7392/7392 7391/7391 7390/7390
f 7393/7393 7390/7390 7391/7391
f 7391/7391 7394/7394 7393/7393
f 7390/7390 7395/7395 7392/7392
f 7396/7396 7392/7392 7395/7395
f 7395/7395 7397/7397 7396/7396
f 7398/7398 7396/7396 7397/7397
f 7398/7398 7397/7397 7399/7399
f 7400/7400 7399/7399 7397/7397
f 7399/7399 7400/7400 7401/7401
f 7397/7397 7395/7395 7402/7402
f 7397/7397 7402/7402 7400/7400
f 7395/7395 7390/7390 7403/7403
f 7403/7403 7402/7402 7395/7395
f 7404/7404 7403/7403 7390/7390
f 7390/7390 7393/7393 7404/7404
f 7405/7405 7401/7401 7400/7400
f 7401/7401 7405/7405 7406/7406
f 7404/7404 7407/7407 7403/7403
f 7408/7408 7406/7406 7405/7405
f 7406/7406 7408/7408 7409/7409
f 7409/7409 7408/7408 7410/7410
f 7410/7410 7408/7408 7411/7411
f 7405/7405 7412/7412 7408/7408
f 7412/7412 7411/7411 7408/7408
f 7405/7405 7400/7400 7412/7412
f 7411/7411 7412/7412 7413/7413
f 7414/7414 7412/7412 7400/7400
f 7414/7414 7413/7413 7412/7412
f 7414/7414 7400/7400 7402/7402
f 7414/7414 7402/7402 7413/7413
f 7415/7415 7413/7413 7402/7402
f 7415/7415 7402/7402 7416/7416
f 7403/7403 7416/7416 7402/7402
f 7416/7416 7403/7403 7407/7407
f 7404/7404 7417/7417 7407/7407
f 7417/7417 7404/7404 7393/7393
f 7417/7417 7393/7393 7418/7418
f 7418/7418 7393/7393 7419/7419
f 7418/7418 7420/7420 7417/7417
f 7418/7418 7419/7419 7421/7421
f 7393/7393 7422/7422 7419/7419
f 7419/7419 7422/7422 7421/7421
f 7422/7422 7393/7393 7394/7394
f 7394/7394 7423/7423 7422/7422
f 7424/7424 7422/7422 7423/7423
f 7425/7425 7417/7417 7420/7420
f 7425/7425 7407/7407 7417/7417
f 7425/7425 7420/7420 7426/7426
f 7427/7427 7426/7426 7420/7420
f 7427/7427 7428/7428 7426/7426
f 7422/7422 7424/7424 7429/7429
f 7430/7430 7429/7429 7424/7424
f 7421/7421 7422/7422 7431/7431
f 7422/7422 7429/7429 7431/7431
f 7421/7421 7431/7431 7432/7432
f 7429/7429 7430/7430 7433/7433
f 7433/7433 7430/7430 7434/7434
f 7435/7435 7429/7429 7433/7433
f 7431/7431 7429/7429 7435/7435
f 7436/7436 7434/7434 7430/7430
f 7434/7434 7436/7436 7437/7437
f 7436/7436 7438/7438 7437/7437
f 7439/7439 7437/7437 7438/7438
f 7440/7440 7439/7439 7438/7438
f 7441/7441 7431/7431 7435/7435
f 7441/7441 7432/7432 7431/7431
f 7442/7442 7441/7441 7435/7435
f 7432/7432 7441/7441 7443/7443
f 7441/7441 7442/7442 7444/7444
f 7441/7441 7445/7445 7443/7443
f 7445/7445 7441/7441 7444/7444
f 7446/7446 7443/7443 7445/7445
f 7444/7444 7447/7447 7445/7445
f 7445/7445 7447/7447 7448/7448
f 7447/7447 7439/7439 7448/7448
f 7448/7448 7446/7446 7445/7445
f 7440/7440 7448/7448 7439/7439
f 7448/7448 7449/7449 7446/7446
f 7428/7428 7446/7446 7449/7449
f 7426/7426 7428/7428 7449/7449
f 7448/7448 7440/7440 7450/7450
f 7449/7449 7448/7448 7451/7451
f 7450/7450 7451/7451 7448/7448
f 7452/7452 7450/7450 7440/7440
f 7449/7449 7453/7453 7426/7426
f 7449/7449 7451/7451 7453/7453
f 7450/7450 7452/7452 7454/7454
f 7455/7455 7454/7454 7452/7452
f 7451/7451 7450/7450 7456/7456
f 7454/7454 7456/7456 7450/7450
f 7456/7456 7457/7457 7451/7451
f 7454/7454 7455/7455 7458/7458
f 7459/7459 7458/7458 7455/7455
f 7456/7456 7454/7454 7460/7460
f 7458/7458 7460/7460 7454/7454
f 7458/7458 7459/7459 7461/7461
f 7458/7458 7461/7461 7460/7460
f 7462/7462 7461/7461 7459/7459
f 7460/7460 7463/7463 7456/7456
f 7457/7457 7456/7456 7463/7463
f 7462/7462 7464/7464 7461/7461
f 7464/7464 7462/7462 7465/7465
f 7466/7466 7464/7464 7465/7465
f 7465/7465 7467/7467 7466/7466
f 7467/7467 7468/7468 7466/7466
f 7467/7467 7469/7469 7468/7468
f 7470/7470 7468/7468 7469/7469
f 7471/7471 7461/7461 7464/7464
f 7469/7469 7472/7472 7470/7470
f 7472/7472 7469/7469 7473/7473
f 7472/7472 7474/7474 7470/7470
f 7476/7476 7475/7475 7473/7473
f 7477/7477 7473/7473 7475/7475
f 7473/7473 7477/7477 7472/7472
f 7475/7475 7478/7478 7477/7477
f 7472/7472 7479/7479 7474/7474
f 7472/7472 7477/7477 7479/7479
f 7479/7479 7480/7480 7474/7474
f 7480/7480 7481/7481 7474/7474
f 7477/7477 7482/7482 7479/7479
f 7482/7482 7483/7483 7479/7479
f 7480/7480 7479/7479 7483/7483
f 7477/7477 7484/7484 7482/7482
f 7480/7480 7483/7483 7485/7485
f 7484/7484 7486/7486 7482/7482
f 7481/7481 7480/7480 7487/7487
f 7488/7488 7480/7480 7485/7485
f 7480/7480 7488/7488 7487/7487
f 7471/7471 7487/7487 7488/7488
f 7485/7485 7489/7489 7488/7488
f 7471/7471 7488/7488 7461/7461
f 7489/7489 7461/7461 7488/7488
f 7489/7489 7490/7490 7461/7461
f 7491/7491 7461/7461 7490/7490
f 7491/7491 7460/7460 7461/7461
f 7490/7490 7492/7492 7491/7491
f 7490/7490 7493/7493 7492/7492
f 7491/7491 7494/7494 7460/7460
f 7491/7491 7492/7492 7494/7494
f 7493/7493 7495/7495 7492/7492
f 7463/7463 7460/7460 7494/7494
f 7496/7496 7492/7492 7495/7495
f 7497/7497 7494/7494 7492/7492
f 7492/7492 7496/7496 7497/7497
f 7463/7463 7494/7494 7498/7498
f 7496/7496 7495/7495 7499/7499
f 7486/7486 7499/7499 7495/7495
f 7500/7500 7499/7499 7486/7486
f 7500/7500 7486/7486 7484/7484
f 7477/7477 7500/7500 7484/7484
f 7500/7500 7477/7477 7478/7478
f 7500/7500 7478/7478 7501/7501
f 7502/7502 7501/7501 7478/7478
f 7499/7499 7500/7500 7503/7503
f 7499/7499 7503/7503 7496/7496
f 7501/7501 7503/7503 7500/7500
f 7502/7502 7504/7504 7501/7501
f 7505/7505 7496/7496 7503/7503
f 7505/7505 7497/7497 7496/7496
f 7503/7503 7501/7501 7506/7506
f 7503/7503 7506/7506 7505/7505
f 7507/7507 7501/7501 7504/7504
f 7507/7507 7506/7506 7501/7501
f 7504/7504 7508/7508 7507/7507
f 7509/7509 7505/7505 7506/7506
f 7506/7506 7510/7510 7509/7509
f 7506/7506 7507/7507 7510/7510
f 7511/7511 7509/7509 7510/7510
f 7511/7511 7510/7510 7512/7512
f 7513/7513 7510/7510 7507/7507
f 7513/7513 7507/7507 7508/7508
f 7514/7514 7512/7512 7510/7510
f 7510/7510 7513/7513 7514/7514
f 7512/7512 7514/7514 7515/7515
f 7513/7513 7508/7508 7516/7516
f 7516/7516 7514/7514 7513/7513
f 7517/7517 7516/7516 7508/7508
f 7516/7516 7517/7517 7518/7518
f 7516/7516 7518/7518 7514/7514
f 7519/7519 7518/7518 7517/7517
f 7520/7520 7515/7515 7514/7514
f 7520/7520 7514/7514 7518/7518
f 7515/7515 7520/7520 7521/7521
f 7518/7518 7519/7519 7522/7522
f 7520/7520 7518/7518 7522/7522
f 7522/7522 7521/7521 7520/7520
f 7523/7523 7522/7522 7519/7519
f 7524/7524 7521/7521 7522/7522
f 7522/7522 7523/7523 7524/7524
f 7527/7527 7526/7526 7525/7525
f 7527/7527 7528/7528 7526/7526
f 7529/7529 7526/7526 7528/7528
f 7528/7528 7530/7530 7529/7529
f 7531/7531 7525/7525 7526/7526
f 7531/7531 7526/7526 7532/7532
f 7533/7533 7532/7532 7526/7526
f 7526/7526 7529/7529 7533/7533
f 7532/7532 7534/7534 7531/7531
f 7535/7535 7533/7533 7529/7529
f 7535/7535 7529/7529 7536/7536
f 7531/7531 7537/7537 7525/7525
f 7537/7537 7531/7531 7534/7534
f 7534/7534 7538/7538 7537/7537
f 7539/7539 7525/7525 7537/7537
f 7540/7540 7537/7537 7538/7538
f 7537/7537 7540/7540 7539/7539
f 7541/7541 7539/7539 7540/7540
f 7542/7542 7536/7536 7529/7529
f 7542/7542 7529/7529 7530/7530
f 7536/7536 7542/7542 7543/7543
f 7542/7542 7530/7530 7544/7544
f 7544/7544 7543/7543 7542/7542
f 7545/7545 7544/7544 7530/7530
f 7543/7543 7544/7544 7546/7546
f 7544/7544 7545/7545 7547/7547
f 7547/7547 7546/7546 7544/7544
f 7548/7548 7547/7547 7545/7545
f 7546/7546 7547/7547 7549/7549
f 7547/7547 7548/7548 7550/7550
f 7550/7550 7549/7549 7547/7547
f 7551/7551 7550/7550 7548/7548
f 7552/7552 7550/7550 7551/7551
f 7550/7550 7552/7552 7549/7549
f 7553/7553 7549/7549 7552/7552
f 7556/7556 7555/7555 7554/7554
f 7554/7554 7557/7557 7556/7556
f 7558/7558 7557/7557 7554/7554
f 7557/7557 7559/7559 7556/7556
f 7560/7560 7558/7558 7554/7554
f 7556/7556 7559/7559 7561/7561
f 7559/7559 7562/7562 7561/7561
f 7555/7555 7556/7556 7563/7563
f 7561/7561 7563/7563 7556/7556
f 7563/7563 7561/7561 7564/7564
f 7565/7565 7564/7564 7561/7561
f 7564/7564 7407/7407 7563/7563
f 7565/7565 7561/7561 7566/7566
f 7567/7567 7563/7563 7407/7407
f 7563/7563 7567/7567 7555/7555
f 7407/7407 7425/7425 7567/7567
f 7426/7426 7567/7567 7425/7425
f 7567/7567 7426/7426 7453/7453
f 7453/7453 7555/7555 7567/7567
f 7568/7568 7566/7566 7561/7561
f 7561/7561 7562/7562 7568/7568
f 7569/7569 7568/7568 7562/7562
f 7566/7566 7568/7568 7570/7570
f 7569/7569 7571/7571 7568/7568
f 7572/7572 7570/7570 7568/7568
f 7570/7570 7572/7572 7573/7573
f 7568/7568 7571/7571 7574/7574
f 7575/7575 7573/7573 7572/7572
f 7573/7573 7575/7575 7576/7576
f 7572/7572 7568/7568 7577/7577
f 7574/7574 7577/7577 7568/7568
f 7572/7572 7577/7577 7575/7575
f 7574/7574 7571/7571 7578/7578
f 7574/7574 7578/7578 7577/7577
f 7571/7571 7579/7579 7578/7578
f 7579/7579 7560/7560 7578/7578
f 7577/7577 7580/7580 7575/7575
f 7580/7580 7577/7577 7578/7578
f 7578/7578 7560/7560 7554/7554
f 7581/7581 7575/7575 7580/7580
f 7576/7576 7575/7575 7581/7581
f 7578/7578 7582/7582 7580/7580
f 7581/7581 7583/7583 7576/7576
f 7580/7580 7584/7584 7581/7581
f 7584/7584 7580/7580 7582/7582
f 7583/7583 7581/7581 7584/7584
f 7585/7585 7576/7576 7583/7583
f 7554/7554 7586/7586 7578/7578
f 7582/7582 7578/7578 7586/7586
f 7583/7583 7587/7587 7585/7585
f 7588/7588 7585/7585 7587/7587
f 7584/7584 7589/7589 7583/7583
f 7587/7587 7583/7583 7589/7589
f 7582/7582 7590/7590 7584/7584
f 7589/7589 7584/7584 7590/7590
f 7582/7582 7586/7586 7590/7590
f 7588/7588 7587/7587 7591/7591
f 7591/7591 7592/7592 7588/7588
f 7592/7592 7591/7591 7593/7593
f 7591/7591 7587/7587 7594/7594
f 7589/7589 7594/7594 7587/7587
f 7595/7595 7593/7593 7591/7591
f 7591/7591 7594/7594 7595/7595
f 7593/7593 7595/7595 7596/7596
f 7594/7594 7589/7589 7597/7597
f 7594/7594 7597/7597 7595/7595
f 7590/7590 7597/7597 7589/7589
f 7598/7598 7596/7596 7595/7595
f 7598/7598 7595/7595 7597/7597
f 7596/7596 7598/7598 7599/7599
f 7600/7600 7597/7597 7590/7590
f 7600/7600 7598/7598 7597/7597
f 7601/7601 7600/7600 7590/7590
f 7600/7600 7602/7602 7598/7598
f 7603/7603 7601/7601 7590/7590
f 7602/7602 7604/7604 7598/7598
f 7603/7603 7590/7590 7605/7605
f 7606/7606 7603/7603 7605/7605
f 7605/7605 7590/7590 7586/7586
f 7607/7607 7606/7606 7605/7605
f 7608/7608 7598/7598 7604/7604
f 7608/7608 7599/7599 7598/7598
f 7604/7604 7609/7609 7608/7608
f 7609/7609 7607/7607 7610/7610
f 7609/7609 7610/7610 7608/7608
f 7607/7607 7605/7605 7610/7610
f 7599/7599 7608/7608 7611/7611
f 7610/7610 7605/7605 7612/7612
f 7610/7610 7612/7612 7608/7608
f 7613/7613 7611/7611 7608/7608
f 7613/7613 7608/7608 7612/7612
f 7611/7611 7613/7613 7505/7505
f 7497/7497 7505/7505 7613/7613
f 7497/7497 7613/7613 7494/7494
f 7612/7612 7494/7494 7613/7613
f 7612/7612 7498/7498 7494/7494
f 7498/7498 7612/7612 7605/7605
f 7498/7498 7605/7605 7614/7614
f 7586/7586 7614/7614 7605/7605
f 7586/7586 7554/7554 7614/7614
f 7614/7614 7457/7457 7498/7498
f 7463/7463 7498/7498 7457/7457
f 7615/7615 7614/7614 7554/7554
f 7614/7614 7615/7615 7457/7457
f 7615/7615 7554/7554 7555/7555
f 7555/7555 7453/7453 7615/7615
f 7616/7616 7457/7457 7615/7615
f 7616/7616 7615/7615 7453/7453
f 7616/7616 7451/7451 7457/7457
f 7616/7616 7453/7453 7451/7451
f 7619/7619 7618/7618 7617/7617
f 7620/7620 7617/7617 7618/7618
f 7623/7623 7622/7622 7621/7621
f 7624/7624 7621/7621 7622/7622
f 7624/7624 7625/7625 7621/7621
f 7626/7626 7621/7621 7625/7625
f 7621/7621 7626/7626 7627/7627
f 7628/7628 7627/7627 7626/7626
f 7627/7627 7629/7629 7621/7621
f 7623/7623 7621/7621 7629/7629
f 7629/7629 7630/7630 7623/7623
f 7623/7623 7631/7631 7622/7622
f 7631/7631 7623/7623 7630/7630
f 7632/7632 7622/7622 7631/7631
f 7630/7630 7633/7633 7631/7631
f 7631/7631 7634/7634 7632/7632
f 7634/7634 7631/7631 7633/7633
f 7635/7635 7632/7632 7634/7634
f 7633/7633 7636/7636 7634/7634
f 7634/7634 7637/7637 7635/7635
f 7637/7637 7634/7634 7636/7636
f 7638/7638 7635/7635 7637/7637
f 7636/7636 7639/7639 7637/7637
f 7638/7638 7637/7637 7640/7640
f 7641/7641 7637/7637 7639/7639
f 7641/7641 7640/7640 7637/7637
f 7644/7644 7643/7643 7642/7642
f 7644/7644 7642/7642 7645/7645
f 7646/7646 7642/7642 7643/7643
f 7647/7647 7645/7645 7642/7642
f 7643/7643 7648/7648 7646/7646
f 7642/7642 7646/7646 7649/7649
f 7642/7642 7649/7649 7647/7647
f 7650/7650 7649/7649 7646/7646
f 7651/7651 7647/7647 7649/7649
f 7645/7645 7647/7647 7652/7652
f 7651/7651 7653/7653 7647/7647
f 7646/7646 7654/7654 7650/7650
f 7654/7654 7646/7646 7648/7648
f 7648/7648 7655/7655 7654/7654
f 7656/7656 7650/7650 7654/7654
f 7657/7657 7654/7654 7655/7655
f 7654/7654 7657/7657 7656/7656
f 7658/7658 7656/7656 7657/7657
f 7659/7659 7647/7647 7653/7653
f 7659/7659 7652/7652 7647/7647
f 7653/7653 7660/7660 7659/7659
f 7659/7659 7661/7661 7652/7652
f 7661/7661 7659/7659 7660/7660
f 7662/7662 7652/7652 7661/7661
f 7662/7662 7661/7661 7663/7663
f 7661/7661 7660/7660 7664/7664
f 7664/7664 7663/7663 7661/7661
f 7665/7665 7664/7664 7660/7660
f 7663/7663 7664/7664 7666/7666
f 7664/7664 7665/7665 7667/7667
f 7667/7667 7666/7666 7664/7664
f 7668/7668 7667/7667 7665/7665
f 7669/7669 7666/7666 7667/7667
f 7667/7667 7668/7668 7669/7669
f 7670/7670 7669/7669 7668/7668
f 7673/7673 7672/7672 7671/7671
f 7674/7674 7671/7671 7672/7672
f 7677/7677 7676/7676 7675/7675
f 7677/7677 7678/7678 7676/7676
f 7679/7679 7675/7675 7676/7676
f 7680/7680 7676/7676 7678/7678
f 7675/7675 7679/7679 7681/7681
f 7678/7678 7682/7682 7680/7680
f 7683/7683 7681/7681 7679/7679
f 7683/7683 7684/7684 7681/7681
f 7685/7685 7681/7681 7684/7684
f 7686/7686 7680/7680 7682/7682
f 7682/7682 7687/7687 7686/7686
f 7688/7688 7686/7686 7687/7687
f 7687/7687 7689/7689 7688/7688
f 7690/7690 7688/7688 7689/7689
f 7690/7690 7689/7689 7691/7691
f 7692/7692 7691/7691 7689/7689
f 7695/7695 7694/7694 7693/7693
f 7695/7695 7696/7696 7694/7694
f 7697/7697 7693/7693 7694/7694
f 7698/7698 7694/7694 7696/7696
f 7693/7693 7697/7697 7699/7699
f 7696/7696 7700/7700 7698/7698
f 7701/7701 7699/7699 7697/7697
f 7702/7702 7698/7698 7700/7700
f 7699/7699 7701/7701 7703/7703
f 7700/7700 7704/7704 7702/7702
f 7705/7705 7703/7703 7701/7701
f 7703/7703 7705/7705 7706/7706
f 7707/7707 7706/7706 7705/7705
f 7708/7708 7702/7702 7704/7704
f 7704/7704 7709/7709 7708/7708
f 7710/7710 7708/7708 7709/7709
f 7713/7713 7712/7712 7711/7711
f 7712/7712 7714/7714 7711/7711
f 7714/7714 7715/7715 7711/7711
f 7716/7716 7714/7714 7712/7712
f 7717/7717 7714/7714 7716/7716
f 7718/7718 7716/7716 7712/7712
f 7721/7721 7720/7720 7719/7719
f 7720/7720 7722/7722 7719/7719
f 7722/7722 7723/7723 7719/7719
f 7724/7724 7722/7722 7720/7720
f 7725/7725 7722/7722 7724/7724
f 7726/7726 7724/7724 7720/7720
f 7729/7729 7728/7728 7727/7727
f 7730/7730 7727/7727 7728/7728
f 7727/7727 7730/7730 7731/7731
f 7732/7732 7731/7731 7730/7730
f 7731/7731 7732/7732 7733/7733
f 7734/7734 7733/7733 7732/7732
f 7733/7733 7734/7734 7735/7735
f 7736/7736 7735/7735 7734/7734
f 7735/7735 7736/7736 7737/7737
f 7738/7738 7737/7737 7736/7736
f 7737/7737 7738/7738 7739/7739
f 7740/7740 7739/7739 7738/7738
f 7739/7739 7740/7740 7741/7741
f 7742/7742 7741/7741 7740/7740
f 7741/7741 7742/7742 7743/7743
f 7744/7744 7743/7743 7742/7742
f 7747/7747 7746/7746 7745/7745
f 7748/7748 7746/7746 7747/7747
f 7745/7745 7746/7746 7749/7749
f 7750/7750 7746/7746 7748/7748
f 7749/7749 7746/7746 7751/7751
f 7752/7752 7746/7746 7750/7750
f 7751/7751 7746/7746 7753/7753
f 7753/7753 7746/7746 7752/7752
f 7756/7756 7755/7755 7754/7754
f 7756/7756 7757/7757 7755/7755
f 7758/7758 7755/7755 7757/7757
f 7755/7755 7759/7759 7754/7754
f 7759/7759 7760/7760 7754/7754
f 7760/7760 7761/7761 7754/7754
f 7764/7764 7763/7763 7762/7762
f 7763/7763 7764/7764 7765/7765
f 7766/7766 7762/7762 7763/7763
f 7767/7767 7765/7765 7764/7764
f 7765/7765 7767/7767 7768/7768
f 7769/7769 7768/7768 7767/7767
f 7762/7762 7766/7766 7770/7770
f 7771/7771 7770/7770 7766/7766
f 7770/7770 7771/7771 7772/7772
f 7773/7773 7772/7772 7771/7771
f 7772/7772 7773/7773 7774/7774
f 7775/7775 7774/7774 7773/7773
f 7774/7774 7775/7775 7776/7776
f 7777/7777 7776/7776 7775/7775
f 7776/7776 7777/7777 7778/7778
f 7779/7779 7778/7778 7777/7777
f 7782/7782 7781/7781 7780/7780
f 7783/7783 7780/7780 7781/7781
f 7780/7780 7784/7784 7782/7782
f 7783/7783 7781/7781 7785/7785
f 7786/7786 7782/7782 7784/7784
f 7786/7786 7784/7784 7787/7787
f 7788/7788 7787/7787 7784/7784
f 7789/7789 7785/7785 7781/7781
f 7785/7785 7789/7789 7790/7790
f 7791/7791 7790/7790 7789/7789
f 7790/7790 7791/7791 7792/7792
f 7793/7793 7792/7792 7791/7791
f 7792/7792 7793/7793 7794/7794
f 7795/7795 7794/7794 7793/7793
f 7795/7795 7796/7796 7794/7794
f 7797/7797 7794/7794 7796/7796
f 7800/7800 7799/7799 7798/7798
f 7801/7801 7798/7798 7799/7799
f 7798/7798 7802/7802 7800/7800
f 7801/7801 7799/7799 7803/7803
f 7804/7804 7800/7800 7802/7802
f 7805/7805 7803/7803 7799/7799
f 7802/7802 7806/7806 7804/7804
f 7803/7803 7805/7805 7807/7807
f 7808/7808 7804/7804 7806/7806
f 7806/7806 7809/7809 7808/7808
f 7810/7810 7808/7808 7809/7809
f 7811/7811 7807/7807 7805/7805
f 7807/7807 7811/7811 7812/7812
f 7813/7813 7812/7812 7811/7811
f 7812/7812 7813/7813 7814/7814
f 7815/7815 7814/7814 7813/7813
f 7818/7818 7817/7817 7816/7816
f 7817/7817 7819/7819 7816/7816
f 7819/7819 7820/7820 7816/7816
f 7821/7821 7819/7819 7817/7817
f 7822/7822 7819/7819 7821/7821
f 7823/7823 7821/7821 7817/7817
f 7826/7826 7825/7825 7824/7824
f 7825/7825 7827/7827 7824/7824
f 7827/7827 7828/7828 7824/7824
f 7829/7829 7827/7827 7825/7825
f 7830/7830 7827/7827 7829/7829
f 7831/7831 7829/7829 7825/7825
f 7834/7834 7833/7833 7832/7832
f 7833/7833 7835/7835 7832/7832
f 7835/7835 7836/7836 7832/7832
f 7836/7836 7837/7837 7832/7832
f 7837/7837 7836/7836 7838/7838
f 7839/7839 7838/7838 7836/7836
f 7842/7842 7841/7841 7840/7840
f 7843/7843 7840/7840 7841/7841
f 7840/7840 7844/7844 7842/7842
f 7841/7841 7845/7845 7843/7843
f 7846/7846 7842/7842 7844/7844
f 7847/7847 7843/7843 7845/7845
f 7845/7845 7848/7848 7847/7847
f 7849/7849 7847/7847 7848/7848
f 7844/7844 7850/7850 7846/7846
f 7851/7851 7846/7846 7850/7850
f 7850/7850 7852/7852 7851/7851
f 7853/7853 7851/7851 7852/7852
f 7852/7852 7854/7854 7853/7853
f 7855/7855 7853/7853 7854/7854
f 7854/7854 7856/7856 7855/7855
f 7857/7857 7855/7855 7856/7856
f 7860/7860 7859/7859 7858/7858
f 7861/7861 7858/7858 7859/7859
f 7858/7858 7861/7861 7862/7862
f 7863/7863 7862/7862 7861/7861
f 7862/7862 7863/7863 7864/7864
f 7865/7865 7864/7864 7863/7863
f 7864/7864 7865/7865 7866/7866
f 7867/7867 7866/7866 7865/7865
f 7866/7866 7867/7867 7868/7868
f 7869/7869 7868/7868 7867/7867
f 7868/7868 7869/7869 7870/7870
f 7871/7871 7870/7870 7869/7869
f 7870/7870 7871/7871 7872/7872
f 7873/7873 7872/7872 7871/7871
f 7872/7872 7873/7873 7874/7874
f 7875/7875 7874/7874 7873/7873
f 7878/7878 7877/7877 7876/7876
f 7879/7879 7877/7877 7878/7878
f 7876/7876 7877/7877 7880/7880
f 7881/7881 7877/7877 7879/7879
f 7880/7880 7877/7877 7882/7882
f 7883/7883 7877/7877 7881/7881
f 7882/7882 7877/7877 7884/7884
f 7884/7884 7877/7877 7883/7883
f 7887/7887 7886/7886 7885/7885
f 7888/7888 7885/7885 7886/7886
f 7885/7885 7888/7888 7889/7889
f 7890/7890 7889/7889 7888/7888
f 7889/7889 7890/7890 7891/7891
f 7892/7892 7891/7891 7890/7890
f 7891/7891 7892/7892 7893/7893
f 7894/7894 7893/7893 7892/7892
f 7893/7893 7894/7894 7895/7895
f 7896/7896 7895/7895 7894/7894
f 7895/7895 7896/7896 7897/7897
f 7898/7898 7897/7897 7896/7896
f 7897/7897 7898/7898 7899/7899
f 7900/7900 7899/7899 7898/7898
f 7899/7899 7900/7900 7901/7901
f 7902/7902 7901/7901 7900/7900
f 7905/7905 7904/7904 7903/7903
f 7906/7906 7904/7904 7905/7905
f 7903/7903 7904/7904 7907/7907
f 7908/7908 7904/7904 7906/7906
f 7907/7907 7904/7904 7909/7909
f 7910/7910 7904/7904 7908/7908
f 7909/7909 7904/7904 7911/7911
f 7911/7911 7904/7904 7910/7910
f 7914/7914 7913/7913 7912/7912
f 7915/7915 7912/7912 7913/7913
f 7912/7912 7915/7915 7916/7916
f 7917/7917 7916/7916 7915/7915
f 7916/7916 7917/7917 7918/7918
f 7919/7919 7918/7918 7917/7917
f 7918/7918 7919/7919 7920/7920
f 7921/7921 7920/7920 7919/7919
f 7920/7920 7921/7921 7922/7922
f 7923/7923 7922/7922 7921/7921
f 7922/7922 7923/7923 7924/7924
f 7925/7925 7924/7924 7923/7923
f 7924/7924 7925/7925 7926/7926
f 7927/7927 7926/7926 7925/7925
f 7926/7926 7927/7927 7928/7928
f 7929/7929 7928/7928 7927/7927
f 7932/7932 7931/7931 7930/7930
f 7933/7933 7931/7931 7932/7932
f 7930/7930 7931/7931 7934/7934
f 7935/7935 7931/7931 7933/7933
f 7934/7934 7931/7931 7936/7936
f 7937/7937 7931/7931 7935/7935
f 7936/7936 7931/7931 7938/7938
f 7938/7938 7931/7931 7937/7937
f 7941/7941 7940/7940 7939/7939
f 7942/7942 7939/7939 7940/7940
f 7939/7939 7942/7942 7943/7943
f 7944/7944 7943/7943 7942/7942
f 7943/7943 7944/7944 7945/7945
f 7946/7946 7945/7945 7944/7944
f 7945/7945 7946/7946 7947/7947
f 7948/7948 7947/7947 7946/7946
f 7947/7947 7948/7948 7949/7949
f 7950/7950 7949/7949 7948/7948
f 7949/7949 7950/7950 7951/7951
f 7952/7952 7951/7951 7950/7950
f 7951/7951 7952/7952 7953/7953
f 7954/7954 7953/7953 7952/7952
f 7953/7953 7954/7954 7955/7955
f 7956/7956 7955/7955 7954/7954
f 7959/7959 7958/7958 7957/7957
f 7960/7960 7958/7958 7959/7959
f 7957/7957 7958/7958 7961/7961
f 7962/7962 7958/7958 7960/7960
f 7961/7961 7958/7958 7963/7963
f 7964/7964 7958/7958 7962/7962
f 7963/7963 7958/7958 7965/7965
f 7965/7965 7958/7958 7964/7964
f 7968/7968 7967/7967 7966/7966
f 7969/7969 7966/7966 7967/7967
f 7966/7966 7969/7969 7970/7970
f 7971/7971 7970/7970 7969/7969
f 7970/7970 7971/7971 7972/7972
f 7973/7973 7972/7972 7971/7971
f 7972/7972 7973/7973 7974/7974
f 7975/7975 7974/7974 7973/7973
f 7974/7974 7975/7975 7976/7976
f 7977/7977 7976/7976 7975/7975
f 7976/7976 7977/7977 7978/7978
f 7979/7979 7978/7978 7977/7977
f 7978/7978 7979/7979 7980/7980
f 7981/7981 7980/7980 7979/7979
f 7980/7980 7981/7981 7982/7982
f 7983/7983 7982/7982 7981/7981
f 7986/7986 7985/7985 7984/7984
f 7987/7987 7985/7985 7986/7986
f 7984/7984 7985/7985 7988/7988
f 7989/7989 7985/7985 7987/7987
f 7988/7988 7985/7985 7990/7990
f 7991/7991 7985/7985 7989/7989
f 7990/7990 7985/7985 7992/7992
f 7992/7992 7985/7985 7991/7991
f 7995/7995 7994/7994 7993/7993
f 7996/7996 7993/7993 7994/7994
f 7993/7993 7996/7996 7997/7997
f 7998/7998 7997/7997 7996/7996
f 7997/7997 7998/7998 7999/7999
f 8000/8000 7999/7999 7998/7998
f 7999/7999 8000/8000 8001/8001
f 8002/8002 8001/8001 8000/8000
f 8001/8001 8002/8002 8003/8003
f 8004/8004 8003/8003 8002/8002
f 8003/8003 8004/8004 8005/8005
f 8006/8006 8005/8005 8004/8004
f 8005/8005 8006/8006 8007/8007
f 8008/8008 8007/8007 8006/8006
f 8007/8007 8008/8008 8009/8009
f 8010/8010 8009/8009 8008/8008
f 8013/8013 8012/8012 8011/8011
f 8014/8014 8012/8012 8013/8013
f 8011/8011 8012/8012 8015/8015
f 8016/8016 8012/8012 8014/8014
f 8015/8015 8012/8012 8017/8017
f 8018/8018 8012/8012 8016/8016
f 8017/8017 8012/8012 8019/8019
f 8019/8019 8012/8012 8018/8018
f 8022/8022 8021/8021 8020/8020
f 8023/8023 8020/8020 8021/8021
f 8020/8020 8023/8023 8024/8024
f 8025/8025 8024/8024 8023/8023
f 8024/8024 8025/8025 8026/8026
f 8027/8027 8026/8026 8025/8025
f 8026/8026 8027/8027 8028/8028
f 8029/8029 8028/8028 8027/8027
f 8028/8028 8029/8029 8030/8030
f 8031/8031 8030/8030 8029/8029
f 8030/8030 8031/8031 8032/8032
f 8033/8033 8032/8032 8031/8031
f 8032/8032 8033/8033 8034/8034
f 8035/8035 8034/8034 8033/8033
f 8034/8034 8035/8035 8036/8036
f 8037/8037 8036/8036 8035/8035
f 8040/8040 8039/8039 8038/8038
f 8041/8041 8039/8039 8040/8040
f 8038/8038 8039/8039 8042/8042
f 8043/8043 8039/8039 8041/8041
f 8042/8042 8039/8039 8044/8044
f 8045/8045 8039/8039 8043/8043
f 8044/8044 8039/8039 8046/8046
f 8046/8046 8039/8039 8045/8045
f 8049/8049 8048/8048 8047/8047
f 8050/8050 8047/8047 8048/8048
f 8047/8047 8050/8050 8051/8051
f 8052/8052 8051/8051 8050/8050
f 8051/8051 8052/8052 8053/8053
f 8054/8054 8053/8053 8052/8052
f 8053/8053 8054/8054 8055/8055
f 8056/8056 8055/8055 8054/8054
f 8055/8055 8056/8056 8057/8057
f 8058/8058 8057/8057 8056/8056
f 8057/8057 8058/8058 8059/8059
f 8060/8060 8059/8059 8058/8058
f 8059/8059 8060/8060 8061/8061
f 8062/8062 8061/8061 8060/8060
f 8061/8061 8062/8062 8063/8063
f 8064/8064 8063/8063 8062/8062
f 8067/8067 8066/8066 8065/8065
f 8068/8068 8066/8066 8067/8067
f 8065/8065 8066/8066 8069/8069
f 8070/8070 8066/8066 8068/8068
f 8069/8069 8066/8066 8071/8071
f 8072/8072 8066/8066 8070/8070
f 8071/8071 8066/8066 8073/8073
f 8073/8073 8066/8066 8072/8072
f 8076/8076 8075/8075 8074/8074
f 8077/8077 8074/8074 8075/8075
f 8074/8074 8077/8077 8078/8078
f 8079/8079 8078/8078 8077/8077
f 8078/8078 8079/8079 8080/8080
f 8081/8081 8080/8080 8079/8079
f 8080/8080 8081/8081 8082/8082
f 8083/8083 8082/8082 8081/8081
f 8082/8082 8083/8083 8084/8084
f 8085/8085 8084/8084 8083/8083
f 8084/8084 8085/8085 8086/8086
f 8087/8087 8086/8086 8085/8085
f 8086/8086 8087/8087 8088/8088
f 8089/8089 8088/8088 8087/8087
f 8088/8088 8089/8089 8090/8090
f 8091/8091 8090/8090 8089/8089
f 8094/8094 8093/8093 8092/8092
f 8095/8095 8093/8093 8094/8094
f 8092/8092 8093/8093 8096/8096
f 8097/8097 8093/8093 8095/8095
f 8096/8096 8093/8093 8098/8098
f 8099/8099 8093/8093 8097/8097
f 8098/8098 8093/8093 8100/8100
f 8100/8100 8093/8093 8099/8099
f 8103/8103 8102/8102 8101/8101
f 8104/8104 8101/8101 8102/8102
f 8101/8101 8104/8104 8105/8105
f 8106/8106 8105/8105 8104/8104
f 8105/8105 8106/8106 8107/8107
f 8108/8108 8107/8107 8106/8106
f 8107/8107 8108/8108 8109/8109
f 8110/8110 8109/8109 8108/8108
f 8109/8109 8110/8110 8111/8111
f 8112/8112 8111/8111 8110/8110
f 8111/8111 8112/8112 8113/8113
f 8114/8114 8113/8113 8112/8112
f 8113/8113 8114/8114 8115/8115
f 8116/8116 8115/8115 8114/8114
f 8115/8115 8116/8116 8117/8117
f 8118/8118 8117/8117 8116/8116
f 8121/8121 8120/8120 8119/8119
f 8122/8122 8120/8120 8121/8121
f 8119/8119 8120/8120 8123/8123
f 8124/8124 8120/8120 8122/8122
f 8123/8123 8120/8120 8125/8125
f 8126/8126 8120/8120 8124/8124
f 8125/8125 8120/8120 8127/8127
f 8127/8127 8120/8120 8126/8126
f 8130/8130 8129/8129 8128/8128
f 8131/8131 8128/8128 8129/8129
f 8128/8128 8131/8131 8132/8132
f 8133/8133 8132/8132 8131/8131
f 8132/8132 8133/8133 8134/8134
f 8135/8135 8134/8134 8133/8133
f 8134/8134 8135/8135 8136/8136
f 8137/8137 8136/8136 8135/8135
f 8136/8136 8137/8137 8138/8138
f 8139/8139 8138/8138 8137/8137
f 8138/8138 8139/8139 8140/8140
f 8141/8141 8140/8140 8139/8139
f 8140/8140 8141/8141 8142/8142
f 8143/8143 8142/8142 8141/8141
f 8142/8142 8143/8143 8144/8144
f 8145/8145 8144/8144 8143/8143
f 8148/8148 8147/8147 8146/8146
f 8149/8149 8147/8147 8148/8148
f 8146/8146 8147/8147 8150/8150
f 8151/8151 8147/8147 8149/8149
f 8150/8150 8147/8147 8152/8152
f 8153/8153 8147/8147 8151/8151
f 8152/8152 8147/8147 8154/8154
f 8154/8154 8147/8147 8153/8153
f 8157/8157 8156/8156 8155/8155
f 8158/8158 8155/8155 8156/8156
f 8155/8155 8158/8158 8159/8159
f 8160/8160 8159/8159 8158/8158
f 8159/8159 8160/8160 8161/8161
f 8162/8162 8161/8161 8160/8160
f 8161/8161 8162/8162 8163/8163
f 8164/8164 8163/8163 8162/8162
f 8163/8163 8164/8164 8165/8165
f 8166/8166 8165/8165 8164/8164
f 8165/8165 8166/8166 8167/8167
f 8168/8168 8167/8167 8166/8166
f 8167/8167 8168/8168 8169/8169
f 8170/8170 8169/8169 8168/8168
f 8169/8169 8170/8170 8171/8171
f 8172/8172 8171/8171 8170/8170
f 8175/8175 8174/8174 8173/8173
f 8176/8176 8174/8174 8175/8175
f 8173/8173 8174/8174 8177/8177
f 8178/8178 8174/8174 8176/8176
f 8177/8177 8174/8174 8179/8179
f 8180/8180 8174/8174 8178/8178
f 8179/8179 8174/8174 8181/8181
f 8181/8181 8174/8174 8180/8180
f 8184/8184 8183/8183 8182/8182
f 8185/8185 8182/8182 8183/8183
f 8182/8182 8185/8185 8186/8186
f 8187/8187 8186/8186 8185/8185
f 8186/8186 8187/8187 8188/8188
f 8189/8189 8188/8188 8187/8187
f 8188/8188 8189/8189 8190/8190
f 8191/8191 8190/8190 8189/8189
f 8190/8190 8191/8191 8192/8192
f 8193/8193 8192/8192 8191/8191
f 8192/8192 8193/8193 8194/8194
f 8195/8195 8194/8194 8193/8193
f 8194/8194 8195/8195 8196/8196
f 8197/8197 8196/8196 8195/8195
f 8196/8196 8197/8197 8198/8198
f 8199/8199 8198/8198 8197/8197
f 8202/8202 8201/8201 8200/8200
f 8203/8203 8201/8201 8202/8202
f 8200/8200 8201/8201 8204/8204
f 8205/8205 8201/8201 8203/8203
f 8204/8204 8201/8201 8206/8206
f 8207/8207 8201/8201 8205/8205
f 8206/8206 8201/8201 8208/8208
f 8208/8208 8201/8201 8207/8207
f 8211/8211 8210/8210 8209/8209
f 8212/8212 8209/8209 8210/8210
f 8209/8209 8212/8212 8213/8213
f 8214/8214 8213/8213 8212/8212
f 8213/8213 8214/8214 8215/8215
f 8216/8216 8215/8215 8214/8214
f 8215/8215 8216/8216 8217/8217
f 8218/8218 8217/8217 8216/8216
f 8217/8217 8218/8218 8219/8219
f 8220/8220 8219/8219 8218/8218
f 8219/8219 8220/8220 8221/8221
f 8222/8222 8221/8221 8220/8220
f 8221/8221 8222/8222 8223/8223
f 8224/8224 8223/8223 8222/8222
f 8223/8223 8224/8224 8225/8225
f 8226/8226 8225/8225 8224/8224
f 8229/8229 8228/8228 8227/8227
f 8230/8230 8228/8228 8229/8229
f 8227/8227 8228/8228 8231/8231
f 8232/8232 8228/8228 8230/8230
f 8231/8231 8228/8228 8233/8233
f 8234/8234 8228/8228 8232/8232
f 8233/8233 8228/8228 8235/8235
f 8235/8235 8228/8228 8234/8234
f 8238/8238 8237/8237 8236/8236
f 8239/8239 8236/8236 8237/8237
f 8236/8236 8239/8239 8240/8240
f 8241/8241 8240/8240 8239/8239
f 8240/8240 8241/8241 8242/8242
f 8243/8243 8242/8242 8241/8241
f 8242/8242 8243/8243 8244/8244
f 8245/8245 8244/8244 8243/8243
f 8244/8244 8245/8245 8246/8246
f 8247/8247 8246/8246 8245/8245
f 8246/8246 8247/8247 8248/8248
f 8249/8249 8248/8248 8247/8247
f 8248/8248 8249/8249 8250/8250
f 8251/8251 8250/8250 8249/8249
f 8250/8250 8251/8251 8252/8252
f 8253/8253 8252/8252 8251/8251
f 8256/8256 8255/8255 8254/8254
f 8257/8257 8255/8255 8256/8256
f 8254/8254 8255/8255 8258/8258
f 8259/8259 8255/8255 8257/8257
f 8258/8258 8255/8255 8260/8260
f 8261/8261 8255/8255 8259/8259
f 8260/8260 8255/8255 8262/8262
f 8262/8262 8255/8255 8261/8261
f 8265/8265 8264/8264 8263/8263
f 8266/8266 8263/8263 8264/8264
f 8263/8263 8266/8266 8267/8267
f 8268/8268 8267/8267 8266/8266
f 8267/8267 8268/8268 8269/8269
f 8270/8270 8269/8269 8268/8268
f 8269/8269 8270/8270 8271/8271
f 8272/8272 8271/8271 8270/8270
f 8271/8271 8272/8272 8273/8273
f 8274/8274 8273/8273 8272/8272
f 8273/8273 8274/8274 8275/8275
f 8276/8276 8275/8275 8274/8274
f 8275/8275 8276/8276 8277/8277
f 8278/8278 8277/8277 8276/8276
f 8277/8277 8278/8278 8279/8279
f 8280/8280 8279/8279 8278/8278
f 8283/8283 8282/8282 8281/8281
f 8284/8284 8282/8282 8283/8283
f 8281/8281 8282/8282 8285/8285
f 8286/8286 8282/8282 8284/8284
f 8285/8285 8282/8282 8287/8287
f 8288/8288 8282/8282 8286/8286
f 8287/8287 8282/8282 8289/8289
f 8289/8289 8282/8282 8288/8288
f 8292/8292 8291/8291 8290/8290
f 8293/8293 8290/8290 8291/8291
f 8290/8290 8293/8293 8294/8294
f 8295/8295 8294/8294 8293/8293
f 8294/8294 8295/8295 8296/8296
f 8297/8297 8296/8296 8295/8295
f 8296/8296 8297/8297 8298/8298
f 8299/8299 8298/8298 8297/8297
f 8298/8298 8299/8299 8300/8300
f 8301/8301 8300/8300 8299/8299
f 8300/8300 8301/8301 8302/8302
f 8303/8303 8302/8302 8301/8301
f 8302/8302 8303/8303 8304/8304
f 8305/8305 8304/8304 8303/8303
f 8304/8304 8305/8305 8306/8306
f 8307/8307 8306/8306 8305/8305
f 8310/8310 8309/8309 8308/8308
f 8311/8311 8309/8309 8310/8310
f 8308/8308 8309/8309 8312/8312
f 8313/8313 8309/8309 8311/8311
f 8312/8312 8309/8309 8314/8314
f 8315/8315 8309/8309 8313/8313
f 8314/8314 8309/8309 8316/8316
f 8316/8316 8309/8309 8315/8315
f 8319/8319 8318/8318 8317/8317
f 8320/8320 8317/8317 8318/8318
f 8317/8317 8320/8320 8321/8321
f 8322/8322 8321/8321 8320/8320
f 8321/8321 8322/8322 8323/8323
f 8324/8324 8323/8323 8322/8322
f 8323/8323 8324/8324 8325/8325
f 8326/8326 8325/8325 8324/8324
f 8325/8325 8326/8326 8327/8327
f 8328/8328 8327/8327 8326/8326
f 8327/8327 8328/8328 8329/8329
f 8330/8330 8329/8329 8328/8328
f 8329/8329 8330/8330 8331/8331
f 8332/8332 8331/8331 8330/8330
f 8331/8331 8332/8332 8333/8333
f 8334/8334 8333/8333 8332/8332
f 8337/8337 8336/8336 8335/8335
f 8338/8338 8336/8336 8337/8337
f 8335/8335 8336/8336 8339/8339
f 8340/8340 8336/8336 8338/8338
f 8339/8339 8336/8336 8341/8341
f 8342/8342 8336/8336 8340/8340
f 8341/8341 8336/8336 8343/8343
f 8343/8343 8336/8336 8342/8342
f 8346/8346 8345/8345 8344/8344
f 8347/8347 8344/8344 8345/8345
f 8344/8344 8347/8347 8348/8348
f 8349/8349 8348/8348 8347/8347
f 8348/8348 8349/8349 8350/8350
f 8351/8351 8350/8350 8349/8349
f 8350/8350 8351/8351 8352/8352
f 8353/8353 8352/8352 8351/8351
f 8352/8352 8353/8353 8354/8354
f 8355/8355 8354/8354 8353/8353
f 8354/8354 8355/8355 8356/8356
f 8357/8357 8356/8356 8355/8355
f 8356/8356 8357/8357 8358/8358
f 8359/8359 8358/8358 8357/8357
f 8358/8358 8359/8359 8360/8360
f 8361/8361 8360/8360 8359/8359
f 8364/8364 8363/8363 8362/8362
f 8365/8365 8363/8363 8364/8364
f 8362/8362 8363/8363 8366/8366
f 8367/8367 8363/8363 8365/8365
f 8366/8366 8363/8363 8368/8368
f 8369/8369 8363/8363 8367/8367
f 8368/8368 8363/8363 8370/8370
f 8370/8370 8363/8363 8369/8369
f 8373/8373 8372/8372 8371/8371
f 8374/8374 8371/8371 8372/8372
f 8371/8371 8374/8374 8375/8375
f 8376/8376 8375/8375 8374/8374
f 8375/8375 8376/8376 8377/8377
f 8378/8378 8377/8377 8376/8376
f 8377/8377 8378/8378 8379/8379
f 8380/8380 8379/8379 8378/8378
f 8379/8379 8380/8380 8381/8381
f 8382/8382 8381/8381 8380/8380
f 8381/8381 8382/8382 8383/8383
f 8384/8384 8383/8383 8382/8382
f 8383/8383 8384/8384 8385/8385
f 8386/8386 8385/8385 8384/8384
f 8385/8385 8386/8386 8387/8387
f 8388/8388 8387/8387 8386/8386
f 8391/8391 8390/8390 8389/8389
f 8392/8392 8390/8390 8391/8391
f 8389/8389 8390/8390 8393/8393
f 8394/8394 8390/8390 8392/8392
f 8393/8393 8390/8390 8395/8395
f 8396/8396 8390/8390 8394/8394
f 8395/8395 8390/8390 8397/8397
f 8397/8397 8390/8390 8396/8396
f 8400/8400 8399/8399 8398/8398
f 8401/8401 8398/8398 8399/8399
f 8398/8398 8401/8401 8402/8402
f 8403/8403 8402/8402 8401/8401
f 8402/8402 8403/8403 8404/8404
f 8405/8405 8404/8404 8403/8403
f 8404/8404 8405/8405 8406/8406
f 8407/8407 8406/8406 8405/8405
f 8406/8406 8407/8407 8408/8408
f 8409/8409 8408/8408 8407/8407
f 8408/8408 8409/8409 8410/8410
f 8411/8411 8410/8410 8409/8409
f 8410/8410 8411/8411 8412/8412
f 8413/8413 8412/8412 8411/8411
f 8412/8412 8413/8413 8414/8414
f 8415/8415 8414/8414 8413/8413
f 8418/8418 8417/8417 8416/8416
f 8419/8419 8417/8417 8418/8418
f 8416/8416 8417/8417 8420/8420
f 8421/8421 8417/8417 8419/8419
f 8420/8420 8417/8417 8422/8422
f 8423/8423 8417/8417 8421/8421
f 8422/8422 8417/8417 8424/8424
f 8424/8424 8417/8417 8423/8423
f 8427/8427 8426/8426 8425/8425
f 8428/8428 8425/8425 8426/8426
f 8425/8425 8428/8428 8429/8429
f 8430/8430 8429/8429 8428/8428
f 8429/8429 8430/8430 8431/8431
f 8432/8432 8431/8431 8430/8430
f 8431/8431 8432/8432 8433/8433
f 8434/8434 8433/8433 8432/8432
f 8433/8433 8434/8434 8435/8435
f 8436/8436 8435/8435 8434/8434
f 8435/8435 8436/8436 8437/8437
f 8438/8438 8437/8437 8436/8436
f 8437/8437 8438/8438 8439/8439
f 8440/8440 8439/8439 8438/8438
f 8439/8439 8440/8440 8441/8441
f 8442/8442 8441/8441 8440/8440
f 8445/8445 8444/8444 8443/8443
f 8446/8446 8444/8444 8445/8445
f 8443/8443 8444/8444 8447/8447
f 8448/8448 8444/8444 8446/8446
f 8447/8447 8444/8444 8449/8449
f 8450/8450 8444/8444 8448/8448
f 8449/8449 8444/8444 8451/8451
f 8451/8451 8444/8444 8450/8450
f 8454/8454 8453/8453 8452/8452
f 8455/8455 8452/8452 8453/8453
f 8452/8452 8455/8455 8456/8456
f 8457/8457 8456/8456 8455/8455
f 8456/8456 8457/8457 8458/8458
f 8459/8459 8458/8458 8457/8457
f 8458/8458 8459/8459 8460/8460
f 8461/8461 8460/8460 8459/8459
f 8460/8460 8461/8461 8462/8462
f 8463/8463 8462/8462 8461/8461
f 8462/8462 8463/8463 8464/8464
f 8465/8465 8464/8464 8463/8463
f 8464/8464 8465/8465 8466/8466
f 8467/8467 8466/8466 8465/8465
f 8466/8466 8467/8467 8468/8468
f 8469/8469 8468/8468 8467/8467
f 8472/8472 8471/8471 8470/8470
f 8473/8473 8471/8471 8472/8472
f 8470/8470 8471/8471 8474/8474
f 8475/8475 8471/8471 8473/8473
f 8474/8474 8471/8471 8476/8476
f 8477/8477 8471/8471 8475/8475
f 8476/8476 8471/8471 8478/8478
f 8478/8478 8471/8471 8477/8477
f 8481/8481 8480/8480 8479/8479
f 8483/8483 8481/8481 8482/8482
f 8479/8479 8482/8482 8481/8481
f 8482/8482 8479/8479 8484/8484
f 8485/8485 8479/8479 8480/8480
f 8480/8480 8486/8486 8485/8485
f 8487/8487 8485/8485 8486/8486
f 8488/8488 8484/8484 8479/8479
f 8479/8479 8485/8485 8488/8488
f 8484/8484 8488/8488 8489/8489
f 8485/8485 8487/8487 8490/8490
f 8490/8490 8488/8488 8485/8485
f 8491/8491 8490/8490 8487/8487
f 8492/8492 8489/8489 8488/8488
f 8488/8488 8490/8490 8492/8492
f 8489/8489 8492/8492 8493/8493
f 8490/8490 8491/8491 8494/8494
f 8494/8494 8492/8492 8490/8490
f 8495/8495 8494/8494 8491/8491
f 8496/8496 8493/8493 8492/8492
f 8492/8492 8494/8494 8496/8496
f 8493/8493 8496/8496 8497/8497
f 8494/8494 8495/8495 8498/8498
f 8498/8498 8496/8496 8494/8494
f 8499/8499 8498/8498 8495/8495
f 8500/8500 8497/8497 8496/8496
f 8496/8496 8498/8498 8500/8500
f 8497/8497 8500/8500 8501/8501
f 8498/8498 8499/8499 8502/8502
f 8502/8502 8500/8500 8498/8498
f 8503/8503 8502/8502 8499/8499
f 8504/8504 8501/8501 8500/8500
f 8500/8500 8502/8502 8504/8504
f 8501/8501 8504/8504 8505/8505
f 8502/8502 8503/8503 8506/8506
f 8506/8506 8504/8504 8502/8502
f 8507/8507 8506/8506 8503/8503
f 8508/8508 8505/8505 8504/8504
f 8504/8504 8506/8506 8508/8508
f 8505/8505 8508/8508 8509/8509
f 8506/8506 8507/8507 8510/8510
f 8510/8510 8508/8508 8506/8506
f 8511/8511 8510/8510 8507/8507
f 8512/8512 8509/8509 8508/8508
f 8508/8508 8510/8510 8512/8512
f 8509/8509 8512/8512 8513/8513
f 8510/8510 8511/8511 8514/8514
f 8514/8514 8512/8512 8510/8510
f 8515/8515 8514/8514 8511/8511
f 8516/8516 8513/8513 8512/8512
f 8512/8512 8514/8514 8516/8516
f 8513/8513 8516/8516 8517/8517
f 8514/8514 8515/8515 8518/8518
f 8518/8518 8516/8516 8514/8514
f 8519/8519 8518/8518 8515/8515
f 8520/8520 8517/8517 8516/8516
f 8516/8516 8518/8518 8520/8520
f 8517/8517 8520/8520 8521/8521
f 8518/8518 8519/8519 8522/8522
f 8522/8522 8520/8520 8518/8518
f 8523/8523 8522/8522 8519/8519
f 8524/8524 8521/8521 8520/8520
f 8520/8520 8522/8522 8524/8524
f 8521/8521 8524/8524 8525/8525
f 8522/8522 8523/8523 8526/8526
f 8526/8526 8524/8524 8522/8522
f 8527/8527 8526/8526 8523/8523
f 8528/8528 8525/8525 8524/8524
f 8524/8524 8526/8526 8528/8528
f 8525/8525 8528/8528 8529/8529
f 8526/8526 8527/8527 8530/8530
f 8530/8530 8528/8528 8526/8526
f 8531/8531 8530/8530 8527/8527
f 8532/8532 8529/8529 8528/8528
f 8528/8528 8530/8530 8532/8532
f 8529/8529 8532/8532 8533/8533
f 8530/8530 8531/8531 8534/8534
f 8534/8534 8532/8532 8530/8530
f 8535/8535 8534/8534 8531/8531
f 8536/8536 8533/8533 8532/8532
f 8532/8532 8534/8534 8536/8536
f 8533/8533 8536/8536 8537/8537
f 8534/8534 8535/8535 8538/8538
f 8538/8538 8536/8536 8534/8534
f 8539/8539 8538/8538 8535/8535
f 8540/8540 8537/8537 8536/8536
f 8536/8536 8538/8538 8540/8540
f 8537/8537 8540/8540 8541/8541
f 8538/8538 8539/8539 8542/8542
f 8542/8542 8540/8540 8538/8538
f 8543/8543 8542/8542 8539/8539
f 8544/8544 8541/8541 8540/8540
f 8540/8540 8542/8542 8544/8544
f 8541/8541 8544/8544 8545/8545
f 8542/8542 8543/8543 8546/8546
f 8546/8546 8544/8544 8542/8542
f 8547/8547 8546/8546 8543/8543
f 8548/8548 8545/8545 8544/8544
f 8544/8544 8546/8546 8548/8548
f 8545/8545 8548/8548 8549/8549
f 8546/8546 8547/8547 8550/8550
f 8550/8550 8548/8548 8546/8546
f 8551/8551 8550/8550 8547/8547
f 8552/8552 8549/8549 8548/8548
f 8548/8548 8550/8550 8552/8552
f 8549/8549 8552/8552 8553/8553
f 8550/8550 8551/8551 8554/8554
f 8554/8554 8552/8552 8550/8550
f 8555/8555 8554/8554 8551/8551
f 8556/8556 8553/8553 8552/8552
f 8552/8552 8554/8554 8556/8556
f 8553/8553 8556/8556 8557/8557
f 8554/8554 8555/8555 8558/8558
f 8558/8558 8556/8556 8554/8554
f 8559/8559 8558/8558 8555/8555
f 8560/8560 8557/8557 8556/8556
f 8556/8556 8558/8558 8560/8560
f 8557/8557 8560/8560 8561/8561
f 8558/8558 8559/8559 8562/8562
f 8562/8562 8560/8560 8558/8558
f 8563/8563 8562/8562 8559/8559
f 8564/8564 8561/8561 8560/8560
f 8560/8560 8562/8562 8564/8564
f 8561/8561 8564/8564 8565/8565
f 8562/8562 8563/8563 8566/8566
f 8566/8566 8564/8564 8562/8562
f 8567/8567 8566/8566 8563/8563
f 8568/8568 8565/8565 8564/8564
f 8564/8564 8566/8566 8568/8568
f 8565/8565 8568/8568 8569/8569
f 8566/8566 8567/8567 8570/8570
f 8570/8570 8568/8568 8566/8566
f 8571/8571 8570/8570 8567/8567
f 8572/8572 8569/8569 8568/8568
f 8568/8568 8570/8570 8572/8572
f 8569/8569 8572/8572 8573/8573
f 8570/8570 8571/8571 8574/8574
f 8574/8574 8572/8572 8570/8570
f 8575/8575 8574/8574 8571/8571
f 8576/8576 8573/8573 8572/8572
f 8572/8572 8574/8574 8576/8576
f 8573/8573 8576/8576 8577/8577
f 8574/8574 8575/8575 8578/8578
f 8578/8578 8576/8576 8574/8574
f 8579/8579 8578/8578 8575/8575
f 8580/8580 8577/8577 8576/8576
f 8576/8576 8578/8578 8580/8580
f 8577/8577 8580/8580 8581/8581
f 8578/8578 8579/8579 8582/8582
f 8582/8582 8580/8580 8578/8578
f 8583/8583 8582/8582 8579/8579
f 8584/8584 8581/8581 8580/8580
f 8580/8580 8582/8582 8584/8584
f 8581/8581 8584/8584 8585/8585
f 8582/8582 8583/8583 8586/8586
f 8586/8586 8584/8584 8582/8582
f 8587/8587 8586/8586 8583/8583
f 8588/8588 8585/8585 8584/8584
f 8584/8584 8586/8586 8588/8588
f 8585/8585 8588/8588 8589/8589
f 8586/8586 8587/8587 8590/8590
f 8590/8590 8588/8588 8586/8586
f 8591/8591 8590/8590 8587/8587
f 8592/8592 8589/8589 8588/8588
f 8588/8588 8590/8590 8592/8592
f 8589/8589 8592/8592 8593/8593
f 8590/8590 8591/8591 8594/8594
f 8594/8594 8592/8592 8590/8590
f 8595/8595 8594/8594 8591/8591
f 8596/8596 8593/8593 8592/8592
f 8592/8592 8594/8594 8596/8596
f 8593/8593 8596/8596 8597/8597
f 8594/8594 8595/8595 8598/8598
f 8598/8598 8596/8596 8594/8594
f 8599/8599 8598/8598 8595/8595
f 8600/8600 8597/8597 8596/8596
f 8596/8596 8598/8598 8600/8600
f 8597/8597 8600/8600 8601/8601
f 8598/8598 8599/8599 8602/8602
f 8602/8602 8600/8600 8598/8598
f 8603/8603 8602/8602 8599/8599
f 8604/8604 8601/8601 8600/8600
f 8600/8600 8602/8602 8604/8604
f 8601/8601 8604/8604 8605/8605
f 8606/8606 8605/8605 8604/8604
f 8607/8607 8604/8604 8602/8602
f 8602/8602 8603/8603 8607/8607
f 8604/8604 8607/8607 8606/8606
f 8608/8608 8607/8607 8603/8603
f 8609/8609 8606/8606 8607/8607
f 8607/8607 8608/8608 8609/8609
f 8610/8610 8609/8609 8608/8608
